Added Component: Designator=C1(CAPC0603)
Add component (AddParameter): Name = "LatestRevisionDate"; Value = "17-Jul-2002"; VariantName = "[No Variations]"
Add component (AddParameter): Name = "LatestRevisionNote"; Value = "Re-released for DXP Platform."; VariantName = "[No Variations]"
Add component (AddParameter): Name = "PackageReference"; Value = "C0805"; VariantName = "[No Variations]"
Add component (AddParameter): Name = "Published"; Value = "8-Jun-2000"; VariantName = "[No Variations]"
Add component (AddParameter): Name = "Publisher"; Value = "Altium Limited"; VariantName = "[No Variations]"
Add component (AddParameter): Name = "Value"; Value = "20pF"; VariantName = "[No Variations]"
Added Component: Designator=C2(CAPC0603)
Add component (AddParameter): Name = "LatestRevisionDate"; Value = "17-Jul-2002"; VariantName = "[No Variations]"
Add component (AddParameter): Name = "LatestRevisionNote"; Value = "Re-released for DXP Platform."; VariantName = "[No Variations]"
Add component (AddParameter): Name = "PackageReference"; Value = "C0805"; VariantName = "[No Variations]"
Add component (AddParameter): Name = "Published"; Value = "8-Jun-2000"; VariantName = "[No Variations]"
Add component (AddParameter): Name = "Publisher"; Value = "Altium Limited"; VariantName = "[No Variations]"
Add component (AddParameter): Name = "Value"; Value = "100nF"; VariantName = "[No Variations]"
Added Component: Designator=C3(CAPC0603)
Add component (AddParameter): Name = "LatestRevisionDate"; Value = "17-Jul-2002"; VariantName = "[No Variations]"
Add component (AddParameter): Name = "LatestRevisionNote"; Value = "Re-released for DXP Platform."; VariantName = "[No Variations]"
Add component (AddParameter): Name = "PackageReference"; Value = "C0805"; VariantName = "[No Variations]"
Add component (AddParameter): Name = "Published"; Value = "8-Jun-2000"; VariantName = "[No Variations]"
Add component (AddParameter): Name = "Publisher"; Value = "Altium Limited"; VariantName = "[No Variations]"
Add component (AddParameter): Name = "Value"; Value = "20pF"; VariantName = "[No Variations]"
Added Component: Designator=C4(CAPC0603)
Add component (AddParameter): Name = "LatestRevisionDate"; Value = "17-Jul-2002"; VariantName = "[No Variations]"
Add component (AddParameter): Name = "LatestRevisionNote"; Value = "Re-released for DXP Platform."; VariantName = "[No Variations]"
Add component (AddParameter): Name = "PackageReference"; Value = "C0805"; VariantName = "[No Variations]"
Add component (AddParameter): Name = "Published"; Value = "8-Jun-2000"; VariantName = "[No Variations]"
Add component (AddParameter): Name = "Publisher"; Value = "Altium Limited"; VariantName = "[No Variations]"
Add component (AddParameter): Name = "Value"; Value = "100nF"; VariantName = "[No Variations]"
Added Component: Designator=C5(CAPC0603)
Add component (AddParameter): Name = "LatestRevisionDate"; Value = "17-Jul-2002"; VariantName = "[No Variations]"
Add component (AddParameter): Name = "LatestRevisionNote"; Value = "Re-released for DXP Platform."; VariantName = "[No Variations]"
Add component (AddParameter): Name = "PackageReference"; Value = "C0805"; VariantName = "[No Variations]"
Add component (AddParameter): Name = "Published"; Value = "8-Jun-2000"; VariantName = "[No Variations]"
Add component (AddParameter): Name = "Publisher"; Value = "Altium Limited"; VariantName = "[No Variations]"
Add component (AddParameter): Name = "Value"; Value = "100nF"; VariantName = "[No Variations]"
Added Component: Designator=C6(CAPC0603)
Add component (AddParameter): Name = "LatestRevisionDate"; Value = "17-Jul-2002"; VariantName = "[No Variations]"
Add component (AddParameter): Name = "LatestRevisionNote"; Value = "Re-released for DXP Platform."; VariantName = "[No Variations]"
Add component (AddParameter): Name = "PackageReference"; Value = "C0805"; VariantName = "[No Variations]"
Add component (AddParameter): Name = "Published"; Value = "8-Jun-2000"; VariantName = "[No Variations]"
Add component (AddParameter): Name = "Publisher"; Value = "Altium Limited"; VariantName = "[No Variations]"
Add component (AddParameter): Name = "Value"; Value = "100nF"; VariantName = "[No Variations]"
Added Component: Designator=C7(CAPC0603)
Add component (AddParameter): Name = "LatestRevisionDate"; Value = "17-Jul-2002"; VariantName = "[No Variations]"
Add component (AddParameter): Name = "LatestRevisionNote"; Value = "Re-released for DXP Platform."; VariantName = "[No Variations]"
Add component (AddParameter): Name = "PackageReference"; Value = "C0805"; VariantName = "[No Variations]"
Add component (AddParameter): Name = "Published"; Value = "8-Jun-2000"; VariantName = "[No Variations]"
Add component (AddParameter): Name = "Publisher"; Value = "Altium Limited"; VariantName = "[No Variations]"
Add component (AddParameter): Name = "Value"; Value = "100nF"; VariantName = "[No Variations]"
Added Component: Designator=C8(cap1206)
Add component (AddParameter): Name = "LatestRevisionDate"; Value = "17-Jul-2002"; VariantName = "[No Variations]"
Add component (AddParameter): Name = "LatestRevisionNote"; Value = "Re-released for DXP Platform."; VariantName = "[No Variations]"
Add component (AddParameter): Name = "PackageReference"; Value = "C0805"; VariantName = "[No Variations]"
Add component (AddParameter): Name = "Published"; Value = "8-Jun-2000"; VariantName = "[No Variations]"
Add component (AddParameter): Name = "Publisher"; Value = "Altium Limited"; VariantName = "[No Variations]"
Added Component: Designator=C9(cap1206)
Add component (AddParameter): Name = "LatestRevisionDate"; Value = "17-Jul-2002"; VariantName = "[No Variations]"
Add component (AddParameter): Name = "LatestRevisionNote"; Value = "Re-released for DXP Platform."; VariantName = "[No Variations]"
Add component (AddParameter): Name = "PackageReference"; Value = "C0805"; VariantName = "[No Variations]"
Add component (AddParameter): Name = "Published"; Value = "8-Jun-2000"; VariantName = "[No Variations]"
Add component (AddParameter): Name = "Publisher"; Value = "Altium Limited"; VariantName = "[No Variations]"
Added Component: Designator=C10(CAPC0603)
Add component (AddParameter): Name = "LatestRevisionDate"; Value = "17-Jul-2002"; VariantName = "[No Variations]"
Add component (AddParameter): Name = "LatestRevisionNote"; Value = "Re-released for DXP Platform."; VariantName = "[No Variations]"
Add component (AddParameter): Name = "PackageReference"; Value = "C0805"; VariantName = "[No Variations]"
Add component (AddParameter): Name = "Published"; Value = "8-Jun-2000"; VariantName = "[No Variations]"
Add component (AddParameter): Name = "Publisher"; Value = "Altium Limited"; VariantName = "[No Variations]"
Add component (AddParameter): Name = "Value"; Value = "100nF"; VariantName = "[No Variations]"
Added Component: Designator=C11(cap1206)
Add component (AddParameter): Name = "LatestRevisionDate"; Value = "17-Jul-2002"; VariantName = "[No Variations]"
Add component (AddParameter): Name = "LatestRevisionNote"; Value = "Re-released for DXP Platform."; VariantName = "[No Variations]"
Add component (AddParameter): Name = "PackageReference"; Value = "C0805"; VariantName = "[No Variations]"
Add component (AddParameter): Name = "Published"; Value = "8-Jun-2000"; VariantName = "[No Variations]"
Add component (AddParameter): Name = "Publisher"; Value = "Altium Limited"; VariantName = "[No Variations]"
Add component (AddParameter): Name = "Value"; Value = "2.2uF"; VariantName = "[No Variations]"
Added Component: Designator=C12(CAPC0603)
Add component (AddParameter): Name = "LatestRevisionDate"; Value = "17-Jul-2002"; VariantName = "[No Variations]"
Add component (AddParameter): Name = "LatestRevisionNote"; Value = "Re-released for DXP Platform."; VariantName = "[No Variations]"
Add component (AddParameter): Name = "PackageReference"; Value = "C0805"; VariantName = "[No Variations]"
Add component (AddParameter): Name = "Published"; Value = "8-Jun-2000"; VariantName = "[No Variations]"
Add component (AddParameter): Name = "Publisher"; Value = "Altium Limited"; VariantName = "[No Variations]"
Add component (AddParameter): Name = "Value"; Value = "100nF"; VariantName = "[No Variations]"
Added Component: Designator=C13(CAPC0603)
Add component (AddParameter): Name = "LatestRevisionDate"; Value = "17-Jul-2002"; VariantName = "[No Variations]"
Add component (AddParameter): Name = "LatestRevisionNote"; Value = "Re-released for DXP Platform."; VariantName = "[No Variations]"
Add component (AddParameter): Name = "PackageReference"; Value = "C0805"; VariantName = "[No Variations]"
Add component (AddParameter): Name = "Published"; Value = "8-Jun-2000"; VariantName = "[No Variations]"
Add component (AddParameter): Name = "Publisher"; Value = "Altium Limited"; VariantName = "[No Variations]"
Add component (AddParameter): Name = "Value"; Value = "100nF"; VariantName = "[No Variations]"
Added Component: Designator=C14(CAPC0603)
Add component (AddParameter): Name = "LatestRevisionDate"; Value = "17-Jul-2002"; VariantName = "[No Variations]"
Add component (AddParameter): Name = "LatestRevisionNote"; Value = "Re-released for DXP Platform."; VariantName = "[No Variations]"
Add component (AddParameter): Name = "PackageReference"; Value = "C0805"; VariantName = "[No Variations]"
Add component (AddParameter): Name = "Published"; Value = "8-Jun-2000"; VariantName = "[No Variations]"
Add component (AddParameter): Name = "Publisher"; Value = "Altium Limited"; VariantName = "[No Variations]"
Add component (AddParameter): Name = "Value"; Value = "22pF"; VariantName = "[No Variations]"
Added Component: Designator=C15(cap1206)
Add component (AddParameter): Name = "LatestRevisionDate"; Value = "17-Jul-2002"; VariantName = "[No Variations]"
Add component (AddParameter): Name = "LatestRevisionNote"; Value = "Re-released for DXP Platform."; VariantName = "[No Variations]"
Add component (AddParameter): Name = "PackageReference"; Value = "C0805"; VariantName = "[No Variations]"
Add component (AddParameter): Name = "Published"; Value = "8-Jun-2000"; VariantName = "[No Variations]"
Add component (AddParameter): Name = "Publisher"; Value = "Altium Limited"; VariantName = "[No Variations]"
Add component (AddParameter): Name = "Value"; Value = "2.2uF"; VariantName = "[No Variations]"
Added Component: Designator=C16(CAPC0603)
Add component (AddParameter): Name = "LatestRevisionDate"; Value = "17-Jul-2002"; VariantName = "[No Variations]"
Add component (AddParameter): Name = "LatestRevisionNote"; Value = "Re-released for DXP Platform."; VariantName = "[No Variations]"
Add component (AddParameter): Name = "PackageReference"; Value = "C0805"; VariantName = "[No Variations]"
Add component (AddParameter): Name = "Published"; Value = "8-Jun-2000"; VariantName = "[No Variations]"
Add component (AddParameter): Name = "Publisher"; Value = "Altium Limited"; VariantName = "[No Variations]"
Add component (AddParameter): Name = "Value"; Value = "100nF"; VariantName = "[No Variations]"
Added Component: Designator=C17(CAPC0603)
Add component (AddParameter): Name = "LatestRevisionDate"; Value = "17-Jul-2002"; VariantName = "[No Variations]"
Add component (AddParameter): Name = "LatestRevisionNote"; Value = "Re-released for DXP Platform."; VariantName = "[No Variations]"
Add component (AddParameter): Name = "PackageReference"; Value = "C0805"; VariantName = "[No Variations]"
Add component (AddParameter): Name = "Published"; Value = "8-Jun-2000"; VariantName = "[No Variations]"
Add component (AddParameter): Name = "Publisher"; Value = "Altium Limited"; VariantName = "[No Variations]"
Add component (AddParameter): Name = "Value"; Value = "100nF"; VariantName = "[No Variations]"
Added Component: Designator=C18(CAPC0603)
Add component (AddParameter): Name = "LatestRevisionDate"; Value = "17-Jul-2002"; VariantName = "[No Variations]"
Add component (AddParameter): Name = "LatestRevisionNote"; Value = "Re-released for DXP Platform."; VariantName = "[No Variations]"
Add component (AddParameter): Name = "PackageReference"; Value = "C0805"; VariantName = "[No Variations]"
Add component (AddParameter): Name = "Published"; Value = "8-Jun-2000"; VariantName = "[No Variations]"
Add component (AddParameter): Name = "Publisher"; Value = "Altium Limited"; VariantName = "[No Variations]"
Add component (AddParameter): Name = "Value"; Value = "22nF"; VariantName = "[No Variations]"
Added Component: Designator=C19(CAPC0603)
Add component (AddParameter): Name = "LatestRevisionDate"; Value = "17-Jul-2002"; VariantName = "[No Variations]"
Add component (AddParameter): Name = "LatestRevisionNote"; Value = "Re-released for DXP Platform."; VariantName = "[No Variations]"
Add component (AddParameter): Name = "PackageReference"; Value = "C0805"; VariantName = "[No Variations]"
Add component (AddParameter): Name = "Published"; Value = "8-Jun-2000"; VariantName = "[No Variations]"
Add component (AddParameter): Name = "Publisher"; Value = "Altium Limited"; VariantName = "[No Variations]"
Add component (AddParameter): Name = "Value"; Value = "100nF"; VariantName = "[No Variations]"
Added Component: Designator=C20(cap1206)
Add component (AddParameter): Name = "LatestRevisionDate"; Value = "17-Jul-2002"; VariantName = "[No Variations]"
Add component (AddParameter): Name = "LatestRevisionNote"; Value = "Re-released for DXP Platform."; VariantName = "[No Variations]"
Add component (AddParameter): Name = "PackageReference"; Value = "C0805"; VariantName = "[No Variations]"
Add component (AddParameter): Name = "Published"; Value = "8-Jun-2000"; VariantName = "[No Variations]"
Add component (AddParameter): Name = "Publisher"; Value = "Altium Limited"; VariantName = "[No Variations]"
Add component (AddParameter): Name = "Value"; Value = "470nF"; VariantName = "[No Variations]"
Added Component: Designator=C21(CAPC0603)
Add component (AddParameter): Name = "LatestRevisionDate"; Value = "17-Jul-2002"; VariantName = "[No Variations]"
Add component (AddParameter): Name = "LatestRevisionNote"; Value = "Re-released for DXP Platform."; VariantName = "[No Variations]"
Add component (AddParameter): Name = "PackageReference"; Value = "C0805"; VariantName = "[No Variations]"
Add component (AddParameter): Name = "Published"; Value = "8-Jun-2000"; VariantName = "[No Variations]"
Add component (AddParameter): Name = "Publisher"; Value = "Altium Limited"; VariantName = "[No Variations]"
Add component (AddParameter): Name = "Value"; Value = "100nF"; VariantName = "[No Variations]"
Added Component: Designator=C22(CAPC0603)
Add component (AddParameter): Name = "LatestRevisionDate"; Value = "17-Jul-2002"; VariantName = "[No Variations]"
Add component (AddParameter): Name = "LatestRevisionNote"; Value = "Re-released for DXP Platform."; VariantName = "[No Variations]"
Add component (AddParameter): Name = "PackageReference"; Value = "C0805"; VariantName = "[No Variations]"
Add component (AddParameter): Name = "Published"; Value = "8-Jun-2000"; VariantName = "[No Variations]"
Add component (AddParameter): Name = "Publisher"; Value = "Altium Limited"; VariantName = "[No Variations]"
Add component (AddParameter): Name = "Value"; Value = "100nF"; VariantName = "[No Variations]"
Added Component: Designator=C23(cap1206)
Add component (AddParameter): Name = "LatestRevisionDate"; Value = "17-Jul-2002"; VariantName = "[No Variations]"
Add component (AddParameter): Name = "LatestRevisionNote"; Value = "Re-released for DXP Platform."; VariantName = "[No Variations]"
Add component (AddParameter): Name = "PackageReference"; Value = "C0805"; VariantName = "[No Variations]"
Add component (AddParameter): Name = "Published"; Value = "8-Jun-2000"; VariantName = "[No Variations]"
Add component (AddParameter): Name = "Publisher"; Value = "Altium Limited"; VariantName = "[No Variations]"
Add component (AddParameter): Name = "Value"; Value = "2.2uF"; VariantName = "[No Variations]"
Added Component: Designator=C24(CAPC0603)
Add component (AddParameter): Name = "LatestRevisionDate"; Value = "17-Jul-2002"; VariantName = "[No Variations]"
Add component (AddParameter): Name = "LatestRevisionNote"; Value = "Re-released for DXP Platform."; VariantName = "[No Variations]"
Add component (AddParameter): Name = "PackageReference"; Value = "C0805"; VariantName = "[No Variations]"
Add component (AddParameter): Name = "Published"; Value = "8-Jun-2000"; VariantName = "[No Variations]"
Add component (AddParameter): Name = "Publisher"; Value = "Altium Limited"; VariantName = "[No Variations]"
Add component (AddParameter): Name = "Value"; Value = "100nF"; VariantName = "[No Variations]"
Added Component: Designator=C25_balancer1(CAPC0603)
Add component (AddParameter): Name = "LatestRevisionDate"; Value = "17-Jul-2002"; VariantName = "[No Variations]"
Add component (AddParameter): Name = "LatestRevisionNote"; Value = "Re-released for DXP Platform."; VariantName = "[No Variations]"
Add component (AddParameter): Name = "PackageReference"; Value = "C0805"; VariantName = "[No Variations]"
Add component (AddParameter): Name = "Published"; Value = "8-Jun-2000"; VariantName = "[No Variations]"
Add component (AddParameter): Name = "Publisher"; Value = "Altium Limited"; VariantName = "[No Variations]"
Add component (AddParameter): Name = "Value"; Value = "0.22µF"; VariantName = "[No Variations]"
Added Component: Designator=C25_balancer2(CAPC0603)
Add component (AddParameter): Name = "LatestRevisionDate"; Value = "17-Jul-2002"; VariantName = "[No Variations]"
Add component (AddParameter): Name = "LatestRevisionNote"; Value = "Re-released for DXP Platform."; VariantName = "[No Variations]"
Add component (AddParameter): Name = "PackageReference"; Value = "C0805"; VariantName = "[No Variations]"
Add component (AddParameter): Name = "Published"; Value = "8-Jun-2000"; VariantName = "[No Variations]"
Add component (AddParameter): Name = "Publisher"; Value = "Altium Limited"; VariantName = "[No Variations]"
Add component (AddParameter): Name = "Value"; Value = "0.22µF"; VariantName = "[No Variations]"
Added Component: Designator=C25_balancer3(CAPC0603)
Add component (AddParameter): Name = "LatestRevisionDate"; Value = "17-Jul-2002"; VariantName = "[No Variations]"
Add component (AddParameter): Name = "LatestRevisionNote"; Value = "Re-released for DXP Platform."; VariantName = "[No Variations]"
Add component (AddParameter): Name = "PackageReference"; Value = "C0805"; VariantName = "[No Variations]"
Add component (AddParameter): Name = "Published"; Value = "8-Jun-2000"; VariantName = "[No Variations]"
Add component (AddParameter): Name = "Publisher"; Value = "Altium Limited"; VariantName = "[No Variations]"
Add component (AddParameter): Name = "Value"; Value = "0.22µF"; VariantName = "[No Variations]"
Added Component: Designator=C25_balancer4(CAPC0603)
Add component (AddParameter): Name = "LatestRevisionDate"; Value = "17-Jul-2002"; VariantName = "[No Variations]"
Add component (AddParameter): Name = "LatestRevisionNote"; Value = "Re-released for DXP Platform."; VariantName = "[No Variations]"
Add component (AddParameter): Name = "PackageReference"; Value = "C0805"; VariantName = "[No Variations]"
Add component (AddParameter): Name = "Published"; Value = "8-Jun-2000"; VariantName = "[No Variations]"
Add component (AddParameter): Name = "Publisher"; Value = "Altium Limited"; VariantName = "[No Variations]"
Add component (AddParameter): Name = "Value"; Value = "0.22µF"; VariantName = "[No Variations]"
Added Component: Designator=C25_balancer5(CAPC0603)
Add component (AddParameter): Name = "LatestRevisionDate"; Value = "17-Jul-2002"; VariantName = "[No Variations]"
Add component (AddParameter): Name = "LatestRevisionNote"; Value = "Re-released for DXP Platform."; VariantName = "[No Variations]"
Add component (AddParameter): Name = "PackageReference"; Value = "C0805"; VariantName = "[No Variations]"
Add component (AddParameter): Name = "Published"; Value = "8-Jun-2000"; VariantName = "[No Variations]"
Add component (AddParameter): Name = "Publisher"; Value = "Altium Limited"; VariantName = "[No Variations]"
Add component (AddParameter): Name = "Value"; Value = "0.22µF"; VariantName = "[No Variations]"
Added Component: Designator=C25_balancer6(CAPC0603)
Add component (AddParameter): Name = "LatestRevisionDate"; Value = "17-Jul-2002"; VariantName = "[No Variations]"
Add component (AddParameter): Name = "LatestRevisionNote"; Value = "Re-released for DXP Platform."; VariantName = "[No Variations]"
Add component (AddParameter): Name = "PackageReference"; Value = "C0805"; VariantName = "[No Variations]"
Add component (AddParameter): Name = "Published"; Value = "8-Jun-2000"; VariantName = "[No Variations]"
Add component (AddParameter): Name = "Publisher"; Value = "Altium Limited"; VariantName = "[No Variations]"
Add component (AddParameter): Name = "Value"; Value = "0.22µF"; VariantName = "[No Variations]"
Added Component: Designator=C25_balancer7(CAPC0603)
Add component (AddParameter): Name = "LatestRevisionDate"; Value = "17-Jul-2002"; VariantName = "[No Variations]"
Add component (AddParameter): Name = "LatestRevisionNote"; Value = "Re-released for DXP Platform."; VariantName = "[No Variations]"
Add component (AddParameter): Name = "PackageReference"; Value = "C0805"; VariantName = "[No Variations]"
Add component (AddParameter): Name = "Published"; Value = "8-Jun-2000"; VariantName = "[No Variations]"
Add component (AddParameter): Name = "Publisher"; Value = "Altium Limited"; VariantName = "[No Variations]"
Add component (AddParameter): Name = "Value"; Value = "0.22µF"; VariantName = "[No Variations]"
Added Component: Designator=C25_balancer8(CAPC0603)
Add component (AddParameter): Name = "LatestRevisionDate"; Value = "17-Jul-2002"; VariantName = "[No Variations]"
Add component (AddParameter): Name = "LatestRevisionNote"; Value = "Re-released for DXP Platform."; VariantName = "[No Variations]"
Add component (AddParameter): Name = "PackageReference"; Value = "C0805"; VariantName = "[No Variations]"
Add component (AddParameter): Name = "Published"; Value = "8-Jun-2000"; VariantName = "[No Variations]"
Add component (AddParameter): Name = "Publisher"; Value = "Altium Limited"; VariantName = "[No Variations]"
Add component (AddParameter): Name = "Value"; Value = "0.22µF"; VariantName = "[No Variations]"
Added Component: Designator=C25_balancer9(CAPC0603)
Add component (AddParameter): Name = "LatestRevisionDate"; Value = "17-Jul-2002"; VariantName = "[No Variations]"
Add component (AddParameter): Name = "LatestRevisionNote"; Value = "Re-released for DXP Platform."; VariantName = "[No Variations]"
Add component (AddParameter): Name = "PackageReference"; Value = "C0805"; VariantName = "[No Variations]"
Add component (AddParameter): Name = "Published"; Value = "8-Jun-2000"; VariantName = "[No Variations]"
Add component (AddParameter): Name = "Publisher"; Value = "Altium Limited"; VariantName = "[No Variations]"
Add component (AddParameter): Name = "Value"; Value = "0.22µF"; VariantName = "[No Variations]"
Added Component: Designator=C25_balancer10(CAPC0603)
Add component (AddParameter): Name = "LatestRevisionDate"; Value = "17-Jul-2002"; VariantName = "[No Variations]"
Add component (AddParameter): Name = "LatestRevisionNote"; Value = "Re-released for DXP Platform."; VariantName = "[No Variations]"
Add component (AddParameter): Name = "PackageReference"; Value = "C0805"; VariantName = "[No Variations]"
Add component (AddParameter): Name = "Published"; Value = "8-Jun-2000"; VariantName = "[No Variations]"
Add component (AddParameter): Name = "Publisher"; Value = "Altium Limited"; VariantName = "[No Variations]"
Add component (AddParameter): Name = "Value"; Value = "0.22µF"; VariantName = "[No Variations]"
Added Component: Designator=C25_balancer11(CAPC0603)
Add component (AddParameter): Name = "LatestRevisionDate"; Value = "17-Jul-2002"; VariantName = "[No Variations]"
Add component (AddParameter): Name = "LatestRevisionNote"; Value = "Re-released for DXP Platform."; VariantName = "[No Variations]"
Add component (AddParameter): Name = "PackageReference"; Value = "C0805"; VariantName = "[No Variations]"
Add component (AddParameter): Name = "Published"; Value = "8-Jun-2000"; VariantName = "[No Variations]"
Add component (AddParameter): Name = "Publisher"; Value = "Altium Limited"; VariantName = "[No Variations]"
Add component (AddParameter): Name = "Value"; Value = "0.22µF"; VariantName = "[No Variations]"
Added Component: Designator=C25_balancer12(CAPC0603)
Add component (AddParameter): Name = "LatestRevisionDate"; Value = "17-Jul-2002"; VariantName = "[No Variations]"
Add component (AddParameter): Name = "LatestRevisionNote"; Value = "Re-released for DXP Platform."; VariantName = "[No Variations]"
Add component (AddParameter): Name = "PackageReference"; Value = "C0805"; VariantName = "[No Variations]"
Add component (AddParameter): Name = "Published"; Value = "8-Jun-2000"; VariantName = "[No Variations]"
Add component (AddParameter): Name = "Publisher"; Value = "Altium Limited"; VariantName = "[No Variations]"
Add component (AddParameter): Name = "Value"; Value = "0.22µF"; VariantName = "[No Variations]"
Added Component: Designator=C25_balancer13(CAPC0603)
Add component (AddParameter): Name = "LatestRevisionDate"; Value = "17-Jul-2002"; VariantName = "[No Variations]"
Add component (AddParameter): Name = "LatestRevisionNote"; Value = "Re-released for DXP Platform."; VariantName = "[No Variations]"
Add component (AddParameter): Name = "PackageReference"; Value = "C0805"; VariantName = "[No Variations]"
Add component (AddParameter): Name = "Published"; Value = "8-Jun-2000"; VariantName = "[No Variations]"
Add component (AddParameter): Name = "Publisher"; Value = "Altium Limited"; VariantName = "[No Variations]"
Add component (AddParameter): Name = "Value"; Value = "0.22µF"; VariantName = "[No Variations]"
Added Component: Designator=C25_balancer14(CAPC0603)
Add component (AddParameter): Name = "LatestRevisionDate"; Value = "17-Jul-2002"; VariantName = "[No Variations]"
Add component (AddParameter): Name = "LatestRevisionNote"; Value = "Re-released for DXP Platform."; VariantName = "[No Variations]"
Add component (AddParameter): Name = "PackageReference"; Value = "C0805"; VariantName = "[No Variations]"
Add component (AddParameter): Name = "Published"; Value = "8-Jun-2000"; VariantName = "[No Variations]"
Add component (AddParameter): Name = "Publisher"; Value = "Altium Limited"; VariantName = "[No Variations]"
Add component (AddParameter): Name = "Value"; Value = "0.22µF"; VariantName = "[No Variations]"
Added Component: Designator=C25_balancer15(CAPC0603)
Add component (AddParameter): Name = "LatestRevisionDate"; Value = "17-Jul-2002"; VariantName = "[No Variations]"
Add component (AddParameter): Name = "LatestRevisionNote"; Value = "Re-released for DXP Platform."; VariantName = "[No Variations]"
Add component (AddParameter): Name = "PackageReference"; Value = "C0805"; VariantName = "[No Variations]"
Add component (AddParameter): Name = "Published"; Value = "8-Jun-2000"; VariantName = "[No Variations]"
Add component (AddParameter): Name = "Publisher"; Value = "Altium Limited"; VariantName = "[No Variations]"
Add component (AddParameter): Name = "Value"; Value = "0.22µF"; VariantName = "[No Variations]"
Added Component: Designator=C25_balancer16(CAPC0603)
Add component (AddParameter): Name = "LatestRevisionDate"; Value = "17-Jul-2002"; VariantName = "[No Variations]"
Add component (AddParameter): Name = "LatestRevisionNote"; Value = "Re-released for DXP Platform."; VariantName = "[No Variations]"
Add component (AddParameter): Name = "PackageReference"; Value = "C0805"; VariantName = "[No Variations]"
Add component (AddParameter): Name = "Published"; Value = "8-Jun-2000"; VariantName = "[No Variations]"
Add component (AddParameter): Name = "Publisher"; Value = "Altium Limited"; VariantName = "[No Variations]"
Add component (AddParameter): Name = "Value"; Value = "0.22µF"; VariantName = "[No Variations]"
Added Component: Designator=C26(CAPC0603)
Add component (AddParameter): Name = "LatestRevisionDate"; Value = "17-Jul-2002"; VariantName = "[No Variations]"
Add component (AddParameter): Name = "LatestRevisionNote"; Value = "Re-released for DXP Platform."; VariantName = "[No Variations]"
Add component (AddParameter): Name = "PackageReference"; Value = "C0805"; VariantName = "[No Variations]"
Add component (AddParameter): Name = "Published"; Value = "8-Jun-2000"; VariantName = "[No Variations]"
Add component (AddParameter): Name = "Publisher"; Value = "Altium Limited"; VariantName = "[No Variations]"
Add component (AddParameter): Name = "Value"; Value = "100nF"; VariantName = "[No Variations]"
Added Component: Designator=C27(cap1206)
Add component (AddParameter): Name = "LatestRevisionDate"; Value = "17-Jul-2002"; VariantName = "[No Variations]"
Add component (AddParameter): Name = "LatestRevisionNote"; Value = "Re-released for DXP Platform."; VariantName = "[No Variations]"
Add component (AddParameter): Name = "PackageReference"; Value = "C0805"; VariantName = "[No Variations]"
Add component (AddParameter): Name = "Published"; Value = "8-Jun-2000"; VariantName = "[No Variations]"
Add component (AddParameter): Name = "Publisher"; Value = "Altium Limited"; VariantName = "[No Variations]"
Add component (AddParameter): Name = "Value"; Value = "2.2uF"; VariantName = "[No Variations]"
Added Component: Designator=C28(CAP0603)
Add component (AddParameter): Name = "LatestRevisionDate"; Value = "29-May-2009"; VariantName = "[No Variations]"
Add component (AddParameter): Name = "LatestRevisionNote"; Value = "IPC-7351 Footprint Added."; VariantName = "[No Variations]"
Add component (AddParameter): Name = "PackageDescription"; Value = "Chip Capacitor"; VariantName = "[No Variations]"
Add component (AddParameter): Name = "PackageReference"; Value = "C1206"; VariantName = "[No Variations]"
Add component (AddParameter): Name = "Published"; Value = "8-Jun-2000"; VariantName = "[No Variations]"
Add component (AddParameter): Name = "Publisher"; Value = "Altium Limited"; VariantName = "[No Variations]"
Add component (AddParameter): Name = "Value"; Value = "1nF"; VariantName = "[No Variations]"
Added Component: Designator=C29(CAPC0603)
Add component (AddParameter): Name = "LatestRevisionDate"; Value = "17-Jul-2002"; VariantName = "[No Variations]"
Add component (AddParameter): Name = "LatestRevisionNote"; Value = "Re-released for DXP Platform."; VariantName = "[No Variations]"
Add component (AddParameter): Name = "PackageReference"; Value = "C0805"; VariantName = "[No Variations]"
Add component (AddParameter): Name = "Published"; Value = "8-Jun-2000"; VariantName = "[No Variations]"
Add component (AddParameter): Name = "Publisher"; Value = "Altium Limited"; VariantName = "[No Variations]"
Add component (AddParameter): Name = "Value"; Value = "100nF"; VariantName = "[No Variations]"
Added Component: Designator=C30(CAPC0603)
Add component (AddParameter): Name = "LatestRevisionDate"; Value = "17-Jul-2002"; VariantName = "[No Variations]"
Add component (AddParameter): Name = "LatestRevisionNote"; Value = "Re-released for DXP Platform."; VariantName = "[No Variations]"
Add component (AddParameter): Name = "PackageReference"; Value = "C0805"; VariantName = "[No Variations]"
Add component (AddParameter): Name = "Published"; Value = "8-Jun-2000"; VariantName = "[No Variations]"
Add component (AddParameter): Name = "Publisher"; Value = "Altium Limited"; VariantName = "[No Variations]"
Add component (AddParameter): Name = "Value"; Value = "100nF"; VariantName = "[No Variations]"
Added Component: Designator=C31(CAPC0603)
Add component (AddParameter): Name = "LatestRevisionDate"; Value = "17-Jul-2002"; VariantName = "[No Variations]"
Add component (AddParameter): Name = "LatestRevisionNote"; Value = "Re-released for DXP Platform."; VariantName = "[No Variations]"
Add component (AddParameter): Name = "PackageReference"; Value = "C0805"; VariantName = "[No Variations]"
Add component (AddParameter): Name = "Published"; Value = "8-Jun-2000"; VariantName = "[No Variations]"
Add component (AddParameter): Name = "Publisher"; Value = "Altium Limited"; VariantName = "[No Variations]"
Add component (AddParameter): Name = "Value"; Value = "100nF"; VariantName = "[No Variations]"
Added Component: Designator=C32(CAPC0603)
Add component (AddParameter): Name = "LatestRevisionDate"; Value = "17-Jul-2002"; VariantName = "[No Variations]"
Add component (AddParameter): Name = "LatestRevisionNote"; Value = "Re-released for DXP Platform."; VariantName = "[No Variations]"
Add component (AddParameter): Name = "PackageReference"; Value = "C0805"; VariantName = "[No Variations]"
Add component (AddParameter): Name = "Published"; Value = "8-Jun-2000"; VariantName = "[No Variations]"
Add component (AddParameter): Name = "Publisher"; Value = "Altium Limited"; VariantName = "[No Variations]"
Add component (AddParameter): Name = "Value"; Value = "100nF"; VariantName = "[No Variations]"
Added Component: Designator=CNT(HEADER1*2)
Added Component: Designator=D1(SS36)
Added Component: Designator=D2(SS36)
Added Component: Designator=D3(ZENER)
Add component (AddParameter): Name = "AEC Category"; Value = "Q101"; VariantName = "[No Variations]"
Add component (AddParameter): Name = "AEC Qualified"; Value = "?"; VariantName = "[No Variations]"
Add component (AddParameter): Name = "Alternate Manufacturer"; Value = ""; VariantName = "[No Variations]"
Add component (AddParameter): Name = "Alternate PartNumber"; Value = ""; VariantName = "[No Variations]"
Add component (AddParameter): Name = "ComponentLink1Description"; Value = "Datasheet link"; VariantName = "[No Variations]"
Add component (AddParameter): Name = "ComponentLink1URL"; Value = "http://www.onsemi.com/pub_link/Collateral/MMSZ4678T1-D.PDF"; VariantName = "[No Variations]"
Add component (AddParameter): Name = "CompType"; Value = "Zener"; VariantName = "[No Variations]"
Add component (AddParameter): Name = "Green_EU RoHS"; Value = ""; VariantName = "[No Variations]"
Add component (AddParameter): Name = "Green_EU RoHS-2"; Value = ""; VariantName = "[No Variations]"
Add component (AddParameter): Name = "Green_Lifecycle"; Value = ""; VariantName = "[No Variations]"
Add component (AddParameter): Name = "Green_REACh"; Value = ""; VariantName = "[No Variations]"
Add component (AddParameter): Name = "Manufacturer"; Value = "ON Semiconductor"; VariantName = "[No Variations]"
Add component (AddParameter): Name = "MountType"; Value = "SMT"; VariantName = "[No Variations]"
Add component (AddParameter): Name = "PackageReference"; Value = "SOD-123"; VariantName = "[No Variations]"
Add component (AddParameter): Name = "PartNumber"; Value = "MMSZ4697T1G"; VariantName = "[No Variations]"
Add component (AddParameter): Name = "Power_W"; Value = "500mW"; VariantName = "[No Variations]"
Add component (AddParameter): Name = "RJA_CperW"; Value = "340"; VariantName = "[No Variations]"
Add component (AddParameter): Name = "RoHS"; Value = "Y"; VariantName = "[No Variations]"
Add component (AddParameter): Name = "SizeArea_mm2"; Value = "6.545"; VariantName = "[No Variations]"
Add component (AddParameter): Name = "SizeAreaWB_mm2"; Value = "13.095"; VariantName = "[No Variations]"
Add component (AddParameter): Name = "SizeX_mm"; Value = "3.85"; VariantName = "[No Variations]"
Add component (AddParameter): Name = "SizeY_mm"; Value = "1.7"; VariantName = "[No Variations]"
Add component (AddParameter): Name = "SizeZ_mm"; Value = "1.35"; VariantName = "[No Variations]"
Add component (AddParameter): Name = "Value"; Value = "4.7V"; VariantName = "[No Variations]"
Add component (AddParameter): Name = "Value1"; Value = "0.5W"; VariantName = "[No Variations]"
Add component (AddParameter): Name = "Vz_V"; Value = "10V"; VariantName = "[No Variations]"
Added Component: Designator=D4(NPN)
Added Component: Designator=D5(SMA)
Add component (AddParameter): Name = "Code_JEDEC"; Value = "DO-214-AA"; VariantName = "[No Variations]"
Add component (AddParameter): Name = "LatestRevisionDate"; Value = "17-Jul-2002"; VariantName = "[No Variations]"
Add component (AddParameter): Name = "LatestRevisionNote"; Value = "Re-released for DXP Platform."; VariantName = "[No Variations]"
Add component (AddParameter): Name = "PackageReference"; Value = "SMB"; VariantName = "[No Variations]"
Add component (AddParameter): Name = "Published"; Value = "8-Jun-2000"; VariantName = "[No Variations]"
Add component (AddParameter): Name = "Publisher"; Value = "Altium Limited"; VariantName = "[No Variations]"
Added Component: Designator=D6_Fan1(SMA)
Add component (AddParameter): Name = "Code_JEDEC"; Value = "DO-214-AA"; VariantName = "[No Variations]"
Add component (AddParameter): Name = "LatestRevisionDate"; Value = "17-Jul-2002"; VariantName = "[No Variations]"
Add component (AddParameter): Name = "LatestRevisionNote"; Value = "Re-released for DXP Platform."; VariantName = "[No Variations]"
Add component (AddParameter): Name = "PackageReference"; Value = "SMB"; VariantName = "[No Variations]"
Add component (AddParameter): Name = "Published"; Value = "8-Jun-2000"; VariantName = "[No Variations]"
Add component (AddParameter): Name = "Publisher"; Value = "Altium Limited"; VariantName = "[No Variations]"
Added Component: Designator=D6_Fan2(SMA)
Add component (AddParameter): Name = "Code_JEDEC"; Value = "DO-214-AA"; VariantName = "[No Variations]"
Add component (AddParameter): Name = "LatestRevisionDate"; Value = "17-Jul-2002"; VariantName = "[No Variations]"
Add component (AddParameter): Name = "LatestRevisionNote"; Value = "Re-released for DXP Platform."; VariantName = "[No Variations]"
Add component (AddParameter): Name = "PackageReference"; Value = "SMB"; VariantName = "[No Variations]"
Add component (AddParameter): Name = "Published"; Value = "8-Jun-2000"; VariantName = "[No Variations]"
Add component (AddParameter): Name = "Publisher"; Value = "Altium Limited"; VariantName = "[No Variations]"
Added Component: Designator=FN1_Fan1(HEADER1*2)
Added Component: Designator=FN1_Fan2(HEADER1*2)
Added Component: Designator=H?(miniATX 2 × 7)
Added Component: Designator=J1(HDR2X16)
Added Component: Designator=J2(TBG_8)
Add component (AddParameter): Name = "ASSEMBLY"; Value = ""; VariantName = "[No Variations]"
Add component (AddParameter): Name = "DESC"; Value = ""; VariantName = "[No Variations]"
Add component (AddParameter): Name = "DIST#"; Value = ""; VariantName = "[No Variations]"
Add component (AddParameter): Name = "MANF"; Value = ""; VariantName = "[No Variations]"
Add component (AddParameter): Name = "MANF_P#"; Value = ""; VariantName = "[No Variations]"
Add component (AddParameter): Name = "PARAM"; Value = ""; VariantName = "[No Variations]"
Add component (AddParameter): Name = "PARAM2"; Value = ""; VariantName = "[No Variations]"
Add component (AddParameter): Name = "PRICE"; Value = ""; VariantName = "[No Variations]"
Add component (AddParameter): Name = "VALUE"; Value = "CONN_TB8"; VariantName = "[No Variations]"
Added Component: Designator=J3(TBG_8)
Add component (AddParameter): Name = "ASSEMBLY"; Value = ""; VariantName = "[No Variations]"
Add component (AddParameter): Name = "DESC"; Value = ""; VariantName = "[No Variations]"
Add component (AddParameter): Name = "DIST#"; Value = ""; VariantName = "[No Variations]"
Add component (AddParameter): Name = "MANF"; Value = ""; VariantName = "[No Variations]"
Add component (AddParameter): Name = "MANF_P#"; Value = ""; VariantName = "[No Variations]"
Add component (AddParameter): Name = "PARAM"; Value = ""; VariantName = "[No Variations]"
Add component (AddParameter): Name = "PARAM2"; Value = ""; VariantName = "[No Variations]"
Add component (AddParameter): Name = "PRICE"; Value = ""; VariantName = "[No Variations]"
Add component (AddParameter): Name = "VALUE"; Value = "CONN_TB8"; VariantName = "[No Variations]"
Added Component: Designator=J4(terminal block - 2828372)
Add component (AddParameter): Name = "ASSEMBLY"; Value = ""; VariantName = "[No Variations]"
Add component (AddParameter): Name = "DESC"; Value = ""; VariantName = "[No Variations]"
Add component (AddParameter): Name = "DIST#"; Value = ""; VariantName = "[No Variations]"
Add component (AddParameter): Name = "MANF"; Value = ""; VariantName = "[No Variations]"
Add component (AddParameter): Name = "MANF_P#"; Value = ""; VariantName = "[No Variations]"
Add component (AddParameter): Name = "PARAM"; Value = ""; VariantName = "[No Variations]"
Add component (AddParameter): Name = "PARAM2"; Value = ""; VariantName = "[No Variations]"
Add component (AddParameter): Name = "PRICE"; Value = ""; VariantName = "[No Variations]"
Add component (AddParameter): Name = "VALUE"; Value = "CONN_TB8"; VariantName = "[No Variations]"
Added Component: Designator=L1(RES1206)
Add component (AddParameter): Name = "Code_IEC"; Value = "1005"; VariantName = "[No Variations]"
Add component (AddParameter): Name = "Code_JEITA"; Value = "0402"; VariantName = "[No Variations]"
Add component (AddParameter): Name = "LatestRevisionDate"; Value = "17-Jul-2002"; VariantName = "[No Variations]"
Add component (AddParameter): Name = "LatestRevisionNote"; Value = "Re-released for DXP Platform."; VariantName = "[No Variations]"
Add component (AddParameter): Name = "PackageReference"; Value = "0402-A"; VariantName = "[No Variations]"
Add component (AddParameter): Name = "Published"; Value = "8-Jun-2000"; VariantName = "[No Variations]"
Add component (AddParameter): Name = "Publisher"; Value = "Altium Limited"; VariantName = "[No Variations]"
Add component (AddParameter): Name = "Value"; Value = "68uH"; VariantName = "[No Variations]"
Added Component: Designator=L?(FP-ACT1210L-MFG)
Add component (AddParameter): Name = "Automotive"; Value = "Yes"; VariantName = "[No Variations]"
Add component (AddParameter): Name = "Automotive Grade"; Value = "Grade 1"; VariantName = "[No Variations]"
Add component (AddParameter): Name = "Category"; Value = "Ind"; VariantName = "[No Variations]"
Add component (AddParameter): Name = "ComponentLink2Description"; Value = "Datasheet"; VariantName = "[No Variations]"
Add component (AddParameter): Name = "ComponentLink2URL"; Value = "https://product.tdk.com/info/en/catalog/datasheets/cmf_automotive_signal_act1210l-201_en.pdf"; VariantName = "[No Variations]"
Add component (AddParameter): Name = "Composition"; Value = "Wirewound"; VariantName = "[No Variations]"
Add component (AddParameter): Name = "Device Class L1"; Value = "Passive Components"; VariantName = "[No Variations]"
Add component (AddParameter): Name = "Device Class L2"; Value = "EMI / RFI Components"; VariantName = "[No Variations]"
Add component (AddParameter): Name = "Device Class L3"; Value = "Common Mode Chokes"; VariantName = "[No Variations]"
Add component (AddParameter): Name = "Digikey Description"; Value = "CMC 200UH 70MA 2LN SMD"; VariantName = "[No Variations]"
Add component (AddParameter): Name = "Height"; Value = "2.5mm"; VariantName = "[No Variations]"
Add component (AddParameter): Name = "Impedance At Frequency"; Value = "9.5k? @ 10MHz"; VariantName = "[No Variations]"
Add component (AddParameter): Name = "Inductance"; Value = "200uH"; VariantName = "[No Variations]"
Add component (AddParameter): Name = "Lead Free"; Value = "Yes"; VariantName = "[No Variations]"
Add component (AddParameter): Name = "Manufacturer"; Value = "TDK"; VariantName = "[No Variations]"
Add component (AddParameter): Name = "Manufacturer Part Number"; Value = "ACT1210L-201-2P-TL00"; VariantName = "[No Variations]"
Add component (AddParameter): Name = "Mouser Description"; Value = "Ind Common Mode Choke 200uH 9.5KOhm 70mA 5.5Ohm -10% to 30% Wirewound 4-Pin 1210"; VariantName = "[No Variations]"
Add component (AddParameter): Name = "Octopart"; Value = "https://octopart.com/act1210l-201-2p-tl00-tdk-81014617"; VariantName = "[No Variations]"
Add component (AddParameter): Name = "Package"; Value = "ACT1210L"; VariantName = "[No Variations]"
Add component (AddParameter): Name = "Rms Current"; Value = "70mA"; VariantName = "[No Variations]"
Add component (AddParameter): Name = "RoHS"; Value = "TRUE"; VariantName = "[No Variations]"
Add component (AddParameter): Name = "Series Resistance"; Value = "5.5?"; VariantName = "[No Variations]"
Add component (AddParameter): Name = "Temperature"; Value = "-40°C to +125°C"; VariantName = "[No Variations]"
Add component (AddParameter): Name = "Temperature Range High"; Value = "+125°C"; VariantName = "[No Variations]"
Add component (AddParameter): Name = "Temperature Range Low"; Value = "-40°C"; VariantName = "[No Variations]"
Add component (AddParameter): Name = "Test Frequency"; Value = "100kHz"; VariantName = "[No Variations]"
Add component (AddParameter): Name = "Tolerance"; Value = "-10/30%"; VariantName = "[No Variations]"
Add component (AddParameter): Name = "Value"; Value = "200uH"; VariantName = "[No Variations]"
Added Component: Designator=LED1(LED)
Add component (AddParameter): Name = "Adding Date"; Value = "1387/12/22"; VariantName = "[No Variations]"
Add component (AddParameter): Name = "Color"; Value = "Red"; VariantName = "[No Variations]"
Add component (AddParameter): Name = "Designer"; Value = "Saeid Jorablo"; VariantName = "[No Variations]"
Add component (AddParameter): Name = "Organazation"; Value = "ControTec"; VariantName = "[No Variations]"
Add component (AddParameter): Name = "Size"; Value = "SMD 0603"; VariantName = "[No Variations]"
Added Component: Designator=LED2(LED)
Add component (AddParameter): Name = "Adding Date"; Value = "1387/12/22"; VariantName = "[No Variations]"
Add component (AddParameter): Name = "Color"; Value = "Red"; VariantName = "[No Variations]"
Add component (AddParameter): Name = "Designer"; Value = "Saeid Jorablo"; VariantName = "[No Variations]"
Add component (AddParameter): Name = "Organazation"; Value = "ControTec"; VariantName = "[No Variations]"
Add component (AddParameter): Name = "Size"; Value = "SMD 0603"; VariantName = "[No Variations]"
Added Component: Designator=LED3(LED)
Add component (AddParameter): Name = "Adding Date"; Value = "1387/12/22"; VariantName = "[No Variations]"
Add component (AddParameter): Name = "Color"; Value = "Red"; VariantName = "[No Variations]"
Add component (AddParameter): Name = "Designer"; Value = "Saeid Jorablo"; VariantName = "[No Variations]"
Add component (AddParameter): Name = "Organazation"; Value = "ControTec"; VariantName = "[No Variations]"
Add component (AddParameter): Name = "Size"; Value = "SMD 0603"; VariantName = "[No Variations]"
Added Component: Designator=LED4(LED)
Add component (AddParameter): Name = "Adding Date"; Value = "1387/12/22"; VariantName = "[No Variations]"
Add component (AddParameter): Name = "Color"; Value = "Red"; VariantName = "[No Variations]"
Add component (AddParameter): Name = "Designer"; Value = "Saeid Jorablo"; VariantName = "[No Variations]"
Add component (AddParameter): Name = "Organazation"; Value = "ControTec"; VariantName = "[No Variations]"
Add component (AddParameter): Name = "Size"; Value = "SMD 0603"; VariantName = "[No Variations]"
Added Component: Designator=LED5(led)
Add component (AddParameter): Name = "Adding Date"; Value = "1387/12/22"; VariantName = "[No Variations]"
Add component (AddParameter): Name = "Color"; Value = "Red"; VariantName = "[No Variations]"
Add component (AddParameter): Name = "Designer"; Value = "Saeid Jorablo"; VariantName = "[No Variations]"
Add component (AddParameter): Name = "Organazation"; Value = "ControTec"; VariantName = "[No Variations]"
Add component (AddParameter): Name = "Size"; Value = "SMD 0603"; VariantName = "[No Variations]"
Added Component: Designator=LED6(led)
Add component (AddParameter): Name = "Adding Date"; Value = "1387/12/22"; VariantName = "[No Variations]"
Add component (AddParameter): Name = "Color"; Value = "Red"; VariantName = "[No Variations]"
Add component (AddParameter): Name = "Designer"; Value = "Saeid Jorablo"; VariantName = "[No Variations]"
Add component (AddParameter): Name = "Organazation"; Value = "ControTec"; VariantName = "[No Variations]"
Add component (AddParameter): Name = "Size"; Value = "SMD 0603"; VariantName = "[No Variations]"
Added Component: Designator=NT1(Net-Tie_10milWide_30milLong)
Add component (AddParameter): Name = "Alternate Manufacturer"; Value = ""; VariantName = "[No Variations]"
Add component (AddParameter): Name = "Alternate PartNumber"; Value = ""; VariantName = "[No Variations]"
Add component (AddParameter): Name = "ClassName"; Value = ""; VariantName = "[No Variations]"
Add component (AddParameter): Name = "ComponentLink1Description"; Value = ""; VariantName = "[No Variations]"
Add component (AddParameter): Name = "ComponentLink1URL"; Value = ""; VariantName = "[No Variations]"
Add component (AddParameter): Name = "CompType"; Value = "Net-Tie"; VariantName = "[No Variations]"
Add component (AddParameter): Name = "Green_EU RoHS"; Value = ""; VariantName = "[No Variations]"
Add component (AddParameter): Name = "Green_EU RoHS-2"; Value = ""; VariantName = "[No Variations]"
Add component (AddParameter): Name = "Green_Lifecycle"; Value = ""; VariantName = "[No Variations]"
Add component (AddParameter): Name = "Green_REACh"; Value = ""; VariantName = "[No Variations]"
Add component (AddParameter): Name = "Manufacturer"; Value = "N/A"; VariantName = "[No Variations]"
Add component (AddParameter): Name = "MountType"; Value = "SMT"; VariantName = "[No Variations]"
Add component (AddParameter): Name = "Note"; Value = ""; VariantName = "[No Variations]"
Add component (AddParameter): Name = "PackageReference"; Value = "N/A"; VariantName = "[No Variations]"
Add component (AddParameter): Name = "PartNumber"; Value = "N/A"; VariantName = "[No Variations]"
Add component (AddParameter): Name = "RoHS"; Value = ""; VariantName = "[No Variations]"
Add component (AddParameter): Name = "Supplier 1"; Value = ""; VariantName = "[No Variations]"
Add component (AddParameter): Name = "Supplier 2"; Value = ""; VariantName = "[No Variations]"
Add component (AddParameter): Name = "Supplier 3"; Value = ""; VariantName = "[No Variations]"
Add component (AddParameter): Name = "Supplier Part Number 1"; Value = ""; VariantName = "[No Variations]"
Add component (AddParameter): Name = "Supplier Part Number 2"; Value = ""; VariantName = "[No Variations]"
Add component (AddParameter): Name = "Supplier Part Number 3"; Value = ""; VariantName = "[No Variations]"
Add component (AddParameter): Name = "Value"; Value = ""; VariantName = "[No Variations]"
Added Component: Designator=PB1(SWITCH-PB4)
Added Component: Designator=Q1(dpak)
Add component (AddParameter): Name = "Transistor"; Value = "MJE13005"; VariantName = "[No Variations]"
Added Component: Designator=Q2_balancer1(dpak)
Add component (AddParameter): Name = "AEC Category"; Value = "Q101"; VariantName = "[No Variations]"
Add component (AddParameter): Name = "AEC Qualified"; Value = "?"; VariantName = "[No Variations]"
Add component (AddParameter): Name = "Alternate Manufacturer"; Value = ""; VariantName = "[No Variations]"
Add component (AddParameter): Name = "Alternate PartNumber"; Value = ""; VariantName = "[No Variations]"
Add component (AddParameter): Name = "ComponentLink1Description"; Value = "Datasheet link"; VariantName = "[No Variations]"
Add component (AddParameter): Name = "ComponentLink1URL"; Value = "http://www.nexperia.com/documents/data_sheet/BSR13_BSR14.pdf"; VariantName = "[No Variations]"
Add component (AddParameter): Name = "CompType"; Value = "BJT"; VariantName = "[No Variations]"
Add component (AddParameter): Name = "Green_EU RoHS"; Value = ""; VariantName = "[No Variations]"
Add component (AddParameter): Name = "Green_EU RoHS-2"; Value = ""; VariantName = "[No Variations]"
Add component (AddParameter): Name = "Green_Lifecycle"; Value = ""; VariantName = "[No Variations]"
Add component (AddParameter): Name = "Green_REACh"; Value = ""; VariantName = "[No Variations]"
Add component (AddParameter): Name = "HfeMax"; Value = "300"; VariantName = "[No Variations]"
Add component (AddParameter): Name = "IcRated_A"; Value = "0.8"; VariantName = "[No Variations]"
Add component (AddParameter): Name = "LatestRevisionDate"; Value = "2017-06-09"; VariantName = "[No Variations]"
Add component (AddParameter): Name = "Manufacturer"; Value = "Nexperia"; VariantName = "[No Variations]"
Add component (AddParameter): Name = "MountType"; Value = "SMT"; VariantName = "[No Variations]"
Add component (AddParameter): Name = "NPN"; Value = "1"; VariantName = "[No Variations]"
Add component (AddParameter): Name = "PackageReference"; Value = "SOT-23"; VariantName = "[No Variations]"
Add component (AddParameter): Name = "PartNumber"; Value = "BSR14"; VariantName = "[No Variations]"
Add component (AddParameter): Name = "PNP"; Value = "0"; VariantName = "[No Variations]"
Add component (AddParameter): Name = "Published"; Value = "2008-07-31"; VariantName = "[No Variations]"
Add component (AddParameter): Name = "Publisher"; Value = "Texas Instruments"; VariantName = "[No Variations]"
Add component (AddParameter): Name = "RoHS"; Value = "Y"; VariantName = "[No Variations]"
Add component (AddParameter): Name = "SizeArea_mm2"; Value = "7.5"; VariantName = "[No Variations]"
Add component (AddParameter): Name = "SizeAreaWB_mm2"; Value = "14"; VariantName = "[No Variations]"
Add component (AddParameter): Name = "SizeX_mm"; Value = "2.5"; VariantName = "[No Variations]"
Add component (AddParameter): Name = "SizeY_mm"; Value = "3"; VariantName = "[No Variations]"
Add component (AddParameter): Name = "SizeZ_mm"; Value = "1.1"; VariantName = "[No Variations]"
Add component (AddParameter): Name = "Supplier 1"; Value = "Digi-Key"; VariantName = "[No Variations]"
Add component (AddParameter): Name = "Supplier 2"; Value = ""; VariantName = "[No Variations]"
Add component (AddParameter): Name = "Supplier 3"; Value = ""; VariantName = "[No Variations]"
Add component (AddParameter): Name = "Supplier Part Number 1"; Value = "568-6225-1-ND"; VariantName = "[No Variations]"
Add component (AddParameter): Name = "Supplier Part Number 2"; Value = ""; VariantName = "[No Variations]"
Add component (AddParameter): Name = "Supplier Part Number 3"; Value = ""; VariantName = "[No Variations]"
Add component (AddParameter): Name = "SymbolVersion"; Value = "2008-07-31"; VariantName = "[No Variations]"
Add component (AddParameter): Name = "TaMax_C"; Value = "150"; VariantName = "[No Variations]"
Add component (AddParameter): Name = "TaMin_C"; Value = "-65"; VariantName = "[No Variations]"
Add component (AddParameter): Name = "U/M"; Value = "EA"; VariantName = "[No Variations]"
Add component (AddParameter): Name = "Value"; Value = "40 V"; VariantName = "[No Variations]"
Add component (AddParameter): Name = "Value1"; Value = "0.8 A"; VariantName = "[No Variations]"
Add component (AddParameter): Name = "Value2"; Value = "300"; VariantName = "[No Variations]"
Add component (AddParameter): Name = "Vceo_V"; Value = "40"; VariantName = "[No Variations]"
Add component (AddParameter): Name = "Vcesat1_V"; Value = "0.3"; VariantName = "[No Variations]"
Added Component: Designator=Q2_balancer2(dpak)
Add component (AddParameter): Name = "AEC Category"; Value = "Q101"; VariantName = "[No Variations]"
Add component (AddParameter): Name = "AEC Qualified"; Value = "?"; VariantName = "[No Variations]"
Add component (AddParameter): Name = "Alternate Manufacturer"; Value = ""; VariantName = "[No Variations]"
Add component (AddParameter): Name = "Alternate PartNumber"; Value = ""; VariantName = "[No Variations]"
Add component (AddParameter): Name = "ComponentLink1Description"; Value = "Datasheet link"; VariantName = "[No Variations]"
Add component (AddParameter): Name = "ComponentLink1URL"; Value = "http://www.nexperia.com/documents/data_sheet/BSR13_BSR14.pdf"; VariantName = "[No Variations]"
Add component (AddParameter): Name = "CompType"; Value = "BJT"; VariantName = "[No Variations]"
Add component (AddParameter): Name = "Green_EU RoHS"; Value = ""; VariantName = "[No Variations]"
Add component (AddParameter): Name = "Green_EU RoHS-2"; Value = ""; VariantName = "[No Variations]"
Add component (AddParameter): Name = "Green_Lifecycle"; Value = ""; VariantName = "[No Variations]"
Add component (AddParameter): Name = "Green_REACh"; Value = ""; VariantName = "[No Variations]"
Add component (AddParameter): Name = "HfeMax"; Value = "300"; VariantName = "[No Variations]"
Add component (AddParameter): Name = "IcRated_A"; Value = "0.8"; VariantName = "[No Variations]"
Add component (AddParameter): Name = "LatestRevisionDate"; Value = "2017-06-09"; VariantName = "[No Variations]"
Add component (AddParameter): Name = "Manufacturer"; Value = "Nexperia"; VariantName = "[No Variations]"
Add component (AddParameter): Name = "MountType"; Value = "SMT"; VariantName = "[No Variations]"
Add component (AddParameter): Name = "NPN"; Value = "1"; VariantName = "[No Variations]"
Add component (AddParameter): Name = "PackageReference"; Value = "SOT-23"; VariantName = "[No Variations]"
Add component (AddParameter): Name = "PartNumber"; Value = "BSR14"; VariantName = "[No Variations]"
Add component (AddParameter): Name = "PNP"; Value = "0"; VariantName = "[No Variations]"
Add component (AddParameter): Name = "Published"; Value = "2008-07-31"; VariantName = "[No Variations]"
Add component (AddParameter): Name = "Publisher"; Value = "Texas Instruments"; VariantName = "[No Variations]"
Add component (AddParameter): Name = "RoHS"; Value = "Y"; VariantName = "[No Variations]"
Add component (AddParameter): Name = "SizeArea_mm2"; Value = "7.5"; VariantName = "[No Variations]"
Add component (AddParameter): Name = "SizeAreaWB_mm2"; Value = "14"; VariantName = "[No Variations]"
Add component (AddParameter): Name = "SizeX_mm"; Value = "2.5"; VariantName = "[No Variations]"
Add component (AddParameter): Name = "SizeY_mm"; Value = "3"; VariantName = "[No Variations]"
Add component (AddParameter): Name = "SizeZ_mm"; Value = "1.1"; VariantName = "[No Variations]"
Add component (AddParameter): Name = "Supplier 1"; Value = "Digi-Key"; VariantName = "[No Variations]"
Add component (AddParameter): Name = "Supplier 2"; Value = ""; VariantName = "[No Variations]"
Add component (AddParameter): Name = "Supplier 3"; Value = ""; VariantName = "[No Variations]"
Add component (AddParameter): Name = "Supplier Part Number 1"; Value = "568-6225-1-ND"; VariantName = "[No Variations]"
Add component (AddParameter): Name = "Supplier Part Number 2"; Value = ""; VariantName = "[No Variations]"
Add component (AddParameter): Name = "Supplier Part Number 3"; Value = ""; VariantName = "[No Variations]"
Add component (AddParameter): Name = "SymbolVersion"; Value = "2008-07-31"; VariantName = "[No Variations]"
Add component (AddParameter): Name = "TaMax_C"; Value = "150"; VariantName = "[No Variations]"
Add component (AddParameter): Name = "TaMin_C"; Value = "-65"; VariantName = "[No Variations]"
Add component (AddParameter): Name = "U/M"; Value = "EA"; VariantName = "[No Variations]"
Add component (AddParameter): Name = "Value"; Value = "40 V"; VariantName = "[No Variations]"
Add component (AddParameter): Name = "Value1"; Value = "0.8 A"; VariantName = "[No Variations]"
Add component (AddParameter): Name = "Value2"; Value = "300"; VariantName = "[No Variations]"
Add component (AddParameter): Name = "Vceo_V"; Value = "40"; VariantName = "[No Variations]"
Add component (AddParameter): Name = "Vcesat1_V"; Value = "0.3"; VariantName = "[No Variations]"
Added Component: Designator=Q2_balancer3(dpak)
Add component (AddParameter): Name = "AEC Category"; Value = "Q101"; VariantName = "[No Variations]"
Add component (AddParameter): Name = "AEC Qualified"; Value = "?"; VariantName = "[No Variations]"
Add component (AddParameter): Name = "Alternate Manufacturer"; Value = ""; VariantName = "[No Variations]"
Add component (AddParameter): Name = "Alternate PartNumber"; Value = ""; VariantName = "[No Variations]"
Add component (AddParameter): Name = "ComponentLink1Description"; Value = "Datasheet link"; VariantName = "[No Variations]"
Add component (AddParameter): Name = "ComponentLink1URL"; Value = "http://www.nexperia.com/documents/data_sheet/BSR13_BSR14.pdf"; VariantName = "[No Variations]"
Add component (AddParameter): Name = "CompType"; Value = "BJT"; VariantName = "[No Variations]"
Add component (AddParameter): Name = "Green_EU RoHS"; Value = ""; VariantName = "[No Variations]"
Add component (AddParameter): Name = "Green_EU RoHS-2"; Value = ""; VariantName = "[No Variations]"
Add component (AddParameter): Name = "Green_Lifecycle"; Value = ""; VariantName = "[No Variations]"
Add component (AddParameter): Name = "Green_REACh"; Value = ""; VariantName = "[No Variations]"
Add component (AddParameter): Name = "HfeMax"; Value = "300"; VariantName = "[No Variations]"
Add component (AddParameter): Name = "IcRated_A"; Value = "0.8"; VariantName = "[No Variations]"
Add component (AddParameter): Name = "LatestRevisionDate"; Value = "2017-06-09"; VariantName = "[No Variations]"
Add component (AddParameter): Name = "Manufacturer"; Value = "Nexperia"; VariantName = "[No Variations]"
Add component (AddParameter): Name = "MountType"; Value = "SMT"; VariantName = "[No Variations]"
Add component (AddParameter): Name = "NPN"; Value = "1"; VariantName = "[No Variations]"
Add component (AddParameter): Name = "PackageReference"; Value = "SOT-23"; VariantName = "[No Variations]"
Add component (AddParameter): Name = "PartNumber"; Value = "BSR14"; VariantName = "[No Variations]"
Add component (AddParameter): Name = "PNP"; Value = "0"; VariantName = "[No Variations]"
Add component (AddParameter): Name = "Published"; Value = "2008-07-31"; VariantName = "[No Variations]"
Add component (AddParameter): Name = "Publisher"; Value = "Texas Instruments"; VariantName = "[No Variations]"
Add component (AddParameter): Name = "RoHS"; Value = "Y"; VariantName = "[No Variations]"
Add component (AddParameter): Name = "SizeArea_mm2"; Value = "7.5"; VariantName = "[No Variations]"
Add component (AddParameter): Name = "SizeAreaWB_mm2"; Value = "14"; VariantName = "[No Variations]"
Add component (AddParameter): Name = "SizeX_mm"; Value = "2.5"; VariantName = "[No Variations]"
Add component (AddParameter): Name = "SizeY_mm"; Value = "3"; VariantName = "[No Variations]"
Add component (AddParameter): Name = "SizeZ_mm"; Value = "1.1"; VariantName = "[No Variations]"
Add component (AddParameter): Name = "Supplier 1"; Value = "Digi-Key"; VariantName = "[No Variations]"
Add component (AddParameter): Name = "Supplier 2"; Value = ""; VariantName = "[No Variations]"
Add component (AddParameter): Name = "Supplier 3"; Value = ""; VariantName = "[No Variations]"
Add component (AddParameter): Name = "Supplier Part Number 1"; Value = "568-6225-1-ND"; VariantName = "[No Variations]"
Add component (AddParameter): Name = "Supplier Part Number 2"; Value = ""; VariantName = "[No Variations]"
Add component (AddParameter): Name = "Supplier Part Number 3"; Value = ""; VariantName = "[No Variations]"
Add component (AddParameter): Name = "SymbolVersion"; Value = "2008-07-31"; VariantName = "[No Variations]"
Add component (AddParameter): Name = "TaMax_C"; Value = "150"; VariantName = "[No Variations]"
Add component (AddParameter): Name = "TaMin_C"; Value = "-65"; VariantName = "[No Variations]"
Add component (AddParameter): Name = "U/M"; Value = "EA"; VariantName = "[No Variations]"
Add component (AddParameter): Name = "Value"; Value = "40 V"; VariantName = "[No Variations]"
Add component (AddParameter): Name = "Value1"; Value = "0.8 A"; VariantName = "[No Variations]"
Add component (AddParameter): Name = "Value2"; Value = "300"; VariantName = "[No Variations]"
Add component (AddParameter): Name = "Vceo_V"; Value = "40"; VariantName = "[No Variations]"
Add component (AddParameter): Name = "Vcesat1_V"; Value = "0.3"; VariantName = "[No Variations]"
Added Component: Designator=Q2_balancer4(dpak)
Add component (AddParameter): Name = "AEC Category"; Value = "Q101"; VariantName = "[No Variations]"
Add component (AddParameter): Name = "AEC Qualified"; Value = "?"; VariantName = "[No Variations]"
Add component (AddParameter): Name = "Alternate Manufacturer"; Value = ""; VariantName = "[No Variations]"
Add component (AddParameter): Name = "Alternate PartNumber"; Value = ""; VariantName = "[No Variations]"
Add component (AddParameter): Name = "ComponentLink1Description"; Value = "Datasheet link"; VariantName = "[No Variations]"
Add component (AddParameter): Name = "ComponentLink1URL"; Value = "http://www.nexperia.com/documents/data_sheet/BSR13_BSR14.pdf"; VariantName = "[No Variations]"
Add component (AddParameter): Name = "CompType"; Value = "BJT"; VariantName = "[No Variations]"
Add component (AddParameter): Name = "Green_EU RoHS"; Value = ""; VariantName = "[No Variations]"
Add component (AddParameter): Name = "Green_EU RoHS-2"; Value = ""; VariantName = "[No Variations]"
Add component (AddParameter): Name = "Green_Lifecycle"; Value = ""; VariantName = "[No Variations]"
Add component (AddParameter): Name = "Green_REACh"; Value = ""; VariantName = "[No Variations]"
Add component (AddParameter): Name = "HfeMax"; Value = "300"; VariantName = "[No Variations]"
Add component (AddParameter): Name = "IcRated_A"; Value = "0.8"; VariantName = "[No Variations]"
Add component (AddParameter): Name = "LatestRevisionDate"; Value = "2017-06-09"; VariantName = "[No Variations]"
Add component (AddParameter): Name = "Manufacturer"; Value = "Nexperia"; VariantName = "[No Variations]"
Add component (AddParameter): Name = "MountType"; Value = "SMT"; VariantName = "[No Variations]"
Add component (AddParameter): Name = "NPN"; Value = "1"; VariantName = "[No Variations]"
Add component (AddParameter): Name = "PackageReference"; Value = "SOT-23"; VariantName = "[No Variations]"
Add component (AddParameter): Name = "PartNumber"; Value = "BSR14"; VariantName = "[No Variations]"
Add component (AddParameter): Name = "PNP"; Value = "0"; VariantName = "[No Variations]"
Add component (AddParameter): Name = "Published"; Value = "2008-07-31"; VariantName = "[No Variations]"
Add component (AddParameter): Name = "Publisher"; Value = "Texas Instruments"; VariantName = "[No Variations]"
Add component (AddParameter): Name = "RoHS"; Value = "Y"; VariantName = "[No Variations]"
Add component (AddParameter): Name = "SizeArea_mm2"; Value = "7.5"; VariantName = "[No Variations]"
Add component (AddParameter): Name = "SizeAreaWB_mm2"; Value = "14"; VariantName = "[No Variations]"
Add component (AddParameter): Name = "SizeX_mm"; Value = "2.5"; VariantName = "[No Variations]"
Add component (AddParameter): Name = "SizeY_mm"; Value = "3"; VariantName = "[No Variations]"
Add component (AddParameter): Name = "SizeZ_mm"; Value = "1.1"; VariantName = "[No Variations]"
Add component (AddParameter): Name = "Supplier 1"; Value = "Digi-Key"; VariantName = "[No Variations]"
Add component (AddParameter): Name = "Supplier 2"; Value = ""; VariantName = "[No Variations]"
Add component (AddParameter): Name = "Supplier 3"; Value = ""; VariantName = "[No Variations]"
Add component (AddParameter): Name = "Supplier Part Number 1"; Value = "568-6225-1-ND"; VariantName = "[No Variations]"
Add component (AddParameter): Name = "Supplier Part Number 2"; Value = ""; VariantName = "[No Variations]"
Add component (AddParameter): Name = "Supplier Part Number 3"; Value = ""; VariantName = "[No Variations]"
Add component (AddParameter): Name = "SymbolVersion"; Value = "2008-07-31"; VariantName = "[No Variations]"
Add component (AddParameter): Name = "TaMax_C"; Value = "150"; VariantName = "[No Variations]"
Add component (AddParameter): Name = "TaMin_C"; Value = "-65"; VariantName = "[No Variations]"
Add component (AddParameter): Name = "U/M"; Value = "EA"; VariantName = "[No Variations]"
Add component (AddParameter): Name = "Value"; Value = "40 V"; VariantName = "[No Variations]"
Add component (AddParameter): Name = "Value1"; Value = "0.8 A"; VariantName = "[No Variations]"
Add component (AddParameter): Name = "Value2"; Value = "300"; VariantName = "[No Variations]"
Add component (AddParameter): Name = "Vceo_V"; Value = "40"; VariantName = "[No Variations]"
Add component (AddParameter): Name = "Vcesat1_V"; Value = "0.3"; VariantName = "[No Variations]"
Added Component: Designator=Q2_balancer5(dpak)
Add component (AddParameter): Name = "AEC Category"; Value = "Q101"; VariantName = "[No Variations]"
Add component (AddParameter): Name = "AEC Qualified"; Value = "?"; VariantName = "[No Variations]"
Add component (AddParameter): Name = "Alternate Manufacturer"; Value = ""; VariantName = "[No Variations]"
Add component (AddParameter): Name = "Alternate PartNumber"; Value = ""; VariantName = "[No Variations]"
Add component (AddParameter): Name = "ComponentLink1Description"; Value = "Datasheet link"; VariantName = "[No Variations]"
Add component (AddParameter): Name = "ComponentLink1URL"; Value = "http://www.nexperia.com/documents/data_sheet/BSR13_BSR14.pdf"; VariantName = "[No Variations]"
Add component (AddParameter): Name = "CompType"; Value = "BJT"; VariantName = "[No Variations]"
Add component (AddParameter): Name = "Green_EU RoHS"; Value = ""; VariantName = "[No Variations]"
Add component (AddParameter): Name = "Green_EU RoHS-2"; Value = ""; VariantName = "[No Variations]"
Add component (AddParameter): Name = "Green_Lifecycle"; Value = ""; VariantName = "[No Variations]"
Add component (AddParameter): Name = "Green_REACh"; Value = ""; VariantName = "[No Variations]"
Add component (AddParameter): Name = "HfeMax"; Value = "300"; VariantName = "[No Variations]"
Add component (AddParameter): Name = "IcRated_A"; Value = "0.8"; VariantName = "[No Variations]"
Add component (AddParameter): Name = "LatestRevisionDate"; Value = "2017-06-09"; VariantName = "[No Variations]"
Add component (AddParameter): Name = "Manufacturer"; Value = "Nexperia"; VariantName = "[No Variations]"
Add component (AddParameter): Name = "MountType"; Value = "SMT"; VariantName = "[No Variations]"
Add component (AddParameter): Name = "NPN"; Value = "1"; VariantName = "[No Variations]"
Add component (AddParameter): Name = "PackageReference"; Value = "SOT-23"; VariantName = "[No Variations]"
Add component (AddParameter): Name = "PartNumber"; Value = "BSR14"; VariantName = "[No Variations]"
Add component (AddParameter): Name = "PNP"; Value = "0"; VariantName = "[No Variations]"
Add component (AddParameter): Name = "Published"; Value = "2008-07-31"; VariantName = "[No Variations]"
Add component (AddParameter): Name = "Publisher"; Value = "Texas Instruments"; VariantName = "[No Variations]"
Add component (AddParameter): Name = "RoHS"; Value = "Y"; VariantName = "[No Variations]"
Add component (AddParameter): Name = "SizeArea_mm2"; Value = "7.5"; VariantName = "[No Variations]"
Add component (AddParameter): Name = "SizeAreaWB_mm2"; Value = "14"; VariantName = "[No Variations]"
Add component (AddParameter): Name = "SizeX_mm"; Value = "2.5"; VariantName = "[No Variations]"
Add component (AddParameter): Name = "SizeY_mm"; Value = "3"; VariantName = "[No Variations]"
Add component (AddParameter): Name = "SizeZ_mm"; Value = "1.1"; VariantName = "[No Variations]"
Add component (AddParameter): Name = "Supplier 1"; Value = "Digi-Key"; VariantName = "[No Variations]"
Add component (AddParameter): Name = "Supplier 2"; Value = ""; VariantName = "[No Variations]"
Add component (AddParameter): Name = "Supplier 3"; Value = ""; VariantName = "[No Variations]"
Add component (AddParameter): Name = "Supplier Part Number 1"; Value = "568-6225-1-ND"; VariantName = "[No Variations]"
Add component (AddParameter): Name = "Supplier Part Number 2"; Value = ""; VariantName = "[No Variations]"
Add component (AddParameter): Name = "Supplier Part Number 3"; Value = ""; VariantName = "[No Variations]"
Add component (AddParameter): Name = "SymbolVersion"; Value = "2008-07-31"; VariantName = "[No Variations]"
Add component (AddParameter): Name = "TaMax_C"; Value = "150"; VariantName = "[No Variations]"
Add component (AddParameter): Name = "TaMin_C"; Value = "-65"; VariantName = "[No Variations]"
Add component (AddParameter): Name = "U/M"; Value = "EA"; VariantName = "[No Variations]"
Add component (AddParameter): Name = "Value"; Value = "40 V"; VariantName = "[No Variations]"
Add component (AddParameter): Name = "Value1"; Value = "0.8 A"; VariantName = "[No Variations]"
Add component (AddParameter): Name = "Value2"; Value = "300"; VariantName = "[No Variations]"
Add component (AddParameter): Name = "Vceo_V"; Value = "40"; VariantName = "[No Variations]"
Add component (AddParameter): Name = "Vcesat1_V"; Value = "0.3"; VariantName = "[No Variations]"
Added Component: Designator=Q2_balancer6(dpak)
Add component (AddParameter): Name = "AEC Category"; Value = "Q101"; VariantName = "[No Variations]"
Add component (AddParameter): Name = "AEC Qualified"; Value = "?"; VariantName = "[No Variations]"
Add component (AddParameter): Name = "Alternate Manufacturer"; Value = ""; VariantName = "[No Variations]"
Add component (AddParameter): Name = "Alternate PartNumber"; Value = ""; VariantName = "[No Variations]"
Add component (AddParameter): Name = "ComponentLink1Description"; Value = "Datasheet link"; VariantName = "[No Variations]"
Add component (AddParameter): Name = "ComponentLink1URL"; Value = "http://www.nexperia.com/documents/data_sheet/BSR13_BSR14.pdf"; VariantName = "[No Variations]"
Add component (AddParameter): Name = "CompType"; Value = "BJT"; VariantName = "[No Variations]"
Add component (AddParameter): Name = "Green_EU RoHS"; Value = ""; VariantName = "[No Variations]"
Add component (AddParameter): Name = "Green_EU RoHS-2"; Value = ""; VariantName = "[No Variations]"
Add component (AddParameter): Name = "Green_Lifecycle"; Value = ""; VariantName = "[No Variations]"
Add component (AddParameter): Name = "Green_REACh"; Value = ""; VariantName = "[No Variations]"
Add component (AddParameter): Name = "HfeMax"; Value = "300"; VariantName = "[No Variations]"
Add component (AddParameter): Name = "IcRated_A"; Value = "0.8"; VariantName = "[No Variations]"
Add component (AddParameter): Name = "LatestRevisionDate"; Value = "2017-06-09"; VariantName = "[No Variations]"
Add component (AddParameter): Name = "Manufacturer"; Value = "Nexperia"; VariantName = "[No Variations]"
Add component (AddParameter): Name = "MountType"; Value = "SMT"; VariantName = "[No Variations]"
Add component (AddParameter): Name = "NPN"; Value = "1"; VariantName = "[No Variations]"
Add component (AddParameter): Name = "PackageReference"; Value = "SOT-23"; VariantName = "[No Variations]"
Add component (AddParameter): Name = "PartNumber"; Value = "BSR14"; VariantName = "[No Variations]"
Add component (AddParameter): Name = "PNP"; Value = "0"; VariantName = "[No Variations]"
Add component (AddParameter): Name = "Published"; Value = "2008-07-31"; VariantName = "[No Variations]"
Add component (AddParameter): Name = "Publisher"; Value = "Texas Instruments"; VariantName = "[No Variations]"
Add component (AddParameter): Name = "RoHS"; Value = "Y"; VariantName = "[No Variations]"
Add component (AddParameter): Name = "SizeArea_mm2"; Value = "7.5"; VariantName = "[No Variations]"
Add component (AddParameter): Name = "SizeAreaWB_mm2"; Value = "14"; VariantName = "[No Variations]"
Add component (AddParameter): Name = "SizeX_mm"; Value = "2.5"; VariantName = "[No Variations]"
Add component (AddParameter): Name = "SizeY_mm"; Value = "3"; VariantName = "[No Variations]"
Add component (AddParameter): Name = "SizeZ_mm"; Value = "1.1"; VariantName = "[No Variations]"
Add component (AddParameter): Name = "Supplier 1"; Value = "Digi-Key"; VariantName = "[No Variations]"
Add component (AddParameter): Name = "Supplier 2"; Value = ""; VariantName = "[No Variations]"
Add component (AddParameter): Name = "Supplier 3"; Value = ""; VariantName = "[No Variations]"
Add component (AddParameter): Name = "Supplier Part Number 1"; Value = "568-6225-1-ND"; VariantName = "[No Variations]"
Add component (AddParameter): Name = "Supplier Part Number 2"; Value = ""; VariantName = "[No Variations]"
Add component (AddParameter): Name = "Supplier Part Number 3"; Value = ""; VariantName = "[No Variations]"
Add component (AddParameter): Name = "SymbolVersion"; Value = "2008-07-31"; VariantName = "[No Variations]"
Add component (AddParameter): Name = "TaMax_C"; Value = "150"; VariantName = "[No Variations]"
Add component (AddParameter): Name = "TaMin_C"; Value = "-65"; VariantName = "[No Variations]"
Add component (AddParameter): Name = "U/M"; Value = "EA"; VariantName = "[No Variations]"
Add component (AddParameter): Name = "Value"; Value = "40 V"; VariantName = "[No Variations]"
Add component (AddParameter): Name = "Value1"; Value = "0.8 A"; VariantName = "[No Variations]"
Add component (AddParameter): Name = "Value2"; Value = "300"; VariantName = "[No Variations]"
Add component (AddParameter): Name = "Vceo_V"; Value = "40"; VariantName = "[No Variations]"
Add component (AddParameter): Name = "Vcesat1_V"; Value = "0.3"; VariantName = "[No Variations]"
Added Component: Designator=Q2_balancer7(dpak)
Add component (AddParameter): Name = "AEC Category"; Value = "Q101"; VariantName = "[No Variations]"
Add component (AddParameter): Name = "AEC Qualified"; Value = "?"; VariantName = "[No Variations]"
Add component (AddParameter): Name = "Alternate Manufacturer"; Value = ""; VariantName = "[No Variations]"
Add component (AddParameter): Name = "Alternate PartNumber"; Value = ""; VariantName = "[No Variations]"
Add component (AddParameter): Name = "ComponentLink1Description"; Value = "Datasheet link"; VariantName = "[No Variations]"
Add component (AddParameter): Name = "ComponentLink1URL"; Value = "http://www.nexperia.com/documents/data_sheet/BSR13_BSR14.pdf"; VariantName = "[No Variations]"
Add component (AddParameter): Name = "CompType"; Value = "BJT"; VariantName = "[No Variations]"
Add component (AddParameter): Name = "Green_EU RoHS"; Value = ""; VariantName = "[No Variations]"
Add component (AddParameter): Name = "Green_EU RoHS-2"; Value = ""; VariantName = "[No Variations]"
Add component (AddParameter): Name = "Green_Lifecycle"; Value = ""; VariantName = "[No Variations]"
Add component (AddParameter): Name = "Green_REACh"; Value = ""; VariantName = "[No Variations]"
Add component (AddParameter): Name = "HfeMax"; Value = "300"; VariantName = "[No Variations]"
Add component (AddParameter): Name = "IcRated_A"; Value = "0.8"; VariantName = "[No Variations]"
Add component (AddParameter): Name = "LatestRevisionDate"; Value = "2017-06-09"; VariantName = "[No Variations]"
Add component (AddParameter): Name = "Manufacturer"; Value = "Nexperia"; VariantName = "[No Variations]"
Add component (AddParameter): Name = "MountType"; Value = "SMT"; VariantName = "[No Variations]"
Add component (AddParameter): Name = "NPN"; Value = "1"; VariantName = "[No Variations]"
Add component (AddParameter): Name = "PackageReference"; Value = "SOT-23"; VariantName = "[No Variations]"
Add component (AddParameter): Name = "PartNumber"; Value = "BSR14"; VariantName = "[No Variations]"
Add component (AddParameter): Name = "PNP"; Value = "0"; VariantName = "[No Variations]"
Add component (AddParameter): Name = "Published"; Value = "2008-07-31"; VariantName = "[No Variations]"
Add component (AddParameter): Name = "Publisher"; Value = "Texas Instruments"; VariantName = "[No Variations]"
Add component (AddParameter): Name = "RoHS"; Value = "Y"; VariantName = "[No Variations]"
Add component (AddParameter): Name = "SizeArea_mm2"; Value = "7.5"; VariantName = "[No Variations]"
Add component (AddParameter): Name = "SizeAreaWB_mm2"; Value = "14"; VariantName = "[No Variations]"
Add component (AddParameter): Name = "SizeX_mm"; Value = "2.5"; VariantName = "[No Variations]"
Add component (AddParameter): Name = "SizeY_mm"; Value = "3"; VariantName = "[No Variations]"
Add component (AddParameter): Name = "SizeZ_mm"; Value = "1.1"; VariantName = "[No Variations]"
Add component (AddParameter): Name = "Supplier 1"; Value = "Digi-Key"; VariantName = "[No Variations]"
Add component (AddParameter): Name = "Supplier 2"; Value = ""; VariantName = "[No Variations]"
Add component (AddParameter): Name = "Supplier 3"; Value = ""; VariantName = "[No Variations]"
Add component (AddParameter): Name = "Supplier Part Number 1"; Value = "568-6225-1-ND"; VariantName = "[No Variations]"
Add component (AddParameter): Name = "Supplier Part Number 2"; Value = ""; VariantName = "[No Variations]"
Add component (AddParameter): Name = "Supplier Part Number 3"; Value = ""; VariantName = "[No Variations]"
Add component (AddParameter): Name = "SymbolVersion"; Value = "2008-07-31"; VariantName = "[No Variations]"
Add component (AddParameter): Name = "TaMax_C"; Value = "150"; VariantName = "[No Variations]"
Add component (AddParameter): Name = "TaMin_C"; Value = "-65"; VariantName = "[No Variations]"
Add component (AddParameter): Name = "U/M"; Value = "EA"; VariantName = "[No Variations]"
Add component (AddParameter): Name = "Value"; Value = "40 V"; VariantName = "[No Variations]"
Add component (AddParameter): Name = "Value1"; Value = "0.8 A"; VariantName = "[No Variations]"
Add component (AddParameter): Name = "Value2"; Value = "300"; VariantName = "[No Variations]"
Add component (AddParameter): Name = "Vceo_V"; Value = "40"; VariantName = "[No Variations]"
Add component (AddParameter): Name = "Vcesat1_V"; Value = "0.3"; VariantName = "[No Variations]"
Added Component: Designator=Q2_balancer8(dpak)
Add component (AddParameter): Name = "AEC Category"; Value = "Q101"; VariantName = "[No Variations]"
Add component (AddParameter): Name = "AEC Qualified"; Value = "?"; VariantName = "[No Variations]"
Add component (AddParameter): Name = "Alternate Manufacturer"; Value = ""; VariantName = "[No Variations]"
Add component (AddParameter): Name = "Alternate PartNumber"; Value = ""; VariantName = "[No Variations]"
Add component (AddParameter): Name = "ComponentLink1Description"; Value = "Datasheet link"; VariantName = "[No Variations]"
Add component (AddParameter): Name = "ComponentLink1URL"; Value = "http://www.nexperia.com/documents/data_sheet/BSR13_BSR14.pdf"; VariantName = "[No Variations]"
Add component (AddParameter): Name = "CompType"; Value = "BJT"; VariantName = "[No Variations]"
Add component (AddParameter): Name = "Green_EU RoHS"; Value = ""; VariantName = "[No Variations]"
Add component (AddParameter): Name = "Green_EU RoHS-2"; Value = ""; VariantName = "[No Variations]"
Add component (AddParameter): Name = "Green_Lifecycle"; Value = ""; VariantName = "[No Variations]"
Add component (AddParameter): Name = "Green_REACh"; Value = ""; VariantName = "[No Variations]"
Add component (AddParameter): Name = "HfeMax"; Value = "300"; VariantName = "[No Variations]"
Add component (AddParameter): Name = "IcRated_A"; Value = "0.8"; VariantName = "[No Variations]"
Add component (AddParameter): Name = "LatestRevisionDate"; Value = "2017-06-09"; VariantName = "[No Variations]"
Add component (AddParameter): Name = "Manufacturer"; Value = "Nexperia"; VariantName = "[No Variations]"
Add component (AddParameter): Name = "MountType"; Value = "SMT"; VariantName = "[No Variations]"
Add component (AddParameter): Name = "NPN"; Value = "1"; VariantName = "[No Variations]"
Add component (AddParameter): Name = "PackageReference"; Value = "SOT-23"; VariantName = "[No Variations]"
Add component (AddParameter): Name = "PartNumber"; Value = "BSR14"; VariantName = "[No Variations]"
Add component (AddParameter): Name = "PNP"; Value = "0"; VariantName = "[No Variations]"
Add component (AddParameter): Name = "Published"; Value = "2008-07-31"; VariantName = "[No Variations]"
Add component (AddParameter): Name = "Publisher"; Value = "Texas Instruments"; VariantName = "[No Variations]"
Add component (AddParameter): Name = "RoHS"; Value = "Y"; VariantName = "[No Variations]"
Add component (AddParameter): Name = "SizeArea_mm2"; Value = "7.5"; VariantName = "[No Variations]"
Add component (AddParameter): Name = "SizeAreaWB_mm2"; Value = "14"; VariantName = "[No Variations]"
Add component (AddParameter): Name = "SizeX_mm"; Value = "2.5"; VariantName = "[No Variations]"
Add component (AddParameter): Name = "SizeY_mm"; Value = "3"; VariantName = "[No Variations]"
Add component (AddParameter): Name = "SizeZ_mm"; Value = "1.1"; VariantName = "[No Variations]"
Add component (AddParameter): Name = "Supplier 1"; Value = "Digi-Key"; VariantName = "[No Variations]"
Add component (AddParameter): Name = "Supplier 2"; Value = ""; VariantName = "[No Variations]"
Add component (AddParameter): Name = "Supplier 3"; Value = ""; VariantName = "[No Variations]"
Add component (AddParameter): Name = "Supplier Part Number 1"; Value = "568-6225-1-ND"; VariantName = "[No Variations]"
Add component (AddParameter): Name = "Supplier Part Number 2"; Value = ""; VariantName = "[No Variations]"
Add component (AddParameter): Name = "Supplier Part Number 3"; Value = ""; VariantName = "[No Variations]"
Add component (AddParameter): Name = "SymbolVersion"; Value = "2008-07-31"; VariantName = "[No Variations]"
Add component (AddParameter): Name = "TaMax_C"; Value = "150"; VariantName = "[No Variations]"
Add component (AddParameter): Name = "TaMin_C"; Value = "-65"; VariantName = "[No Variations]"
Add component (AddParameter): Name = "U/M"; Value = "EA"; VariantName = "[No Variations]"
Add component (AddParameter): Name = "Value"; Value = "40 V"; VariantName = "[No Variations]"
Add component (AddParameter): Name = "Value1"; Value = "0.8 A"; VariantName = "[No Variations]"
Add component (AddParameter): Name = "Value2"; Value = "300"; VariantName = "[No Variations]"
Add component (AddParameter): Name = "Vceo_V"; Value = "40"; VariantName = "[No Variations]"
Add component (AddParameter): Name = "Vcesat1_V"; Value = "0.3"; VariantName = "[No Variations]"
Added Component: Designator=Q2_balancer9(dpak)
Add component (AddParameter): Name = "AEC Category"; Value = "Q101"; VariantName = "[No Variations]"
Add component (AddParameter): Name = "AEC Qualified"; Value = "?"; VariantName = "[No Variations]"
Add component (AddParameter): Name = "Alternate Manufacturer"; Value = ""; VariantName = "[No Variations]"
Add component (AddParameter): Name = "Alternate PartNumber"; Value = ""; VariantName = "[No Variations]"
Add component (AddParameter): Name = "ComponentLink1Description"; Value = "Datasheet link"; VariantName = "[No Variations]"
Add component (AddParameter): Name = "ComponentLink1URL"; Value = "http://www.nexperia.com/documents/data_sheet/BSR13_BSR14.pdf"; VariantName = "[No Variations]"
Add component (AddParameter): Name = "CompType"; Value = "BJT"; VariantName = "[No Variations]"
Add component (AddParameter): Name = "Green_EU RoHS"; Value = ""; VariantName = "[No Variations]"
Add component (AddParameter): Name = "Green_EU RoHS-2"; Value = ""; VariantName = "[No Variations]"
Add component (AddParameter): Name = "Green_Lifecycle"; Value = ""; VariantName = "[No Variations]"
Add component (AddParameter): Name = "Green_REACh"; Value = ""; VariantName = "[No Variations]"
Add component (AddParameter): Name = "HfeMax"; Value = "300"; VariantName = "[No Variations]"
Add component (AddParameter): Name = "IcRated_A"; Value = "0.8"; VariantName = "[No Variations]"
Add component (AddParameter): Name = "LatestRevisionDate"; Value = "2017-06-09"; VariantName = "[No Variations]"
Add component (AddParameter): Name = "Manufacturer"; Value = "Nexperia"; VariantName = "[No Variations]"
Add component (AddParameter): Name = "MountType"; Value = "SMT"; VariantName = "[No Variations]"
Add component (AddParameter): Name = "NPN"; Value = "1"; VariantName = "[No Variations]"
Add component (AddParameter): Name = "PackageReference"; Value = "SOT-23"; VariantName = "[No Variations]"
Add component (AddParameter): Name = "PartNumber"; Value = "BSR14"; VariantName = "[No Variations]"
Add component (AddParameter): Name = "PNP"; Value = "0"; VariantName = "[No Variations]"
Add component (AddParameter): Name = "Published"; Value = "2008-07-31"; VariantName = "[No Variations]"
Add component (AddParameter): Name = "Publisher"; Value = "Texas Instruments"; VariantName = "[No Variations]"
Add component (AddParameter): Name = "RoHS"; Value = "Y"; VariantName = "[No Variations]"
Add component (AddParameter): Name = "SizeArea_mm2"; Value = "7.5"; VariantName = "[No Variations]"
Add component (AddParameter): Name = "SizeAreaWB_mm2"; Value = "14"; VariantName = "[No Variations]"
Add component (AddParameter): Name = "SizeX_mm"; Value = "2.5"; VariantName = "[No Variations]"
Add component (AddParameter): Name = "SizeY_mm"; Value = "3"; VariantName = "[No Variations]"
Add component (AddParameter): Name = "SizeZ_mm"; Value = "1.1"; VariantName = "[No Variations]"
Add component (AddParameter): Name = "Supplier 1"; Value = "Digi-Key"; VariantName = "[No Variations]"
Add component (AddParameter): Name = "Supplier 2"; Value = ""; VariantName = "[No Variations]"
Add component (AddParameter): Name = "Supplier 3"; Value = ""; VariantName = "[No Variations]"
Add component (AddParameter): Name = "Supplier Part Number 1"; Value = "568-6225-1-ND"; VariantName = "[No Variations]"
Add component (AddParameter): Name = "Supplier Part Number 2"; Value = ""; VariantName = "[No Variations]"
Add component (AddParameter): Name = "Supplier Part Number 3"; Value = ""; VariantName = "[No Variations]"
Add component (AddParameter): Name = "SymbolVersion"; Value = "2008-07-31"; VariantName = "[No Variations]"
Add component (AddParameter): Name = "TaMax_C"; Value = "150"; VariantName = "[No Variations]"
Add component (AddParameter): Name = "TaMin_C"; Value = "-65"; VariantName = "[No Variations]"
Add component (AddParameter): Name = "U/M"; Value = "EA"; VariantName = "[No Variations]"
Add component (AddParameter): Name = "Value"; Value = "40 V"; VariantName = "[No Variations]"
Add component (AddParameter): Name = "Value1"; Value = "0.8 A"; VariantName = "[No Variations]"
Add component (AddParameter): Name = "Value2"; Value = "300"; VariantName = "[No Variations]"
Add component (AddParameter): Name = "Vceo_V"; Value = "40"; VariantName = "[No Variations]"
Add component (AddParameter): Name = "Vcesat1_V"; Value = "0.3"; VariantName = "[No Variations]"
Added Component: Designator=Q2_balancer10(dpak)
Add component (AddParameter): Name = "AEC Category"; Value = "Q101"; VariantName = "[No Variations]"
Add component (AddParameter): Name = "AEC Qualified"; Value = "?"; VariantName = "[No Variations]"
Add component (AddParameter): Name = "Alternate Manufacturer"; Value = ""; VariantName = "[No Variations]"
Add component (AddParameter): Name = "Alternate PartNumber"; Value = ""; VariantName = "[No Variations]"
Add component (AddParameter): Name = "ComponentLink1Description"; Value = "Datasheet link"; VariantName = "[No Variations]"
Add component (AddParameter): Name = "ComponentLink1URL"; Value = "http://www.nexperia.com/documents/data_sheet/BSR13_BSR14.pdf"; VariantName = "[No Variations]"
Add component (AddParameter): Name = "CompType"; Value = "BJT"; VariantName = "[No Variations]"
Add component (AddParameter): Name = "Green_EU RoHS"; Value = ""; VariantName = "[No Variations]"
Add component (AddParameter): Name = "Green_EU RoHS-2"; Value = ""; VariantName = "[No Variations]"
Add component (AddParameter): Name = "Green_Lifecycle"; Value = ""; VariantName = "[No Variations]"
Add component (AddParameter): Name = "Green_REACh"; Value = ""; VariantName = "[No Variations]"
Add component (AddParameter): Name = "HfeMax"; Value = "300"; VariantName = "[No Variations]"
Add component (AddParameter): Name = "IcRated_A"; Value = "0.8"; VariantName = "[No Variations]"
Add component (AddParameter): Name = "LatestRevisionDate"; Value = "2017-06-09"; VariantName = "[No Variations]"
Add component (AddParameter): Name = "Manufacturer"; Value = "Nexperia"; VariantName = "[No Variations]"
Add component (AddParameter): Name = "MountType"; Value = "SMT"; VariantName = "[No Variations]"
Add component (AddParameter): Name = "NPN"; Value = "1"; VariantName = "[No Variations]"
Add component (AddParameter): Name = "PackageReference"; Value = "SOT-23"; VariantName = "[No Variations]"
Add component (AddParameter): Name = "PartNumber"; Value = "BSR14"; VariantName = "[No Variations]"
Add component (AddParameter): Name = "PNP"; Value = "0"; VariantName = "[No Variations]"
Add component (AddParameter): Name = "Published"; Value = "2008-07-31"; VariantName = "[No Variations]"
Add component (AddParameter): Name = "Publisher"; Value = "Texas Instruments"; VariantName = "[No Variations]"
Add component (AddParameter): Name = "RoHS"; Value = "Y"; VariantName = "[No Variations]"
Add component (AddParameter): Name = "SizeArea_mm2"; Value = "7.5"; VariantName = "[No Variations]"
Add component (AddParameter): Name = "SizeAreaWB_mm2"; Value = "14"; VariantName = "[No Variations]"
Add component (AddParameter): Name = "SizeX_mm"; Value = "2.5"; VariantName = "[No Variations]"
Add component (AddParameter): Name = "SizeY_mm"; Value = "3"; VariantName = "[No Variations]"
Add component (AddParameter): Name = "SizeZ_mm"; Value = "1.1"; VariantName = "[No Variations]"
Add component (AddParameter): Name = "Supplier 1"; Value = "Digi-Key"; VariantName = "[No Variations]"
Add component (AddParameter): Name = "Supplier 2"; Value = ""; VariantName = "[No Variations]"
Add component (AddParameter): Name = "Supplier 3"; Value = ""; VariantName = "[No Variations]"
Add component (AddParameter): Name = "Supplier Part Number 1"; Value = "568-6225-1-ND"; VariantName = "[No Variations]"
Add component (AddParameter): Name = "Supplier Part Number 2"; Value = ""; VariantName = "[No Variations]"
Add component (AddParameter): Name = "Supplier Part Number 3"; Value = ""; VariantName = "[No Variations]"
Add component (AddParameter): Name = "SymbolVersion"; Value = "2008-07-31"; VariantName = "[No Variations]"
Add component (AddParameter): Name = "TaMax_C"; Value = "150"; VariantName = "[No Variations]"
Add component (AddParameter): Name = "TaMin_C"; Value = "-65"; VariantName = "[No Variations]"
Add component (AddParameter): Name = "U/M"; Value = "EA"; VariantName = "[No Variations]"
Add component (AddParameter): Name = "Value"; Value = "40 V"; VariantName = "[No Variations]"
Add component (AddParameter): Name = "Value1"; Value = "0.8 A"; VariantName = "[No Variations]"
Add component (AddParameter): Name = "Value2"; Value = "300"; VariantName = "[No Variations]"
Add component (AddParameter): Name = "Vceo_V"; Value = "40"; VariantName = "[No Variations]"
Add component (AddParameter): Name = "Vcesat1_V"; Value = "0.3"; VariantName = "[No Variations]"
Added Component: Designator=Q2_balancer11(dpak)
Add component (AddParameter): Name = "AEC Category"; Value = "Q101"; VariantName = "[No Variations]"
Add component (AddParameter): Name = "AEC Qualified"; Value = "?"; VariantName = "[No Variations]"
Add component (AddParameter): Name = "Alternate Manufacturer"; Value = ""; VariantName = "[No Variations]"
Add component (AddParameter): Name = "Alternate PartNumber"; Value = ""; VariantName = "[No Variations]"
Add component (AddParameter): Name = "ComponentLink1Description"; Value = "Datasheet link"; VariantName = "[No Variations]"
Add component (AddParameter): Name = "ComponentLink1URL"; Value = "http://www.nexperia.com/documents/data_sheet/BSR13_BSR14.pdf"; VariantName = "[No Variations]"
Add component (AddParameter): Name = "CompType"; Value = "BJT"; VariantName = "[No Variations]"
Add component (AddParameter): Name = "Green_EU RoHS"; Value = ""; VariantName = "[No Variations]"
Add component (AddParameter): Name = "Green_EU RoHS-2"; Value = ""; VariantName = "[No Variations]"
Add component (AddParameter): Name = "Green_Lifecycle"; Value = ""; VariantName = "[No Variations]"
Add component (AddParameter): Name = "Green_REACh"; Value = ""; VariantName = "[No Variations]"
Add component (AddParameter): Name = "HfeMax"; Value = "300"; VariantName = "[No Variations]"
Add component (AddParameter): Name = "IcRated_A"; Value = "0.8"; VariantName = "[No Variations]"
Add component (AddParameter): Name = "LatestRevisionDate"; Value = "2017-06-09"; VariantName = "[No Variations]"
Add component (AddParameter): Name = "Manufacturer"; Value = "Nexperia"; VariantName = "[No Variations]"
Add component (AddParameter): Name = "MountType"; Value = "SMT"; VariantName = "[No Variations]"
Add component (AddParameter): Name = "NPN"; Value = "1"; VariantName = "[No Variations]"
Add component (AddParameter): Name = "PackageReference"; Value = "SOT-23"; VariantName = "[No Variations]"
Add component (AddParameter): Name = "PartNumber"; Value = "BSR14"; VariantName = "[No Variations]"
Add component (AddParameter): Name = "PNP"; Value = "0"; VariantName = "[No Variations]"
Add component (AddParameter): Name = "Published"; Value = "2008-07-31"; VariantName = "[No Variations]"
Add component (AddParameter): Name = "Publisher"; Value = "Texas Instruments"; VariantName = "[No Variations]"
Add component (AddParameter): Name = "RoHS"; Value = "Y"; VariantName = "[No Variations]"
Add component (AddParameter): Name = "SizeArea_mm2"; Value = "7.5"; VariantName = "[No Variations]"
Add component (AddParameter): Name = "SizeAreaWB_mm2"; Value = "14"; VariantName = "[No Variations]"
Add component (AddParameter): Name = "SizeX_mm"; Value = "2.5"; VariantName = "[No Variations]"
Add component (AddParameter): Name = "SizeY_mm"; Value = "3"; VariantName = "[No Variations]"
Add component (AddParameter): Name = "SizeZ_mm"; Value = "1.1"; VariantName = "[No Variations]"
Add component (AddParameter): Name = "Supplier 1"; Value = "Digi-Key"; VariantName = "[No Variations]"
Add component (AddParameter): Name = "Supplier 2"; Value = ""; VariantName = "[No Variations]"
Add component (AddParameter): Name = "Supplier 3"; Value = ""; VariantName = "[No Variations]"
Add component (AddParameter): Name = "Supplier Part Number 1"; Value = "568-6225-1-ND"; VariantName = "[No Variations]"
Add component (AddParameter): Name = "Supplier Part Number 2"; Value = ""; VariantName = "[No Variations]"
Add component (AddParameter): Name = "Supplier Part Number 3"; Value = ""; VariantName = "[No Variations]"
Add component (AddParameter): Name = "SymbolVersion"; Value = "2008-07-31"; VariantName = "[No Variations]"
Add component (AddParameter): Name = "TaMax_C"; Value = "150"; VariantName = "[No Variations]"
Add component (AddParameter): Name = "TaMin_C"; Value = "-65"; VariantName = "[No Variations]"
Add component (AddParameter): Name = "U/M"; Value = "EA"; VariantName = "[No Variations]"
Add component (AddParameter): Name = "Value"; Value = "40 V"; VariantName = "[No Variations]"
Add component (AddParameter): Name = "Value1"; Value = "0.8 A"; VariantName = "[No Variations]"
Add component (AddParameter): Name = "Value2"; Value = "300"; VariantName = "[No Variations]"
Add component (AddParameter): Name = "Vceo_V"; Value = "40"; VariantName = "[No Variations]"
Add component (AddParameter): Name = "Vcesat1_V"; Value = "0.3"; VariantName = "[No Variations]"
Added Component: Designator=Q2_balancer12(dpak)
Add component (AddParameter): Name = "AEC Category"; Value = "Q101"; VariantName = "[No Variations]"
Add component (AddParameter): Name = "AEC Qualified"; Value = "?"; VariantName = "[No Variations]"
Add component (AddParameter): Name = "Alternate Manufacturer"; Value = ""; VariantName = "[No Variations]"
Add component (AddParameter): Name = "Alternate PartNumber"; Value = ""; VariantName = "[No Variations]"
Add component (AddParameter): Name = "ComponentLink1Description"; Value = "Datasheet link"; VariantName = "[No Variations]"
Add component (AddParameter): Name = "ComponentLink1URL"; Value = "http://www.nexperia.com/documents/data_sheet/BSR13_BSR14.pdf"; VariantName = "[No Variations]"
Add component (AddParameter): Name = "CompType"; Value = "BJT"; VariantName = "[No Variations]"
Add component (AddParameter): Name = "Green_EU RoHS"; Value = ""; VariantName = "[No Variations]"
Add component (AddParameter): Name = "Green_EU RoHS-2"; Value = ""; VariantName = "[No Variations]"
Add component (AddParameter): Name = "Green_Lifecycle"; Value = ""; VariantName = "[No Variations]"
Add component (AddParameter): Name = "Green_REACh"; Value = ""; VariantName = "[No Variations]"
Add component (AddParameter): Name = "HfeMax"; Value = "300"; VariantName = "[No Variations]"
Add component (AddParameter): Name = "IcRated_A"; Value = "0.8"; VariantName = "[No Variations]"
Add component (AddParameter): Name = "LatestRevisionDate"; Value = "2017-06-09"; VariantName = "[No Variations]"
Add component (AddParameter): Name = "Manufacturer"; Value = "Nexperia"; VariantName = "[No Variations]"
Add component (AddParameter): Name = "MountType"; Value = "SMT"; VariantName = "[No Variations]"
Add component (AddParameter): Name = "NPN"; Value = "1"; VariantName = "[No Variations]"
Add component (AddParameter): Name = "PackageReference"; Value = "SOT-23"; VariantName = "[No Variations]"
Add component (AddParameter): Name = "PartNumber"; Value = "BSR14"; VariantName = "[No Variations]"
Add component (AddParameter): Name = "PNP"; Value = "0"; VariantName = "[No Variations]"
Add component (AddParameter): Name = "Published"; Value = "2008-07-31"; VariantName = "[No Variations]"
Add component (AddParameter): Name = "Publisher"; Value = "Texas Instruments"; VariantName = "[No Variations]"
Add component (AddParameter): Name = "RoHS"; Value = "Y"; VariantName = "[No Variations]"
Add component (AddParameter): Name = "SizeArea_mm2"; Value = "7.5"; VariantName = "[No Variations]"
Add component (AddParameter): Name = "SizeAreaWB_mm2"; Value = "14"; VariantName = "[No Variations]"
Add component (AddParameter): Name = "SizeX_mm"; Value = "2.5"; VariantName = "[No Variations]"
Add component (AddParameter): Name = "SizeY_mm"; Value = "3"; VariantName = "[No Variations]"
Add component (AddParameter): Name = "SizeZ_mm"; Value = "1.1"; VariantName = "[No Variations]"
Add component (AddParameter): Name = "Supplier 1"; Value = "Digi-Key"; VariantName = "[No Variations]"
Add component (AddParameter): Name = "Supplier 2"; Value = ""; VariantName = "[No Variations]"
Add component (AddParameter): Name = "Supplier 3"; Value = ""; VariantName = "[No Variations]"
Add component (AddParameter): Name = "Supplier Part Number 1"; Value = "568-6225-1-ND"; VariantName = "[No Variations]"
Add component (AddParameter): Name = "Supplier Part Number 2"; Value = ""; VariantName = "[No Variations]"
Add component (AddParameter): Name = "Supplier Part Number 3"; Value = ""; VariantName = "[No Variations]"
Add component (AddParameter): Name = "SymbolVersion"; Value = "2008-07-31"; VariantName = "[No Variations]"
Add component (AddParameter): Name = "TaMax_C"; Value = "150"; VariantName = "[No Variations]"
Add component (AddParameter): Name = "TaMin_C"; Value = "-65"; VariantName = "[No Variations]"
Add component (AddParameter): Name = "U/M"; Value = "EA"; VariantName = "[No Variations]"
Add component (AddParameter): Name = "Value"; Value = "40 V"; VariantName = "[No Variations]"
Add component (AddParameter): Name = "Value1"; Value = "0.8 A"; VariantName = "[No Variations]"
Add component (AddParameter): Name = "Value2"; Value = "300"; VariantName = "[No Variations]"
Add component (AddParameter): Name = "Vceo_V"; Value = "40"; VariantName = "[No Variations]"
Add component (AddParameter): Name = "Vcesat1_V"; Value = "0.3"; VariantName = "[No Variations]"
Added Component: Designator=Q2_balancer13(dpak)
Add component (AddParameter): Name = "AEC Category"; Value = "Q101"; VariantName = "[No Variations]"
Add component (AddParameter): Name = "AEC Qualified"; Value = "?"; VariantName = "[No Variations]"
Add component (AddParameter): Name = "Alternate Manufacturer"; Value = ""; VariantName = "[No Variations]"
Add component (AddParameter): Name = "Alternate PartNumber"; Value = ""; VariantName = "[No Variations]"
Add component (AddParameter): Name = "ComponentLink1Description"; Value = "Datasheet link"; VariantName = "[No Variations]"
Add component (AddParameter): Name = "ComponentLink1URL"; Value = "http://www.nexperia.com/documents/data_sheet/BSR13_BSR14.pdf"; VariantName = "[No Variations]"
Add component (AddParameter): Name = "CompType"; Value = "BJT"; VariantName = "[No Variations]"
Add component (AddParameter): Name = "Green_EU RoHS"; Value = ""; VariantName = "[No Variations]"
Add component (AddParameter): Name = "Green_EU RoHS-2"; Value = ""; VariantName = "[No Variations]"
Add component (AddParameter): Name = "Green_Lifecycle"; Value = ""; VariantName = "[No Variations]"
Add component (AddParameter): Name = "Green_REACh"; Value = ""; VariantName = "[No Variations]"
Add component (AddParameter): Name = "HfeMax"; Value = "300"; VariantName = "[No Variations]"
Add component (AddParameter): Name = "IcRated_A"; Value = "0.8"; VariantName = "[No Variations]"
Add component (AddParameter): Name = "LatestRevisionDate"; Value = "2017-06-09"; VariantName = "[No Variations]"
Add component (AddParameter): Name = "Manufacturer"; Value = "Nexperia"; VariantName = "[No Variations]"
Add component (AddParameter): Name = "MountType"; Value = "SMT"; VariantName = "[No Variations]"
Add component (AddParameter): Name = "NPN"; Value = "1"; VariantName = "[No Variations]"
Add component (AddParameter): Name = "PackageReference"; Value = "SOT-23"; VariantName = "[No Variations]"
Add component (AddParameter): Name = "PartNumber"; Value = "BSR14"; VariantName = "[No Variations]"
Add component (AddParameter): Name = "PNP"; Value = "0"; VariantName = "[No Variations]"
Add component (AddParameter): Name = "Published"; Value = "2008-07-31"; VariantName = "[No Variations]"
Add component (AddParameter): Name = "Publisher"; Value = "Texas Instruments"; VariantName = "[No Variations]"
Add component (AddParameter): Name = "RoHS"; Value = "Y"; VariantName = "[No Variations]"
Add component (AddParameter): Name = "SizeArea_mm2"; Value = "7.5"; VariantName = "[No Variations]"
Add component (AddParameter): Name = "SizeAreaWB_mm2"; Value = "14"; VariantName = "[No Variations]"
Add component (AddParameter): Name = "SizeX_mm"; Value = "2.5"; VariantName = "[No Variations]"
Add component (AddParameter): Name = "SizeY_mm"; Value = "3"; VariantName = "[No Variations]"
Add component (AddParameter): Name = "SizeZ_mm"; Value = "1.1"; VariantName = "[No Variations]"
Add component (AddParameter): Name = "Supplier 1"; Value = "Digi-Key"; VariantName = "[No Variations]"
Add component (AddParameter): Name = "Supplier 2"; Value = ""; VariantName = "[No Variations]"
Add component (AddParameter): Name = "Supplier 3"; Value = ""; VariantName = "[No Variations]"
Add component (AddParameter): Name = "Supplier Part Number 1"; Value = "568-6225-1-ND"; VariantName = "[No Variations]"
Add component (AddParameter): Name = "Supplier Part Number 2"; Value = ""; VariantName = "[No Variations]"
Add component (AddParameter): Name = "Supplier Part Number 3"; Value = ""; VariantName = "[No Variations]"
Add component (AddParameter): Name = "SymbolVersion"; Value = "2008-07-31"; VariantName = "[No Variations]"
Add component (AddParameter): Name = "TaMax_C"; Value = "150"; VariantName = "[No Variations]"
Add component (AddParameter): Name = "TaMin_C"; Value = "-65"; VariantName = "[No Variations]"
Add component (AddParameter): Name = "U/M"; Value = "EA"; VariantName = "[No Variations]"
Add component (AddParameter): Name = "Value"; Value = "40 V"; VariantName = "[No Variations]"
Add component (AddParameter): Name = "Value1"; Value = "0.8 A"; VariantName = "[No Variations]"
Add component (AddParameter): Name = "Value2"; Value = "300"; VariantName = "[No Variations]"
Add component (AddParameter): Name = "Vceo_V"; Value = "40"; VariantName = "[No Variations]"
Add component (AddParameter): Name = "Vcesat1_V"; Value = "0.3"; VariantName = "[No Variations]"
Added Component: Designator=Q2_balancer14(dpak)
Add component (AddParameter): Name = "AEC Category"; Value = "Q101"; VariantName = "[No Variations]"
Add component (AddParameter): Name = "AEC Qualified"; Value = "?"; VariantName = "[No Variations]"
Add component (AddParameter): Name = "Alternate Manufacturer"; Value = ""; VariantName = "[No Variations]"
Add component (AddParameter): Name = "Alternate PartNumber"; Value = ""; VariantName = "[No Variations]"
Add component (AddParameter): Name = "ComponentLink1Description"; Value = "Datasheet link"; VariantName = "[No Variations]"
Add component (AddParameter): Name = "ComponentLink1URL"; Value = "http://www.nexperia.com/documents/data_sheet/BSR13_BSR14.pdf"; VariantName = "[No Variations]"
Add component (AddParameter): Name = "CompType"; Value = "BJT"; VariantName = "[No Variations]"
Add component (AddParameter): Name = "Green_EU RoHS"; Value = ""; VariantName = "[No Variations]"
Add component (AddParameter): Name = "Green_EU RoHS-2"; Value = ""; VariantName = "[No Variations]"
Add component (AddParameter): Name = "Green_Lifecycle"; Value = ""; VariantName = "[No Variations]"
Add component (AddParameter): Name = "Green_REACh"; Value = ""; VariantName = "[No Variations]"
Add component (AddParameter): Name = "HfeMax"; Value = "300"; VariantName = "[No Variations]"
Add component (AddParameter): Name = "IcRated_A"; Value = "0.8"; VariantName = "[No Variations]"
Add component (AddParameter): Name = "LatestRevisionDate"; Value = "2017-06-09"; VariantName = "[No Variations]"
Add component (AddParameter): Name = "Manufacturer"; Value = "Nexperia"; VariantName = "[No Variations]"
Add component (AddParameter): Name = "MountType"; Value = "SMT"; VariantName = "[No Variations]"
Add component (AddParameter): Name = "NPN"; Value = "1"; VariantName = "[No Variations]"
Add component (AddParameter): Name = "PackageReference"; Value = "SOT-23"; VariantName = "[No Variations]"
Add component (AddParameter): Name = "PartNumber"; Value = "BSR14"; VariantName = "[No Variations]"
Add component (AddParameter): Name = "PNP"; Value = "0"; VariantName = "[No Variations]"
Add component (AddParameter): Name = "Published"; Value = "2008-07-31"; VariantName = "[No Variations]"
Add component (AddParameter): Name = "Publisher"; Value = "Texas Instruments"; VariantName = "[No Variations]"
Add component (AddParameter): Name = "RoHS"; Value = "Y"; VariantName = "[No Variations]"
Add component (AddParameter): Name = "SizeArea_mm2"; Value = "7.5"; VariantName = "[No Variations]"
Add component (AddParameter): Name = "SizeAreaWB_mm2"; Value = "14"; VariantName = "[No Variations]"
Add component (AddParameter): Name = "SizeX_mm"; Value = "2.5"; VariantName = "[No Variations]"
Add component (AddParameter): Name = "SizeY_mm"; Value = "3"; VariantName = "[No Variations]"
Add component (AddParameter): Name = "SizeZ_mm"; Value = "1.1"; VariantName = "[No Variations]"
Add component (AddParameter): Name = "Supplier 1"; Value = "Digi-Key"; VariantName = "[No Variations]"
Add component (AddParameter): Name = "Supplier 2"; Value = ""; VariantName = "[No Variations]"
Add component (AddParameter): Name = "Supplier 3"; Value = ""; VariantName = "[No Variations]"
Add component (AddParameter): Name = "Supplier Part Number 1"; Value = "568-6225-1-ND"; VariantName = "[No Variations]"
Add component (AddParameter): Name = "Supplier Part Number 2"; Value = ""; VariantName = "[No Variations]"
Add component (AddParameter): Name = "Supplier Part Number 3"; Value = ""; VariantName = "[No Variations]"
Add component (AddParameter): Name = "SymbolVersion"; Value = "2008-07-31"; VariantName = "[No Variations]"
Add component (AddParameter): Name = "TaMax_C"; Value = "150"; VariantName = "[No Variations]"
Add component (AddParameter): Name = "TaMin_C"; Value = "-65"; VariantName = "[No Variations]"
Add component (AddParameter): Name = "U/M"; Value = "EA"; VariantName = "[No Variations]"
Add component (AddParameter): Name = "Value"; Value = "40 V"; VariantName = "[No Variations]"
Add component (AddParameter): Name = "Value1"; Value = "0.8 A"; VariantName = "[No Variations]"
Add component (AddParameter): Name = "Value2"; Value = "300"; VariantName = "[No Variations]"
Add component (AddParameter): Name = "Vceo_V"; Value = "40"; VariantName = "[No Variations]"
Add component (AddParameter): Name = "Vcesat1_V"; Value = "0.3"; VariantName = "[No Variations]"
Added Component: Designator=Q2_balancer15(dpak)
Add component (AddParameter): Name = "AEC Category"; Value = "Q101"; VariantName = "[No Variations]"
Add component (AddParameter): Name = "AEC Qualified"; Value = "?"; VariantName = "[No Variations]"
Add component (AddParameter): Name = "Alternate Manufacturer"; Value = ""; VariantName = "[No Variations]"
Add component (AddParameter): Name = "Alternate PartNumber"; Value = ""; VariantName = "[No Variations]"
Add component (AddParameter): Name = "ComponentLink1Description"; Value = "Datasheet link"; VariantName = "[No Variations]"
Add component (AddParameter): Name = "ComponentLink1URL"; Value = "http://www.nexperia.com/documents/data_sheet/BSR13_BSR14.pdf"; VariantName = "[No Variations]"
Add component (AddParameter): Name = "CompType"; Value = "BJT"; VariantName = "[No Variations]"
Add component (AddParameter): Name = "Green_EU RoHS"; Value = ""; VariantName = "[No Variations]"
Add component (AddParameter): Name = "Green_EU RoHS-2"; Value = ""; VariantName = "[No Variations]"
Add component (AddParameter): Name = "Green_Lifecycle"; Value = ""; VariantName = "[No Variations]"
Add component (AddParameter): Name = "Green_REACh"; Value = ""; VariantName = "[No Variations]"
Add component (AddParameter): Name = "HfeMax"; Value = "300"; VariantName = "[No Variations]"
Add component (AddParameter): Name = "IcRated_A"; Value = "0.8"; VariantName = "[No Variations]"
Add component (AddParameter): Name = "LatestRevisionDate"; Value = "2017-06-09"; VariantName = "[No Variations]"
Add component (AddParameter): Name = "Manufacturer"; Value = "Nexperia"; VariantName = "[No Variations]"
Add component (AddParameter): Name = "MountType"; Value = "SMT"; VariantName = "[No Variations]"
Add component (AddParameter): Name = "NPN"; Value = "1"; VariantName = "[No Variations]"
Add component (AddParameter): Name = "PackageReference"; Value = "SOT-23"; VariantName = "[No Variations]"
Add component (AddParameter): Name = "PartNumber"; Value = "BSR14"; VariantName = "[No Variations]"
Add component (AddParameter): Name = "PNP"; Value = "0"; VariantName = "[No Variations]"
Add component (AddParameter): Name = "Published"; Value = "2008-07-31"; VariantName = "[No Variations]"
Add component (AddParameter): Name = "Publisher"; Value = "Texas Instruments"; VariantName = "[No Variations]"
Add component (AddParameter): Name = "RoHS"; Value = "Y"; VariantName = "[No Variations]"
Add component (AddParameter): Name = "SizeArea_mm2"; Value = "7.5"; VariantName = "[No Variations]"
Add component (AddParameter): Name = "SizeAreaWB_mm2"; Value = "14"; VariantName = "[No Variations]"
Add component (AddParameter): Name = "SizeX_mm"; Value = "2.5"; VariantName = "[No Variations]"
Add component (AddParameter): Name = "SizeY_mm"; Value = "3"; VariantName = "[No Variations]"
Add component (AddParameter): Name = "SizeZ_mm"; Value = "1.1"; VariantName = "[No Variations]"
Add component (AddParameter): Name = "Supplier 1"; Value = "Digi-Key"; VariantName = "[No Variations]"
Add component (AddParameter): Name = "Supplier 2"; Value = ""; VariantName = "[No Variations]"
Add component (AddParameter): Name = "Supplier 3"; Value = ""; VariantName = "[No Variations]"
Add component (AddParameter): Name = "Supplier Part Number 1"; Value = "568-6225-1-ND"; VariantName = "[No Variations]"
Add component (AddParameter): Name = "Supplier Part Number 2"; Value = ""; VariantName = "[No Variations]"
Add component (AddParameter): Name = "Supplier Part Number 3"; Value = ""; VariantName = "[No Variations]"
Add component (AddParameter): Name = "SymbolVersion"; Value = "2008-07-31"; VariantName = "[No Variations]"
Add component (AddParameter): Name = "TaMax_C"; Value = "150"; VariantName = "[No Variations]"
Add component (AddParameter): Name = "TaMin_C"; Value = "-65"; VariantName = "[No Variations]"
Add component (AddParameter): Name = "U/M"; Value = "EA"; VariantName = "[No Variations]"
Add component (AddParameter): Name = "Value"; Value = "40 V"; VariantName = "[No Variations]"
Add component (AddParameter): Name = "Value1"; Value = "0.8 A"; VariantName = "[No Variations]"
Add component (AddParameter): Name = "Value2"; Value = "300"; VariantName = "[No Variations]"
Add component (AddParameter): Name = "Vceo_V"; Value = "40"; VariantName = "[No Variations]"
Add component (AddParameter): Name = "Vcesat1_V"; Value = "0.3"; VariantName = "[No Variations]"
Added Component: Designator=Q2_balancer16(dpak)
Add component (AddParameter): Name = "AEC Category"; Value = "Q101"; VariantName = "[No Variations]"
Add component (AddParameter): Name = "AEC Qualified"; Value = "?"; VariantName = "[No Variations]"
Add component (AddParameter): Name = "Alternate Manufacturer"; Value = ""; VariantName = "[No Variations]"
Add component (AddParameter): Name = "Alternate PartNumber"; Value = ""; VariantName = "[No Variations]"
Add component (AddParameter): Name = "ComponentLink1Description"; Value = "Datasheet link"; VariantName = "[No Variations]"
Add component (AddParameter): Name = "ComponentLink1URL"; Value = "http://www.nexperia.com/documents/data_sheet/BSR13_BSR14.pdf"; VariantName = "[No Variations]"
Add component (AddParameter): Name = "CompType"; Value = "BJT"; VariantName = "[No Variations]"
Add component (AddParameter): Name = "Green_EU RoHS"; Value = ""; VariantName = "[No Variations]"
Add component (AddParameter): Name = "Green_EU RoHS-2"; Value = ""; VariantName = "[No Variations]"
Add component (AddParameter): Name = "Green_Lifecycle"; Value = ""; VariantName = "[No Variations]"
Add component (AddParameter): Name = "Green_REACh"; Value = ""; VariantName = "[No Variations]"
Add component (AddParameter): Name = "HfeMax"; Value = "300"; VariantName = "[No Variations]"
Add component (AddParameter): Name = "IcRated_A"; Value = "0.8"; VariantName = "[No Variations]"
Add component (AddParameter): Name = "LatestRevisionDate"; Value = "2017-06-09"; VariantName = "[No Variations]"
Add component (AddParameter): Name = "Manufacturer"; Value = "Nexperia"; VariantName = "[No Variations]"
Add component (AddParameter): Name = "MountType"; Value = "SMT"; VariantName = "[No Variations]"
Add component (AddParameter): Name = "NPN"; Value = "1"; VariantName = "[No Variations]"
Add component (AddParameter): Name = "PackageReference"; Value = "SOT-23"; VariantName = "[No Variations]"
Add component (AddParameter): Name = "PartNumber"; Value = "BSR14"; VariantName = "[No Variations]"
Add component (AddParameter): Name = "PNP"; Value = "0"; VariantName = "[No Variations]"
Add component (AddParameter): Name = "Published"; Value = "2008-07-31"; VariantName = "[No Variations]"
Add component (AddParameter): Name = "Publisher"; Value = "Texas Instruments"; VariantName = "[No Variations]"
Add component (AddParameter): Name = "RoHS"; Value = "Y"; VariantName = "[No Variations]"
Add component (AddParameter): Name = "SizeArea_mm2"; Value = "7.5"; VariantName = "[No Variations]"
Add component (AddParameter): Name = "SizeAreaWB_mm2"; Value = "14"; VariantName = "[No Variations]"
Add component (AddParameter): Name = "SizeX_mm"; Value = "2.5"; VariantName = "[No Variations]"
Add component (AddParameter): Name = "SizeY_mm"; Value = "3"; VariantName = "[No Variations]"
Add component (AddParameter): Name = "SizeZ_mm"; Value = "1.1"; VariantName = "[No Variations]"
Add component (AddParameter): Name = "Supplier 1"; Value = "Digi-Key"; VariantName = "[No Variations]"
Add component (AddParameter): Name = "Supplier 2"; Value = ""; VariantName = "[No Variations]"
Add component (AddParameter): Name = "Supplier 3"; Value = ""; VariantName = "[No Variations]"
Add component (AddParameter): Name = "Supplier Part Number 1"; Value = "568-6225-1-ND"; VariantName = "[No Variations]"
Add component (AddParameter): Name = "Supplier Part Number 2"; Value = ""; VariantName = "[No Variations]"
Add component (AddParameter): Name = "Supplier Part Number 3"; Value = ""; VariantName = "[No Variations]"
Add component (AddParameter): Name = "SymbolVersion"; Value = "2008-07-31"; VariantName = "[No Variations]"
Add component (AddParameter): Name = "TaMax_C"; Value = "150"; VariantName = "[No Variations]"
Add component (AddParameter): Name = "TaMin_C"; Value = "-65"; VariantName = "[No Variations]"
Add component (AddParameter): Name = "U/M"; Value = "EA"; VariantName = "[No Variations]"
Add component (AddParameter): Name = "Value"; Value = "40 V"; VariantName = "[No Variations]"
Add component (AddParameter): Name = "Value1"; Value = "0.8 A"; VariantName = "[No Variations]"
Add component (AddParameter): Name = "Value2"; Value = "300"; VariantName = "[No Variations]"
Add component (AddParameter): Name = "Vceo_V"; Value = "40"; VariantName = "[No Variations]"
Add component (AddParameter): Name = "Vcesat1_V"; Value = "0.3"; VariantName = "[No Variations]"
Added Component: Designator=Q3(dpak)
Add component (AddParameter): Name = "ComponentLink1Description"; Value = "Manufacturer Link"; VariantName = "[No Variations]"
Add component (AddParameter): Name = "ComponentLink1URL"; Value = "http://www.irf.com/"; VariantName = "[No Variations]"
Add component (AddParameter): Name = "DatasheetVersion"; Value = "PD-9.814"; VariantName = "[No Variations]"
Add component (AddParameter): Name = "LatestRevisionDate"; Value = "17-Jul-2002"; VariantName = "[No Variations]"
Add component (AddParameter): Name = "LatestRevisionNote"; Value = "Re-released for DXP Platform."; VariantName = "[No Variations]"
Add component (AddParameter): Name = "Note"; Value = "Pin 2 is electrically connected to pin 4."; VariantName = "[No Variations]"
Add component (AddParameter): Name = "PackageDescription"; Value = "TO, Thru-Hole, Vertical, Heatsink Mounted; 3 In-Line Leads; Pitch 2.54 mm"; VariantName = "[No Variations]"
Add component (AddParameter): Name = "PackageReference"; Value = "TO-220AB"; VariantName = "[No Variations]"
Add component (AddParameter): Name = "PackageVersion"; Value = "Feb-1997"; VariantName = "[No Variations]"
Add component (AddParameter): Name = "Published"; Value = "8-Jun-2000"; VariantName = "[No Variations]"
Add component (AddParameter): Name = "Publisher"; Value = "Altium Limited"; VariantName = "[No Variations]"
Added Component: Designator=Q4(NPN)
Add component (AddParameter): Name = "Transistor"; Value = "BC817"; VariantName = "[No Variations]"
Added Component: Designator=Q5_Fan1(NPN)
Add component (AddParameter): Name = "Transistor"; Value = "BC817"; VariantName = "[No Variations]"
Added Component: Designator=Q5_Fan2(NPN)
Add component (AddParameter): Name = "Transistor"; Value = "BC817"; VariantName = "[No Variations]"
Added Component: Designator=Q6_Fan1(dpak)
Add component (AddParameter): Name = "ComponentLink1Description"; Value = "Manufacturer Link"; VariantName = "[No Variations]"
Add component (AddParameter): Name = "ComponentLink1URL"; Value = "http://www.irf.com/"; VariantName = "[No Variations]"
Add component (AddParameter): Name = "DatasheetVersion"; Value = "PD-9.814"; VariantName = "[No Variations]"
Add component (AddParameter): Name = "LatestRevisionDate"; Value = "17-Jul-2002"; VariantName = "[No Variations]"
Add component (AddParameter): Name = "LatestRevisionNote"; Value = "Re-released for DXP Platform."; VariantName = "[No Variations]"
Add component (AddParameter): Name = "Note"; Value = "Pin 2 is electrically connected to pin 4."; VariantName = "[No Variations]"
Add component (AddParameter): Name = "PackageDescription"; Value = "TO, Thru-Hole, Vertical, Heatsink Mounted; 3 In-Line Leads; Pitch 2.54 mm"; VariantName = "[No Variations]"
Add component (AddParameter): Name = "PackageReference"; Value = "TO-220AB"; VariantName = "[No Variations]"
Add component (AddParameter): Name = "PackageVersion"; Value = "Feb-1997"; VariantName = "[No Variations]"
Add component (AddParameter): Name = "Published"; Value = "8-Jun-2000"; VariantName = "[No Variations]"
Add component (AddParameter): Name = "Publisher"; Value = "Altium Limited"; VariantName = "[No Variations]"
Added Component: Designator=Q6_Fan2(dpak)
Add component (AddParameter): Name = "ComponentLink1Description"; Value = "Manufacturer Link"; VariantName = "[No Variations]"
Add component (AddParameter): Name = "ComponentLink1URL"; Value = "http://www.irf.com/"; VariantName = "[No Variations]"
Add component (AddParameter): Name = "DatasheetVersion"; Value = "PD-9.814"; VariantName = "[No Variations]"
Add component (AddParameter): Name = "LatestRevisionDate"; Value = "17-Jul-2002"; VariantName = "[No Variations]"
Add component (AddParameter): Name = "LatestRevisionNote"; Value = "Re-released for DXP Platform."; VariantName = "[No Variations]"
Add component (AddParameter): Name = "Note"; Value = "Pin 2 is electrically connected to pin 4."; VariantName = "[No Variations]"
Add component (AddParameter): Name = "PackageDescription"; Value = "TO, Thru-Hole, Vertical, Heatsink Mounted; 3 In-Line Leads; Pitch 2.54 mm"; VariantName = "[No Variations]"
Add component (AddParameter): Name = "PackageReference"; Value = "TO-220AB"; VariantName = "[No Variations]"
Add component (AddParameter): Name = "PackageVersion"; Value = "Feb-1997"; VariantName = "[No Variations]"
Add component (AddParameter): Name = "Published"; Value = "8-Jun-2000"; VariantName = "[No Variations]"
Add component (AddParameter): Name = "Publisher"; Value = "Altium Limited"; VariantName = "[No Variations]"
Added Component: Designator=R1(RESC0603)
Add component (AddParameter): Name = "LatestRevisionDate"; Value = "17-Jul-2002"; VariantName = "[No Variations]"
Add component (AddParameter): Name = "LatestRevisionNote"; Value = "Re-released for DXP Platform."; VariantName = "[No Variations]"
Add component (AddParameter): Name = "PackageReference"; Value = "AXIAL-0.5"; VariantName = "[No Variations]"
Add component (AddParameter): Name = "Published"; Value = "8-Jun-2000"; VariantName = "[No Variations]"
Add component (AddParameter): Name = "Publisher"; Value = "Altium Limited"; VariantName = "[No Variations]"
Add component (AddParameter): Name = "Value"; Value = "10K"; VariantName = "[No Variations]"
Added Component: Designator=R2(RESC0603)
Add component (AddParameter): Name = "LatestRevisionDate"; Value = "17-Jul-2002"; VariantName = "[No Variations]"
Add component (AddParameter): Name = "LatestRevisionNote"; Value = "Re-released for DXP Platform."; VariantName = "[No Variations]"
Add component (AddParameter): Name = "PackageReference"; Value = "AXIAL-0.5"; VariantName = "[No Variations]"
Add component (AddParameter): Name = "Published"; Value = "8-Jun-2000"; VariantName = "[No Variations]"
Add component (AddParameter): Name = "Publisher"; Value = "Altium Limited"; VariantName = "[No Variations]"
Add component (AddParameter): Name = "Value"; Value = "10K"; VariantName = "[No Variations]"
Added Component: Designator=R3(RESC0603)
Add component (AddParameter): Name = "LatestRevisionDate"; Value = "17-Jul-2002"; VariantName = "[No Variations]"
Add component (AddParameter): Name = "LatestRevisionNote"; Value = "Re-released for DXP Platform."; VariantName = "[No Variations]"
Add component (AddParameter): Name = "PackageReference"; Value = "AXIAL-0.5"; VariantName = "[No Variations]"
Add component (AddParameter): Name = "Published"; Value = "8-Jun-2000"; VariantName = "[No Variations]"
Add component (AddParameter): Name = "Publisher"; Value = "Altium Limited"; VariantName = "[No Variations]"
Add component (AddParameter): Name = "Value"; Value = "10K"; VariantName = "[No Variations]"
Added Component: Designator=R4(RESC0603)
Add component (AddParameter): Name = "LatestRevisionDate"; Value = "17-Jul-2002"; VariantName = "[No Variations]"
Add component (AddParameter): Name = "LatestRevisionNote"; Value = "Re-released for DXP Platform."; VariantName = "[No Variations]"
Add component (AddParameter): Name = "PackageReference"; Value = "AXIAL-0.5"; VariantName = "[No Variations]"
Add component (AddParameter): Name = "Published"; Value = "8-Jun-2000"; VariantName = "[No Variations]"
Add component (AddParameter): Name = "Publisher"; Value = "Altium Limited"; VariantName = "[No Variations]"
Add component (AddParameter): Name = "Value"; Value = "10K"; VariantName = "[No Variations]"
Added Component: Designator=R5(RESC0603)
Add component (AddParameter): Name = "LatestRevisionDate"; Value = "17-Jul-2002"; VariantName = "[No Variations]"
Add component (AddParameter): Name = "LatestRevisionNote"; Value = "Re-released for DXP Platform."; VariantName = "[No Variations]"
Add component (AddParameter): Name = "PackageReference"; Value = "AXIAL-0.5"; VariantName = "[No Variations]"
Add component (AddParameter): Name = "Published"; Value = "8-Jun-2000"; VariantName = "[No Variations]"
Add component (AddParameter): Name = "Publisher"; Value = "Altium Limited"; VariantName = "[No Variations]"
Add component (AddParameter): Name = "Value"; Value = "10K"; VariantName = "[No Variations]"
Added Component: Designator=R6(RESC0603)
Add component (AddParameter): Name = "LatestRevisionDate"; Value = "17-Jul-2002"; VariantName = "[No Variations]"
Add component (AddParameter): Name = "LatestRevisionNote"; Value = "Re-released for DXP Platform."; VariantName = "[No Variations]"
Add component (AddParameter): Name = "PackageReference"; Value = "AXIAL-0.5"; VariantName = "[No Variations]"
Add component (AddParameter): Name = "Published"; Value = "8-Jun-2000"; VariantName = "[No Variations]"
Add component (AddParameter): Name = "Publisher"; Value = "Altium Limited"; VariantName = "[No Variations]"
Add component (AddParameter): Name = "Value"; Value = "10K"; VariantName = "[No Variations]"
Added Component: Designator=R7(RESC0603)
Add component (AddParameter): Name = "LatestRevisionDate"; Value = "17-Jul-2002"; VariantName = "[No Variations]"
Add component (AddParameter): Name = "LatestRevisionNote"; Value = "Re-released for DXP Platform."; VariantName = "[No Variations]"
Add component (AddParameter): Name = "PackageReference"; Value = "AXIAL-0.5"; VariantName = "[No Variations]"
Add component (AddParameter): Name = "Published"; Value = "8-Jun-2000"; VariantName = "[No Variations]"
Add component (AddParameter): Name = "Publisher"; Value = "Altium Limited"; VariantName = "[No Variations]"
Add component (AddParameter): Name = "Value"; Value = "10K"; VariantName = "[No Variations]"
Added Component: Designator=R8(RESC0603)
Add component (AddParameter): Name = "LatestRevisionDate"; Value = "17-Jul-2002"; VariantName = "[No Variations]"
Add component (AddParameter): Name = "LatestRevisionNote"; Value = "Re-released for DXP Platform."; VariantName = "[No Variations]"
Add component (AddParameter): Name = "PackageReference"; Value = "AXIAL-0.5"; VariantName = "[No Variations]"
Add component (AddParameter): Name = "Published"; Value = "8-Jun-2000"; VariantName = "[No Variations]"
Add component (AddParameter): Name = "Publisher"; Value = "Altium Limited"; VariantName = "[No Variations]"
Add component (AddParameter): Name = "Value"; Value = "10K"; VariantName = "[No Variations]"
Added Component: Designator=R9(RESC0603)
Add component (AddParameter): Name = "LatestRevisionDate"; Value = "17-Jul-2002"; VariantName = "[No Variations]"
Add component (AddParameter): Name = "LatestRevisionNote"; Value = "Re-released for DXP Platform."; VariantName = "[No Variations]"
Add component (AddParameter): Name = "PackageReference"; Value = "AXIAL-0.5"; VariantName = "[No Variations]"
Add component (AddParameter): Name = "Published"; Value = "8-Jun-2000"; VariantName = "[No Variations]"
Add component (AddParameter): Name = "Publisher"; Value = "Altium Limited"; VariantName = "[No Variations]"
Add component (AddParameter): Name = "Value"; Value = "10K"; VariantName = "[No Variations]"
Added Component: Designator=R10(RESC0603)
Add component (AddParameter): Name = "LatestRevisionDate"; Value = "17-Jul-2002"; VariantName = "[No Variations]"
Add component (AddParameter): Name = "LatestRevisionNote"; Value = "Re-released for DXP Platform."; VariantName = "[No Variations]"
Add component (AddParameter): Name = "PackageReference"; Value = "AXIAL-0.5"; VariantName = "[No Variations]"
Add component (AddParameter): Name = "Published"; Value = "8-Jun-2000"; VariantName = "[No Variations]"
Add component (AddParameter): Name = "Publisher"; Value = "Altium Limited"; VariantName = "[No Variations]"
Add component (AddParameter): Name = "Value"; Value = "10K"; VariantName = "[No Variations]"
Added Component: Designator=R11(RESC0603)
Add component (AddParameter): Name = "LatestRevisionDate"; Value = "17-Jul-2002"; VariantName = "[No Variations]"
Add component (AddParameter): Name = "LatestRevisionNote"; Value = "Re-released for DXP Platform."; VariantName = "[No Variations]"
Add component (AddParameter): Name = "PackageReference"; Value = "AXIAL-0.5"; VariantName = "[No Variations]"
Add component (AddParameter): Name = "Published"; Value = "8-Jun-2000"; VariantName = "[No Variations]"
Add component (AddParameter): Name = "Publisher"; Value = "Altium Limited"; VariantName = "[No Variations]"
Add component (AddParameter): Name = "Value"; Value = "47"; VariantName = "[No Variations]"
Added Component: Designator=R12(RESC0603)
Add component (AddParameter): Name = "LatestRevisionDate"; Value = "17-Jul-2002"; VariantName = "[No Variations]"
Add component (AddParameter): Name = "LatestRevisionNote"; Value = "Re-released for DXP Platform."; VariantName = "[No Variations]"
Add component (AddParameter): Name = "PackageReference"; Value = "AXIAL-0.5"; VariantName = "[No Variations]"
Add component (AddParameter): Name = "Published"; Value = "8-Jun-2000"; VariantName = "[No Variations]"
Add component (AddParameter): Name = "Publisher"; Value = "Altium Limited"; VariantName = "[No Variations]"
Add component (AddParameter): Name = "Value"; Value = "200"; VariantName = "[No Variations]"
Added Component: Designator=R13(RESC0603)
Add component (AddParameter): Name = "LatestRevisionDate"; Value = "17-Jul-2002"; VariantName = "[No Variations]"
Add component (AddParameter): Name = "LatestRevisionNote"; Value = "Re-released for DXP Platform."; VariantName = "[No Variations]"
Add component (AddParameter): Name = "PackageReference"; Value = "AXIAL-0.5"; VariantName = "[No Variations]"
Add component (AddParameter): Name = "Published"; Value = "8-Jun-2000"; VariantName = "[No Variations]"
Add component (AddParameter): Name = "Publisher"; Value = "Altium Limited"; VariantName = "[No Variations]"
Add component (AddParameter): Name = "Value"; Value = "200"; VariantName = "[No Variations]"
Added Component: Designator=R14(RESC0603)
Add component (AddParameter): Name = "LatestRevisionDate"; Value = "17-Jul-2002"; VariantName = "[No Variations]"
Add component (AddParameter): Name = "LatestRevisionNote"; Value = "Re-released for DXP Platform."; VariantName = "[No Variations]"
Add component (AddParameter): Name = "PackageReference"; Value = "AXIAL-0.5"; VariantName = "[No Variations]"
Add component (AddParameter): Name = "Published"; Value = "8-Jun-2000"; VariantName = "[No Variations]"
Add component (AddParameter): Name = "Publisher"; Value = "Altium Limited"; VariantName = "[No Variations]"
Add component (AddParameter): Name = "Value"; Value = "200"; VariantName = "[No Variations]"
Added Component: Designator=R15(RESC0603)
Add component (AddParameter): Name = "LatestRevisionDate"; Value = "17-Jul-2002"; VariantName = "[No Variations]"
Add component (AddParameter): Name = "LatestRevisionNote"; Value = "Re-released for DXP Platform."; VariantName = "[No Variations]"
Add component (AddParameter): Name = "PackageReference"; Value = "AXIAL-0.5"; VariantName = "[No Variations]"
Add component (AddParameter): Name = "Published"; Value = "8-Jun-2000"; VariantName = "[No Variations]"
Add component (AddParameter): Name = "Publisher"; Value = "Altium Limited"; VariantName = "[No Variations]"
Add component (AddParameter): Name = "Value"; Value = "200"; VariantName = "[No Variations]"
Added Component: Designator=R16(RESC0603)
Add component (AddParameter): Name = "LatestRevisionDate"; Value = "17-Jul-2002"; VariantName = "[No Variations]"
Add component (AddParameter): Name = "LatestRevisionNote"; Value = "Re-released for DXP Platform."; VariantName = "[No Variations]"
Add component (AddParameter): Name = "PackageReference"; Value = "AXIAL-0.5"; VariantName = "[No Variations]"
Add component (AddParameter): Name = "Published"; Value = "8-Jun-2000"; VariantName = "[No Variations]"
Add component (AddParameter): Name = "Publisher"; Value = "Altium Limited"; VariantName = "[No Variations]"
Add component (AddParameter): Name = "Value"; Value = "200"; VariantName = "[No Variations]"
Added Component: Designator=R17(RESC0603)
Add component (AddParameter): Name = "LatestRevisionDate"; Value = "17-Jul-2002"; VariantName = "[No Variations]"
Add component (AddParameter): Name = "LatestRevisionNote"; Value = "Re-released for DXP Platform."; VariantName = "[No Variations]"
Add component (AddParameter): Name = "PackageReference"; Value = "AXIAL-0.5"; VariantName = "[No Variations]"
Add component (AddParameter): Name = "Published"; Value = "8-Jun-2000"; VariantName = "[No Variations]"
Add component (AddParameter): Name = "Publisher"; Value = "Altium Limited"; VariantName = "[No Variations]"
Add component (AddParameter): Name = "Value"; Value = "200"; VariantName = "[No Variations]"
Added Component: Designator=R18(RESC0603)
Add component (AddParameter): Name = "LatestRevisionDate"; Value = "17-Jul-2002"; VariantName = "[No Variations]"
Add component (AddParameter): Name = "LatestRevisionNote"; Value = "Re-released for DXP Platform."; VariantName = "[No Variations]"
Add component (AddParameter): Name = "PackageReference"; Value = "AXIAL-0.5"; VariantName = "[No Variations]"
Add component (AddParameter): Name = "Published"; Value = "8-Jun-2000"; VariantName = "[No Variations]"
Add component (AddParameter): Name = "Publisher"; Value = "Altium Limited"; VariantName = "[No Variations]"
Add component (AddParameter): Name = "Value"; Value = "200"; VariantName = "[No Variations]"
Added Component: Designator=R19(RESC0603)
Add component (AddParameter): Name = "LatestRevisionDate"; Value = "17-Jul-2002"; VariantName = "[No Variations]"
Add component (AddParameter): Name = "LatestRevisionNote"; Value = "Re-released for DXP Platform."; VariantName = "[No Variations]"
Add component (AddParameter): Name = "PackageReference"; Value = "AXIAL-0.5"; VariantName = "[No Variations]"
Add component (AddParameter): Name = "Published"; Value = "8-Jun-2000"; VariantName = "[No Variations]"
Add component (AddParameter): Name = "Publisher"; Value = "Altium Limited"; VariantName = "[No Variations]"
Add component (AddParameter): Name = "Value"; Value = "200"; VariantName = "[No Variations]"
Added Component: Designator=R20(RESC0603)
Add component (AddParameter): Name = "LatestRevisionDate"; Value = "17-Jul-2002"; VariantName = "[No Variations]"
Add component (AddParameter): Name = "LatestRevisionNote"; Value = "Re-released for DXP Platform."; VariantName = "[No Variations]"
Add component (AddParameter): Name = "PackageReference"; Value = "AXIAL-0.5"; VariantName = "[No Variations]"
Add component (AddParameter): Name = "Published"; Value = "8-Jun-2000"; VariantName = "[No Variations]"
Add component (AddParameter): Name = "Publisher"; Value = "Altium Limited"; VariantName = "[No Variations]"
Add component (AddParameter): Name = "Value"; Value = "200"; VariantName = "[No Variations]"
Added Component: Designator=R21(RESC0603)
Add component (AddParameter): Name = "LatestRevisionDate"; Value = "17-Jul-2002"; VariantName = "[No Variations]"
Add component (AddParameter): Name = "LatestRevisionNote"; Value = "Re-released for DXP Platform."; VariantName = "[No Variations]"
Add component (AddParameter): Name = "PackageReference"; Value = "AXIAL-0.5"; VariantName = "[No Variations]"
Add component (AddParameter): Name = "Published"; Value = "8-Jun-2000"; VariantName = "[No Variations]"
Add component (AddParameter): Name = "Publisher"; Value = "Altium Limited"; VariantName = "[No Variations]"
Add component (AddParameter): Name = "Value"; Value = "200"; VariantName = "[No Variations]"
Added Component: Designator=R22(RESC0603)
Add component (AddParameter): Name = "LatestRevisionDate"; Value = "17-Jul-2002"; VariantName = "[No Variations]"
Add component (AddParameter): Name = "LatestRevisionNote"; Value = "Re-released for DXP Platform."; VariantName = "[No Variations]"
Add component (AddParameter): Name = "PackageReference"; Value = "AXIAL-0.5"; VariantName = "[No Variations]"
Add component (AddParameter): Name = "Published"; Value = "8-Jun-2000"; VariantName = "[No Variations]"
Add component (AddParameter): Name = "Publisher"; Value = "Altium Limited"; VariantName = "[No Variations]"
Add component (AddParameter): Name = "Value"; Value = "200"; VariantName = "[No Variations]"
Added Component: Designator=R23(RESC0603)
Add component (AddParameter): Name = "LatestRevisionDate"; Value = "17-Jul-2002"; VariantName = "[No Variations]"
Add component (AddParameter): Name = "LatestRevisionNote"; Value = "Re-released for DXP Platform."; VariantName = "[No Variations]"
Add component (AddParameter): Name = "PackageReference"; Value = "AXIAL-0.5"; VariantName = "[No Variations]"
Add component (AddParameter): Name = "Published"; Value = "8-Jun-2000"; VariantName = "[No Variations]"
Add component (AddParameter): Name = "Publisher"; Value = "Altium Limited"; VariantName = "[No Variations]"
Add component (AddParameter): Name = "Value"; Value = "200"; VariantName = "[No Variations]"
Added Component: Designator=R24(RESC0603)
Add component (AddParameter): Name = "LatestRevisionDate"; Value = "17-Jul-2002"; VariantName = "[No Variations]"
Add component (AddParameter): Name = "LatestRevisionNote"; Value = "Re-released for DXP Platform."; VariantName = "[No Variations]"
Add component (AddParameter): Name = "PackageReference"; Value = "AXIAL-0.5"; VariantName = "[No Variations]"
Add component (AddParameter): Name = "Published"; Value = "8-Jun-2000"; VariantName = "[No Variations]"
Add component (AddParameter): Name = "Publisher"; Value = "Altium Limited"; VariantName = "[No Variations]"
Add component (AddParameter): Name = "Value"; Value = "200"; VariantName = "[No Variations]"
Added Component: Designator=R25(RESC0603)
Add component (AddParameter): Name = "LatestRevisionDate"; Value = "17-Jul-2002"; VariantName = "[No Variations]"
Add component (AddParameter): Name = "LatestRevisionNote"; Value = "Re-released for DXP Platform."; VariantName = "[No Variations]"
Add component (AddParameter): Name = "PackageReference"; Value = "AXIAL-0.5"; VariantName = "[No Variations]"
Add component (AddParameter): Name = "Published"; Value = "8-Jun-2000"; VariantName = "[No Variations]"
Add component (AddParameter): Name = "Publisher"; Value = "Altium Limited"; VariantName = "[No Variations]"
Add component (AddParameter): Name = "Value"; Value = "200"; VariantName = "[No Variations]"
Added Component: Designator=R26(RESC0603)
Add component (AddParameter): Name = "LatestRevisionDate"; Value = "17-Jul-2002"; VariantName = "[No Variations]"
Add component (AddParameter): Name = "LatestRevisionNote"; Value = "Re-released for DXP Platform."; VariantName = "[No Variations]"
Add component (AddParameter): Name = "PackageReference"; Value = "AXIAL-0.5"; VariantName = "[No Variations]"
Add component (AddParameter): Name = "Published"; Value = "8-Jun-2000"; VariantName = "[No Variations]"
Add component (AddParameter): Name = "Publisher"; Value = "Altium Limited"; VariantName = "[No Variations]"
Add component (AddParameter): Name = "Value"; Value = "200"; VariantName = "[No Variations]"
Added Component: Designator=R27(RESC0603)
Add component (AddParameter): Name = "LatestRevisionDate"; Value = "17-Jul-2002"; VariantName = "[No Variations]"
Add component (AddParameter): Name = "LatestRevisionNote"; Value = "Re-released for DXP Platform."; VariantName = "[No Variations]"
Add component (AddParameter): Name = "PackageReference"; Value = "AXIAL-0.5"; VariantName = "[No Variations]"
Add component (AddParameter): Name = "Published"; Value = "8-Jun-2000"; VariantName = "[No Variations]"
Add component (AddParameter): Name = "Publisher"; Value = "Altium Limited"; VariantName = "[No Variations]"
Add component (AddParameter): Name = "Value"; Value = "200"; VariantName = "[No Variations]"
Added Component: Designator=R28(RESC0603)
Add component (AddParameter): Name = "LatestRevisionDate"; Value = "17-Jul-2002"; VariantName = "[No Variations]"
Add component (AddParameter): Name = "LatestRevisionNote"; Value = "Re-released for DXP Platform."; VariantName = "[No Variations]"
Add component (AddParameter): Name = "PackageReference"; Value = "AXIAL-0.5"; VariantName = "[No Variations]"
Add component (AddParameter): Name = "Published"; Value = "8-Jun-2000"; VariantName = "[No Variations]"
Add component (AddParameter): Name = "Publisher"; Value = "Altium Limited"; VariantName = "[No Variations]"
Add component (AddParameter): Name = "Value"; Value = "100"; VariantName = "[No Variations]"
Added Component: Designator=R29(RES0603)
Add component (AddParameter): Name = "LatestRevisionDate"; Value = "17-Jul-2002"; VariantName = "[No Variations]"
Add component (AddParameter): Name = "LatestRevisionNote"; Value = "Re-released for DXP Platform."; VariantName = "[No Variations]"
Add component (AddParameter): Name = "PackageDescription"; Value = "Axial Device, Thru-Hole; 2 Leads; 0.3 in Pin Spacing"; VariantName = "[No Variations]"
Add component (AddParameter): Name = "PackageReference"; Value = "AXIAL-0.3"; VariantName = "[No Variations]"
Add component (AddParameter): Name = "Published"; Value = "8-Jun-2000"; VariantName = "[No Variations]"
Add component (AddParameter): Name = "Publisher"; Value = "Altium Limited"; VariantName = "[No Variations]"
Add component (AddParameter): Name = "Value"; Value = "10K"; VariantName = "[No Variations]"
Added Component: Designator=R30(RES2512)
Add component (AddParameter): Name = "LatestRevisionDate"; Value = "17-Jul-2002"; VariantName = "[No Variations]"
Add component (AddParameter): Name = "LatestRevisionNote"; Value = "Re-released for DXP Platform."; VariantName = "[No Variations]"
Add component (AddParameter): Name = "PackageReference"; Value = "AXIAL-0.5"; VariantName = "[No Variations]"
Add component (AddParameter): Name = "Published"; Value = "8-Jun-2000"; VariantName = "[No Variations]"
Add component (AddParameter): Name = "Publisher"; Value = "Altium Limited"; VariantName = "[No Variations]"
Add component (AddParameter): Name = "Value"; Value = "15"; VariantName = "[No Variations]"
Added Component: Designator=R31(RES2512)
Add component (AddParameter): Name = "LatestRevisionDate"; Value = "17-Jul-2002"; VariantName = "[No Variations]"
Add component (AddParameter): Name = "LatestRevisionNote"; Value = "Re-released for DXP Platform."; VariantName = "[No Variations]"
Add component (AddParameter): Name = "PackageReference"; Value = "AXIAL-0.5"; VariantName = "[No Variations]"
Add component (AddParameter): Name = "Published"; Value = "8-Jun-2000"; VariantName = "[No Variations]"
Add component (AddParameter): Name = "Publisher"; Value = "Altium Limited"; VariantName = "[No Variations]"
Add component (AddParameter): Name = "Value"; Value = "15"; VariantName = "[No Variations]"
Added Component: Designator=R32(RES2512)
Add component (AddParameter): Name = "LatestRevisionDate"; Value = "17-Jul-2002"; VariantName = "[No Variations]"
Add component (AddParameter): Name = "LatestRevisionNote"; Value = "Re-released for DXP Platform."; VariantName = "[No Variations]"
Add component (AddParameter): Name = "PackageReference"; Value = "AXIAL-0.5"; VariantName = "[No Variations]"
Add component (AddParameter): Name = "Published"; Value = "8-Jun-2000"; VariantName = "[No Variations]"
Add component (AddParameter): Name = "Publisher"; Value = "Altium Limited"; VariantName = "[No Variations]"
Add component (AddParameter): Name = "Value"; Value = "15"; VariantName = "[No Variations]"
Added Component: Designator=R33(RES2512)
Add component (AddParameter): Name = "LatestRevisionDate"; Value = "17-Jul-2002"; VariantName = "[No Variations]"
Add component (AddParameter): Name = "LatestRevisionNote"; Value = "Re-released for DXP Platform."; VariantName = "[No Variations]"
Add component (AddParameter): Name = "PackageReference"; Value = "AXIAL-0.5"; VariantName = "[No Variations]"
Add component (AddParameter): Name = "Published"; Value = "8-Jun-2000"; VariantName = "[No Variations]"
Add component (AddParameter): Name = "Publisher"; Value = "Altium Limited"; VariantName = "[No Variations]"
Add component (AddParameter): Name = "Value"; Value = "15"; VariantName = "[No Variations]"
Added Component: Designator=R34(RES0603)
Add component (AddParameter): Name = "LatestRevisionDate"; Value = "17-Jul-2002"; VariantName = "[No Variations]"
Add component (AddParameter): Name = "LatestRevisionNote"; Value = "Re-released for DXP Platform."; VariantName = "[No Variations]"
Add component (AddParameter): Name = "PackageDescription"; Value = "Axial Device, Thru-Hole; 2 Leads; 0.3 in Pin Spacing"; VariantName = "[No Variations]"
Add component (AddParameter): Name = "PackageReference"; Value = "AXIAL-0.3"; VariantName = "[No Variations]"
Add component (AddParameter): Name = "Published"; Value = "8-Jun-2000"; VariantName = "[No Variations]"
Add component (AddParameter): Name = "Publisher"; Value = "Altium Limited"; VariantName = "[No Variations]"
Add component (AddParameter): Name = "Value"; Value = "0"; VariantName = "[No Variations]"
Added Component: Designator=R35(RES0603)
Add component (AddParameter): Name = "LatestRevisionDate"; Value = "17-Jul-2002"; VariantName = "[No Variations]"
Add component (AddParameter): Name = "LatestRevisionNote"; Value = "Re-released for DXP Platform."; VariantName = "[No Variations]"
Add component (AddParameter): Name = "PackageDescription"; Value = "Axial Device, Thru-Hole; 2 Leads; 0.3 in Pin Spacing"; VariantName = "[No Variations]"
Add component (AddParameter): Name = "PackageReference"; Value = "AXIAL-0.3"; VariantName = "[No Variations]"
Add component (AddParameter): Name = "Published"; Value = "8-Jun-2000"; VariantName = "[No Variations]"
Add component (AddParameter): Name = "Publisher"; Value = "Altium Limited"; VariantName = "[No Variations]"
Add component (AddParameter): Name = "Value"; Value = "10K"; VariantName = "[No Variations]"
Added Component: Designator=R36(RES0603)
Add component (AddParameter): Name = "LatestRevisionDate"; Value = "17-Jul-2002"; VariantName = "[No Variations]"
Add component (AddParameter): Name = "LatestRevisionNote"; Value = "Re-released for DXP Platform."; VariantName = "[No Variations]"
Add component (AddParameter): Name = "PackageDescription"; Value = "Axial Device, Thru-Hole; 2 Leads; 0.3 in Pin Spacing"; VariantName = "[No Variations]"
Add component (AddParameter): Name = "PackageReference"; Value = "AXIAL-0.3"; VariantName = "[No Variations]"
Add component (AddParameter): Name = "Published"; Value = "8-Jun-2000"; VariantName = "[No Variations]"
Add component (AddParameter): Name = "Publisher"; Value = "Altium Limited"; VariantName = "[No Variations]"
Add component (AddParameter): Name = "Value"; Value = "10K"; VariantName = "[No Variations]"
Added Component: Designator=R37(RES0603)
Add component (AddParameter): Name = "LatestRevisionDate"; Value = "17-Jul-2002"; VariantName = "[No Variations]"
Add component (AddParameter): Name = "LatestRevisionNote"; Value = "Re-released for DXP Platform."; VariantName = "[No Variations]"
Add component (AddParameter): Name = "PackageDescription"; Value = "Axial Device, Thru-Hole; 2 Leads; 0.3 in Pin Spacing"; VariantName = "[No Variations]"
Add component (AddParameter): Name = "PackageReference"; Value = "AXIAL-0.3"; VariantName = "[No Variations]"
Add component (AddParameter): Name = "Published"; Value = "8-Jun-2000"; VariantName = "[No Variations]"
Add component (AddParameter): Name = "Publisher"; Value = "Altium Limited"; VariantName = "[No Variations]"
Add component (AddParameter): Name = "Value"; Value = "10K"; VariantName = "[No Variations]"
Added Component: Designator=R38(RES0603)
Add component (AddParameter): Name = "LatestRevisionDate"; Value = "17-Jul-2002"; VariantName = "[No Variations]"
Add component (AddParameter): Name = "LatestRevisionNote"; Value = "Re-released for DXP Platform."; VariantName = "[No Variations]"
Add component (AddParameter): Name = "PackageDescription"; Value = "Axial Device, Thru-Hole; 2 Leads; 0.3 in Pin Spacing"; VariantName = "[No Variations]"
Add component (AddParameter): Name = "PackageReference"; Value = "AXIAL-0.3"; VariantName = "[No Variations]"
Add component (AddParameter): Name = "Published"; Value = "8-Jun-2000"; VariantName = "[No Variations]"
Add component (AddParameter): Name = "Publisher"; Value = "Altium Limited"; VariantName = "[No Variations]"
Add component (AddParameter): Name = "Value"; Value = "100"; VariantName = "[No Variations]"
Added Component: Designator=R39(RES0603)
Add component (AddParameter): Name = "LatestRevisionDate"; Value = "17-Jul-2002"; VariantName = "[No Variations]"
Add component (AddParameter): Name = "LatestRevisionNote"; Value = "Re-released for DXP Platform."; VariantName = "[No Variations]"
Add component (AddParameter): Name = "PackageDescription"; Value = "Axial Device, Thru-Hole; 2 Leads; 0.3 in Pin Spacing"; VariantName = "[No Variations]"
Add component (AddParameter): Name = "PackageReference"; Value = "AXIAL-0.3"; VariantName = "[No Variations]"
Add component (AddParameter): Name = "Published"; Value = "8-Jun-2000"; VariantName = "[No Variations]"
Add component (AddParameter): Name = "Publisher"; Value = "Altium Limited"; VariantName = "[No Variations]"
Add component (AddParameter): Name = "Value"; Value = "10K"; VariantName = "[No Variations]"
Added Component: Designator=R40_balancer1(RESC0603)
Add component (AddParameter): Name = "LatestRevisionDate"; Value = "17-Jul-2002"; VariantName = "[No Variations]"
Add component (AddParameter): Name = "LatestRevisionNote"; Value = "Re-released for DXP Platform."; VariantName = "[No Variations]"
Add component (AddParameter): Name = "PackageReference"; Value = "AXIAL-0.5"; VariantName = "[No Variations]"
Add component (AddParameter): Name = "Published"; Value = "8-Jun-2000"; VariantName = "[No Variations]"
Add component (AddParameter): Name = "Publisher"; Value = "Altium Limited"; VariantName = "[No Variations]"
Add component (AddParameter): Name = "Value"; Value = "100"; VariantName = "[No Variations]"
Added Component: Designator=R40_balancer2(RESC0603)
Add component (AddParameter): Name = "LatestRevisionDate"; Value = "17-Jul-2002"; VariantName = "[No Variations]"
Add component (AddParameter): Name = "LatestRevisionNote"; Value = "Re-released for DXP Platform."; VariantName = "[No Variations]"
Add component (AddParameter): Name = "PackageReference"; Value = "AXIAL-0.5"; VariantName = "[No Variations]"
Add component (AddParameter): Name = "Published"; Value = "8-Jun-2000"; VariantName = "[No Variations]"
Add component (AddParameter): Name = "Publisher"; Value = "Altium Limited"; VariantName = "[No Variations]"
Add component (AddParameter): Name = "Value"; Value = "100"; VariantName = "[No Variations]"
Added Component: Designator=R40_balancer3(RESC0603)
Add component (AddParameter): Name = "LatestRevisionDate"; Value = "17-Jul-2002"; VariantName = "[No Variations]"
Add component (AddParameter): Name = "LatestRevisionNote"; Value = "Re-released for DXP Platform."; VariantName = "[No Variations]"
Add component (AddParameter): Name = "PackageReference"; Value = "AXIAL-0.5"; VariantName = "[No Variations]"
Add component (AddParameter): Name = "Published"; Value = "8-Jun-2000"; VariantName = "[No Variations]"
Add component (AddParameter): Name = "Publisher"; Value = "Altium Limited"; VariantName = "[No Variations]"
Add component (AddParameter): Name = "Value"; Value = "100"; VariantName = "[No Variations]"
Added Component: Designator=R40_balancer4(RESC0603)
Add component (AddParameter): Name = "LatestRevisionDate"; Value = "17-Jul-2002"; VariantName = "[No Variations]"
Add component (AddParameter): Name = "LatestRevisionNote"; Value = "Re-released for DXP Platform."; VariantName = "[No Variations]"
Add component (AddParameter): Name = "PackageReference"; Value = "AXIAL-0.5"; VariantName = "[No Variations]"
Add component (AddParameter): Name = "Published"; Value = "8-Jun-2000"; VariantName = "[No Variations]"
Add component (AddParameter): Name = "Publisher"; Value = "Altium Limited"; VariantName = "[No Variations]"
Add component (AddParameter): Name = "Value"; Value = "100"; VariantName = "[No Variations]"
Added Component: Designator=R40_balancer5(RESC0603)
Add component (AddParameter): Name = "LatestRevisionDate"; Value = "17-Jul-2002"; VariantName = "[No Variations]"
Add component (AddParameter): Name = "LatestRevisionNote"; Value = "Re-released for DXP Platform."; VariantName = "[No Variations]"
Add component (AddParameter): Name = "PackageReference"; Value = "AXIAL-0.5"; VariantName = "[No Variations]"
Add component (AddParameter): Name = "Published"; Value = "8-Jun-2000"; VariantName = "[No Variations]"
Add component (AddParameter): Name = "Publisher"; Value = "Altium Limited"; VariantName = "[No Variations]"
Add component (AddParameter): Name = "Value"; Value = "100"; VariantName = "[No Variations]"
Added Component: Designator=R40_balancer6(RESC0603)
Add component (AddParameter): Name = "LatestRevisionDate"; Value = "17-Jul-2002"; VariantName = "[No Variations]"
Add component (AddParameter): Name = "LatestRevisionNote"; Value = "Re-released for DXP Platform."; VariantName = "[No Variations]"
Add component (AddParameter): Name = "PackageReference"; Value = "AXIAL-0.5"; VariantName = "[No Variations]"
Add component (AddParameter): Name = "Published"; Value = "8-Jun-2000"; VariantName = "[No Variations]"
Add component (AddParameter): Name = "Publisher"; Value = "Altium Limited"; VariantName = "[No Variations]"
Add component (AddParameter): Name = "Value"; Value = "100"; VariantName = "[No Variations]"
Added Component: Designator=R40_balancer7(RESC0603)
Add component (AddParameter): Name = "LatestRevisionDate"; Value = "17-Jul-2002"; VariantName = "[No Variations]"
Add component (AddParameter): Name = "LatestRevisionNote"; Value = "Re-released for DXP Platform."; VariantName = "[No Variations]"
Add component (AddParameter): Name = "PackageReference"; Value = "AXIAL-0.5"; VariantName = "[No Variations]"
Add component (AddParameter): Name = "Published"; Value = "8-Jun-2000"; VariantName = "[No Variations]"
Add component (AddParameter): Name = "Publisher"; Value = "Altium Limited"; VariantName = "[No Variations]"
Add component (AddParameter): Name = "Value"; Value = "100"; VariantName = "[No Variations]"
Added Component: Designator=R40_balancer8(RESC0603)
Add component (AddParameter): Name = "LatestRevisionDate"; Value = "17-Jul-2002"; VariantName = "[No Variations]"
Add component (AddParameter): Name = "LatestRevisionNote"; Value = "Re-released for DXP Platform."; VariantName = "[No Variations]"
Add component (AddParameter): Name = "PackageReference"; Value = "AXIAL-0.5"; VariantName = "[No Variations]"
Add component (AddParameter): Name = "Published"; Value = "8-Jun-2000"; VariantName = "[No Variations]"
Add component (AddParameter): Name = "Publisher"; Value = "Altium Limited"; VariantName = "[No Variations]"
Add component (AddParameter): Name = "Value"; Value = "100"; VariantName = "[No Variations]"
Added Component: Designator=R40_balancer9(RESC0603)
Add component (AddParameter): Name = "LatestRevisionDate"; Value = "17-Jul-2002"; VariantName = "[No Variations]"
Add component (AddParameter): Name = "LatestRevisionNote"; Value = "Re-released for DXP Platform."; VariantName = "[No Variations]"
Add component (AddParameter): Name = "PackageReference"; Value = "AXIAL-0.5"; VariantName = "[No Variations]"
Add component (AddParameter): Name = "Published"; Value = "8-Jun-2000"; VariantName = "[No Variations]"
Add component (AddParameter): Name = "Publisher"; Value = "Altium Limited"; VariantName = "[No Variations]"
Add component (AddParameter): Name = "Value"; Value = "100"; VariantName = "[No Variations]"
Added Component: Designator=R40_balancer10(RESC0603)
Add component (AddParameter): Name = "LatestRevisionDate"; Value = "17-Jul-2002"; VariantName = "[No Variations]"
Add component (AddParameter): Name = "LatestRevisionNote"; Value = "Re-released for DXP Platform."; VariantName = "[No Variations]"
Add component (AddParameter): Name = "PackageReference"; Value = "AXIAL-0.5"; VariantName = "[No Variations]"
Add component (AddParameter): Name = "Published"; Value = "8-Jun-2000"; VariantName = "[No Variations]"
Add component (AddParameter): Name = "Publisher"; Value = "Altium Limited"; VariantName = "[No Variations]"
Add component (AddParameter): Name = "Value"; Value = "100"; VariantName = "[No Variations]"
Added Component: Designator=R40_balancer11(RESC0603)
Add component (AddParameter): Name = "LatestRevisionDate"; Value = "17-Jul-2002"; VariantName = "[No Variations]"
Add component (AddParameter): Name = "LatestRevisionNote"; Value = "Re-released for DXP Platform."; VariantName = "[No Variations]"
Add component (AddParameter): Name = "PackageReference"; Value = "AXIAL-0.5"; VariantName = "[No Variations]"
Add component (AddParameter): Name = "Published"; Value = "8-Jun-2000"; VariantName = "[No Variations]"
Add component (AddParameter): Name = "Publisher"; Value = "Altium Limited"; VariantName = "[No Variations]"
Add component (AddParameter): Name = "Value"; Value = "100"; VariantName = "[No Variations]"
Added Component: Designator=R40_balancer12(RESC0603)
Add component (AddParameter): Name = "LatestRevisionDate"; Value = "17-Jul-2002"; VariantName = "[No Variations]"
Add component (AddParameter): Name = "LatestRevisionNote"; Value = "Re-released for DXP Platform."; VariantName = "[No Variations]"
Add component (AddParameter): Name = "PackageReference"; Value = "AXIAL-0.5"; VariantName = "[No Variations]"
Add component (AddParameter): Name = "Published"; Value = "8-Jun-2000"; VariantName = "[No Variations]"
Add component (AddParameter): Name = "Publisher"; Value = "Altium Limited"; VariantName = "[No Variations]"
Add component (AddParameter): Name = "Value"; Value = "100"; VariantName = "[No Variations]"
Added Component: Designator=R40_balancer13(RESC0603)
Add component (AddParameter): Name = "LatestRevisionDate"; Value = "17-Jul-2002"; VariantName = "[No Variations]"
Add component (AddParameter): Name = "LatestRevisionNote"; Value = "Re-released for DXP Platform."; VariantName = "[No Variations]"
Add component (AddParameter): Name = "PackageReference"; Value = "AXIAL-0.5"; VariantName = "[No Variations]"
Add component (AddParameter): Name = "Published"; Value = "8-Jun-2000"; VariantName = "[No Variations]"
Add component (AddParameter): Name = "Publisher"; Value = "Altium Limited"; VariantName = "[No Variations]"
Add component (AddParameter): Name = "Value"; Value = "100"; VariantName = "[No Variations]"
Added Component: Designator=R40_balancer14(RESC0603)
Add component (AddParameter): Name = "LatestRevisionDate"; Value = "17-Jul-2002"; VariantName = "[No Variations]"
Add component (AddParameter): Name = "LatestRevisionNote"; Value = "Re-released for DXP Platform."; VariantName = "[No Variations]"
Add component (AddParameter): Name = "PackageReference"; Value = "AXIAL-0.5"; VariantName = "[No Variations]"
Add component (AddParameter): Name = "Published"; Value = "8-Jun-2000"; VariantName = "[No Variations]"
Add component (AddParameter): Name = "Publisher"; Value = "Altium Limited"; VariantName = "[No Variations]"
Add component (AddParameter): Name = "Value"; Value = "100"; VariantName = "[No Variations]"
Added Component: Designator=R40_balancer15(RESC0603)
Add component (AddParameter): Name = "LatestRevisionDate"; Value = "17-Jul-2002"; VariantName = "[No Variations]"
Add component (AddParameter): Name = "LatestRevisionNote"; Value = "Re-released for DXP Platform."; VariantName = "[No Variations]"
Add component (AddParameter): Name = "PackageReference"; Value = "AXIAL-0.5"; VariantName = "[No Variations]"
Add component (AddParameter): Name = "Published"; Value = "8-Jun-2000"; VariantName = "[No Variations]"
Add component (AddParameter): Name = "Publisher"; Value = "Altium Limited"; VariantName = "[No Variations]"
Add component (AddParameter): Name = "Value"; Value = "100"; VariantName = "[No Variations]"
Added Component: Designator=R40_balancer16(RESC0603)
Add component (AddParameter): Name = "LatestRevisionDate"; Value = "17-Jul-2002"; VariantName = "[No Variations]"
Add component (AddParameter): Name = "LatestRevisionNote"; Value = "Re-released for DXP Platform."; VariantName = "[No Variations]"
Add component (AddParameter): Name = "PackageReference"; Value = "AXIAL-0.5"; VariantName = "[No Variations]"
Add component (AddParameter): Name = "Published"; Value = "8-Jun-2000"; VariantName = "[No Variations]"
Add component (AddParameter): Name = "Publisher"; Value = "Altium Limited"; VariantName = "[No Variations]"
Add component (AddParameter): Name = "Value"; Value = "100"; VariantName = "[No Variations]"
Added Component: Designator=R41_balancer1(RES2512)
Add component (AddParameter): Name = "LatestRevisionDate"; Value = "17-Jul-2002"; VariantName = "[No Variations]"
Add component (AddParameter): Name = "LatestRevisionNote"; Value = "Re-released for DXP Platform."; VariantName = "[No Variations]"
Add component (AddParameter): Name = "PackageReference"; Value = "AXIAL-0.5"; VariantName = "[No Variations]"
Add component (AddParameter): Name = "Published"; Value = "8-Jun-2000"; VariantName = "[No Variations]"
Add component (AddParameter): Name = "Publisher"; Value = "Altium Limited"; VariantName = "[No Variations]"
Add component (AddParameter): Name = "Value"; Value = "3.3"; VariantName = "[No Variations]"
Added Component: Designator=R41_balancer2(RES2512)
Add component (AddParameter): Name = "LatestRevisionDate"; Value = "17-Jul-2002"; VariantName = "[No Variations]"
Add component (AddParameter): Name = "LatestRevisionNote"; Value = "Re-released for DXP Platform."; VariantName = "[No Variations]"
Add component (AddParameter): Name = "PackageReference"; Value = "AXIAL-0.5"; VariantName = "[No Variations]"
Add component (AddParameter): Name = "Published"; Value = "8-Jun-2000"; VariantName = "[No Variations]"
Add component (AddParameter): Name = "Publisher"; Value = "Altium Limited"; VariantName = "[No Variations]"
Add component (AddParameter): Name = "Value"; Value = "3.3"; VariantName = "[No Variations]"
Added Component: Designator=R41_balancer3(RES2512)
Add component (AddParameter): Name = "LatestRevisionDate"; Value = "17-Jul-2002"; VariantName = "[No Variations]"
Add component (AddParameter): Name = "LatestRevisionNote"; Value = "Re-released for DXP Platform."; VariantName = "[No Variations]"
Add component (AddParameter): Name = "PackageReference"; Value = "AXIAL-0.5"; VariantName = "[No Variations]"
Add component (AddParameter): Name = "Published"; Value = "8-Jun-2000"; VariantName = "[No Variations]"
Add component (AddParameter): Name = "Publisher"; Value = "Altium Limited"; VariantName = "[No Variations]"
Add component (AddParameter): Name = "Value"; Value = "3.3"; VariantName = "[No Variations]"
Added Component: Designator=R41_balancer4(RES2512)
Add component (AddParameter): Name = "LatestRevisionDate"; Value = "17-Jul-2002"; VariantName = "[No Variations]"
Add component (AddParameter): Name = "LatestRevisionNote"; Value = "Re-released for DXP Platform."; VariantName = "[No Variations]"
Add component (AddParameter): Name = "PackageReference"; Value = "AXIAL-0.5"; VariantName = "[No Variations]"
Add component (AddParameter): Name = "Published"; Value = "8-Jun-2000"; VariantName = "[No Variations]"
Add component (AddParameter): Name = "Publisher"; Value = "Altium Limited"; VariantName = "[No Variations]"
Add component (AddParameter): Name = "Value"; Value = "3.3"; VariantName = "[No Variations]"
Added Component: Designator=R41_balancer5(RES2512)
Add component (AddParameter): Name = "LatestRevisionDate"; Value = "17-Jul-2002"; VariantName = "[No Variations]"
Add component (AddParameter): Name = "LatestRevisionNote"; Value = "Re-released for DXP Platform."; VariantName = "[No Variations]"
Add component (AddParameter): Name = "PackageReference"; Value = "AXIAL-0.5"; VariantName = "[No Variations]"
Add component (AddParameter): Name = "Published"; Value = "8-Jun-2000"; VariantName = "[No Variations]"
Add component (AddParameter): Name = "Publisher"; Value = "Altium Limited"; VariantName = "[No Variations]"
Add component (AddParameter): Name = "Value"; Value = "3.3"; VariantName = "[No Variations]"
Added Component: Designator=R41_balancer6(RES2512)
Add component (AddParameter): Name = "LatestRevisionDate"; Value = "17-Jul-2002"; VariantName = "[No Variations]"
Add component (AddParameter): Name = "LatestRevisionNote"; Value = "Re-released for DXP Platform."; VariantName = "[No Variations]"
Add component (AddParameter): Name = "PackageReference"; Value = "AXIAL-0.5"; VariantName = "[No Variations]"
Add component (AddParameter): Name = "Published"; Value = "8-Jun-2000"; VariantName = "[No Variations]"
Add component (AddParameter): Name = "Publisher"; Value = "Altium Limited"; VariantName = "[No Variations]"
Add component (AddParameter): Name = "Value"; Value = "3.3"; VariantName = "[No Variations]"
Added Component: Designator=R41_balancer7(RES2512)
Add component (AddParameter): Name = "LatestRevisionDate"; Value = "17-Jul-2002"; VariantName = "[No Variations]"
Add component (AddParameter): Name = "LatestRevisionNote"; Value = "Re-released for DXP Platform."; VariantName = "[No Variations]"
Add component (AddParameter): Name = "PackageReference"; Value = "AXIAL-0.5"; VariantName = "[No Variations]"
Add component (AddParameter): Name = "Published"; Value = "8-Jun-2000"; VariantName = "[No Variations]"
Add component (AddParameter): Name = "Publisher"; Value = "Altium Limited"; VariantName = "[No Variations]"
Add component (AddParameter): Name = "Value"; Value = "3.3"; VariantName = "[No Variations]"
Added Component: Designator=R41_balancer8(RES2512)
Add component (AddParameter): Name = "LatestRevisionDate"; Value = "17-Jul-2002"; VariantName = "[No Variations]"
Add component (AddParameter): Name = "LatestRevisionNote"; Value = "Re-released for DXP Platform."; VariantName = "[No Variations]"
Add component (AddParameter): Name = "PackageReference"; Value = "AXIAL-0.5"; VariantName = "[No Variations]"
Add component (AddParameter): Name = "Published"; Value = "8-Jun-2000"; VariantName = "[No Variations]"
Add component (AddParameter): Name = "Publisher"; Value = "Altium Limited"; VariantName = "[No Variations]"
Add component (AddParameter): Name = "Value"; Value = "3.3"; VariantName = "[No Variations]"
Added Component: Designator=R41_balancer9(RES2512)
Add component (AddParameter): Name = "LatestRevisionDate"; Value = "17-Jul-2002"; VariantName = "[No Variations]"
Add component (AddParameter): Name = "LatestRevisionNote"; Value = "Re-released for DXP Platform."; VariantName = "[No Variations]"
Add component (AddParameter): Name = "PackageReference"; Value = "AXIAL-0.5"; VariantName = "[No Variations]"
Add component (AddParameter): Name = "Published"; Value = "8-Jun-2000"; VariantName = "[No Variations]"
Add component (AddParameter): Name = "Publisher"; Value = "Altium Limited"; VariantName = "[No Variations]"
Add component (AddParameter): Name = "Value"; Value = "3.3"; VariantName = "[No Variations]"
Added Component: Designator=R41_balancer10(RES2512)
Add component (AddParameter): Name = "LatestRevisionDate"; Value = "17-Jul-2002"; VariantName = "[No Variations]"
Add component (AddParameter): Name = "LatestRevisionNote"; Value = "Re-released for DXP Platform."; VariantName = "[No Variations]"
Add component (AddParameter): Name = "PackageReference"; Value = "AXIAL-0.5"; VariantName = "[No Variations]"
Add component (AddParameter): Name = "Published"; Value = "8-Jun-2000"; VariantName = "[No Variations]"
Add component (AddParameter): Name = "Publisher"; Value = "Altium Limited"; VariantName = "[No Variations]"
Add component (AddParameter): Name = "Value"; Value = "3.3"; VariantName = "[No Variations]"
Added Component: Designator=R41_balancer11(RES2512)
Add component (AddParameter): Name = "LatestRevisionDate"; Value = "17-Jul-2002"; VariantName = "[No Variations]"
Add component (AddParameter): Name = "LatestRevisionNote"; Value = "Re-released for DXP Platform."; VariantName = "[No Variations]"
Add component (AddParameter): Name = "PackageReference"; Value = "AXIAL-0.5"; VariantName = "[No Variations]"
Add component (AddParameter): Name = "Published"; Value = "8-Jun-2000"; VariantName = "[No Variations]"
Add component (AddParameter): Name = "Publisher"; Value = "Altium Limited"; VariantName = "[No Variations]"
Add component (AddParameter): Name = "Value"; Value = "3.3"; VariantName = "[No Variations]"
Added Component: Designator=R41_balancer12(RES2512)
Add component (AddParameter): Name = "LatestRevisionDate"; Value = "17-Jul-2002"; VariantName = "[No Variations]"
Add component (AddParameter): Name = "LatestRevisionNote"; Value = "Re-released for DXP Platform."; VariantName = "[No Variations]"
Add component (AddParameter): Name = "PackageReference"; Value = "AXIAL-0.5"; VariantName = "[No Variations]"
Add component (AddParameter): Name = "Published"; Value = "8-Jun-2000"; VariantName = "[No Variations]"
Add component (AddParameter): Name = "Publisher"; Value = "Altium Limited"; VariantName = "[No Variations]"
Add component (AddParameter): Name = "Value"; Value = "3.3"; VariantName = "[No Variations]"
Added Component: Designator=R41_balancer13(RES2512)
Add component (AddParameter): Name = "LatestRevisionDate"; Value = "17-Jul-2002"; VariantName = "[No Variations]"
Add component (AddParameter): Name = "LatestRevisionNote"; Value = "Re-released for DXP Platform."; VariantName = "[No Variations]"
Add component (AddParameter): Name = "PackageReference"; Value = "AXIAL-0.5"; VariantName = "[No Variations]"
Add component (AddParameter): Name = "Published"; Value = "8-Jun-2000"; VariantName = "[No Variations]"
Add component (AddParameter): Name = "Publisher"; Value = "Altium Limited"; VariantName = "[No Variations]"
Add component (AddParameter): Name = "Value"; Value = "3.3"; VariantName = "[No Variations]"
Added Component: Designator=R41_balancer14(RES2512)
Add component (AddParameter): Name = "LatestRevisionDate"; Value = "17-Jul-2002"; VariantName = "[No Variations]"
Add component (AddParameter): Name = "LatestRevisionNote"; Value = "Re-released for DXP Platform."; VariantName = "[No Variations]"
Add component (AddParameter): Name = "PackageReference"; Value = "AXIAL-0.5"; VariantName = "[No Variations]"
Add component (AddParameter): Name = "Published"; Value = "8-Jun-2000"; VariantName = "[No Variations]"
Add component (AddParameter): Name = "Publisher"; Value = "Altium Limited"; VariantName = "[No Variations]"
Add component (AddParameter): Name = "Value"; Value = "3.3"; VariantName = "[No Variations]"
Added Component: Designator=R41_balancer15(RES2512)
Add component (AddParameter): Name = "LatestRevisionDate"; Value = "17-Jul-2002"; VariantName = "[No Variations]"
Add component (AddParameter): Name = "LatestRevisionNote"; Value = "Re-released for DXP Platform."; VariantName = "[No Variations]"
Add component (AddParameter): Name = "PackageReference"; Value = "AXIAL-0.5"; VariantName = "[No Variations]"
Add component (AddParameter): Name = "Published"; Value = "8-Jun-2000"; VariantName = "[No Variations]"
Add component (AddParameter): Name = "Publisher"; Value = "Altium Limited"; VariantName = "[No Variations]"
Add component (AddParameter): Name = "Value"; Value = "3.3"; VariantName = "[No Variations]"
Added Component: Designator=R41_balancer16(RES2512)
Add component (AddParameter): Name = "LatestRevisionDate"; Value = "17-Jul-2002"; VariantName = "[No Variations]"
Add component (AddParameter): Name = "LatestRevisionNote"; Value = "Re-released for DXP Platform."; VariantName = "[No Variations]"
Add component (AddParameter): Name = "PackageReference"; Value = "AXIAL-0.5"; VariantName = "[No Variations]"
Add component (AddParameter): Name = "Published"; Value = "8-Jun-2000"; VariantName = "[No Variations]"
Add component (AddParameter): Name = "Publisher"; Value = "Altium Limited"; VariantName = "[No Variations]"
Add component (AddParameter): Name = "Value"; Value = "3.3"; VariantName = "[No Variations]"
Added Component: Designator=R42_balancer1(RES2512)
Add component (AddParameter): Name = "LatestRevisionDate"; Value = "17-Jul-2002"; VariantName = "[No Variations]"
Add component (AddParameter): Name = "LatestRevisionNote"; Value = "Re-released for DXP Platform."; VariantName = "[No Variations]"
Add component (AddParameter): Name = "PackageReference"; Value = "AXIAL-0.5"; VariantName = "[No Variations]"
Add component (AddParameter): Name = "Published"; Value = "8-Jun-2000"; VariantName = "[No Variations]"
Add component (AddParameter): Name = "Publisher"; Value = "Altium Limited"; VariantName = "[No Variations]"
Add component (AddParameter): Name = "Value"; Value = "3.3"; VariantName = "[No Variations]"
Added Component: Designator=R42_balancer2(RES2512)
Add component (AddParameter): Name = "LatestRevisionDate"; Value = "17-Jul-2002"; VariantName = "[No Variations]"
Add component (AddParameter): Name = "LatestRevisionNote"; Value = "Re-released for DXP Platform."; VariantName = "[No Variations]"
Add component (AddParameter): Name = "PackageReference"; Value = "AXIAL-0.5"; VariantName = "[No Variations]"
Add component (AddParameter): Name = "Published"; Value = "8-Jun-2000"; VariantName = "[No Variations]"
Add component (AddParameter): Name = "Publisher"; Value = "Altium Limited"; VariantName = "[No Variations]"
Add component (AddParameter): Name = "Value"; Value = "3.3"; VariantName = "[No Variations]"
Added Component: Designator=R42_balancer3(RES2512)
Add component (AddParameter): Name = "LatestRevisionDate"; Value = "17-Jul-2002"; VariantName = "[No Variations]"
Add component (AddParameter): Name = "LatestRevisionNote"; Value = "Re-released for DXP Platform."; VariantName = "[No Variations]"
Add component (AddParameter): Name = "PackageReference"; Value = "AXIAL-0.5"; VariantName = "[No Variations]"
Add component (AddParameter): Name = "Published"; Value = "8-Jun-2000"; VariantName = "[No Variations]"
Add component (AddParameter): Name = "Publisher"; Value = "Altium Limited"; VariantName = "[No Variations]"
Add component (AddParameter): Name = "Value"; Value = "3.3"; VariantName = "[No Variations]"
Added Component: Designator=R42_balancer4(RES2512)
Add component (AddParameter): Name = "LatestRevisionDate"; Value = "17-Jul-2002"; VariantName = "[No Variations]"
Add component (AddParameter): Name = "LatestRevisionNote"; Value = "Re-released for DXP Platform."; VariantName = "[No Variations]"
Add component (AddParameter): Name = "PackageReference"; Value = "AXIAL-0.5"; VariantName = "[No Variations]"
Add component (AddParameter): Name = "Published"; Value = "8-Jun-2000"; VariantName = "[No Variations]"
Add component (AddParameter): Name = "Publisher"; Value = "Altium Limited"; VariantName = "[No Variations]"
Add component (AddParameter): Name = "Value"; Value = "3.3"; VariantName = "[No Variations]"
Added Component: Designator=R42_balancer5(RES2512)
Add component (AddParameter): Name = "LatestRevisionDate"; Value = "17-Jul-2002"; VariantName = "[No Variations]"
Add component (AddParameter): Name = "LatestRevisionNote"; Value = "Re-released for DXP Platform."; VariantName = "[No Variations]"
Add component (AddParameter): Name = "PackageReference"; Value = "AXIAL-0.5"; VariantName = "[No Variations]"
Add component (AddParameter): Name = "Published"; Value = "8-Jun-2000"; VariantName = "[No Variations]"
Add component (AddParameter): Name = "Publisher"; Value = "Altium Limited"; VariantName = "[No Variations]"
Add component (AddParameter): Name = "Value"; Value = "3.3"; VariantName = "[No Variations]"
Added Component: Designator=R42_balancer6(RES2512)
Add component (AddParameter): Name = "LatestRevisionDate"; Value = "17-Jul-2002"; VariantName = "[No Variations]"
Add component (AddParameter): Name = "LatestRevisionNote"; Value = "Re-released for DXP Platform."; VariantName = "[No Variations]"
Add component (AddParameter): Name = "PackageReference"; Value = "AXIAL-0.5"; VariantName = "[No Variations]"
Add component (AddParameter): Name = "Published"; Value = "8-Jun-2000"; VariantName = "[No Variations]"
Add component (AddParameter): Name = "Publisher"; Value = "Altium Limited"; VariantName = "[No Variations]"
Add component (AddParameter): Name = "Value"; Value = "3.3"; VariantName = "[No Variations]"
Added Component: Designator=R42_balancer7(RES2512)
Add component (AddParameter): Name = "LatestRevisionDate"; Value = "17-Jul-2002"; VariantName = "[No Variations]"
Add component (AddParameter): Name = "LatestRevisionNote"; Value = "Re-released for DXP Platform."; VariantName = "[No Variations]"
Add component (AddParameter): Name = "PackageReference"; Value = "AXIAL-0.5"; VariantName = "[No Variations]"
Add component (AddParameter): Name = "Published"; Value = "8-Jun-2000"; VariantName = "[No Variations]"
Add component (AddParameter): Name = "Publisher"; Value = "Altium Limited"; VariantName = "[No Variations]"
Add component (AddParameter): Name = "Value"; Value = "3.3"; VariantName = "[No Variations]"
Added Component: Designator=R42_balancer8(RES2512)
Add component (AddParameter): Name = "LatestRevisionDate"; Value = "17-Jul-2002"; VariantName = "[No Variations]"
Add component (AddParameter): Name = "LatestRevisionNote"; Value = "Re-released for DXP Platform."; VariantName = "[No Variations]"
Add component (AddParameter): Name = "PackageReference"; Value = "AXIAL-0.5"; VariantName = "[No Variations]"
Add component (AddParameter): Name = "Published"; Value = "8-Jun-2000"; VariantName = "[No Variations]"
Add component (AddParameter): Name = "Publisher"; Value = "Altium Limited"; VariantName = "[No Variations]"
Add component (AddParameter): Name = "Value"; Value = "3.3"; VariantName = "[No Variations]"
Added Component: Designator=R42_balancer9(RES2512)
Add component (AddParameter): Name = "LatestRevisionDate"; Value = "17-Jul-2002"; VariantName = "[No Variations]"
Add component (AddParameter): Name = "LatestRevisionNote"; Value = "Re-released for DXP Platform."; VariantName = "[No Variations]"
Add component (AddParameter): Name = "PackageReference"; Value = "AXIAL-0.5"; VariantName = "[No Variations]"
Add component (AddParameter): Name = "Published"; Value = "8-Jun-2000"; VariantName = "[No Variations]"
Add component (AddParameter): Name = "Publisher"; Value = "Altium Limited"; VariantName = "[No Variations]"
Add component (AddParameter): Name = "Value"; Value = "3.3"; VariantName = "[No Variations]"
Added Component: Designator=R42_balancer10(RES2512)
Add component (AddParameter): Name = "LatestRevisionDate"; Value = "17-Jul-2002"; VariantName = "[No Variations]"
Add component (AddParameter): Name = "LatestRevisionNote"; Value = "Re-released for DXP Platform."; VariantName = "[No Variations]"
Add component (AddParameter): Name = "PackageReference"; Value = "AXIAL-0.5"; VariantName = "[No Variations]"
Add component (AddParameter): Name = "Published"; Value = "8-Jun-2000"; VariantName = "[No Variations]"
Add component (AddParameter): Name = "Publisher"; Value = "Altium Limited"; VariantName = "[No Variations]"
Add component (AddParameter): Name = "Value"; Value = "3.3"; VariantName = "[No Variations]"
Added Component: Designator=R42_balancer11(RES2512)
Add component (AddParameter): Name = "LatestRevisionDate"; Value = "17-Jul-2002"; VariantName = "[No Variations]"
Add component (AddParameter): Name = "LatestRevisionNote"; Value = "Re-released for DXP Platform."; VariantName = "[No Variations]"
Add component (AddParameter): Name = "PackageReference"; Value = "AXIAL-0.5"; VariantName = "[No Variations]"
Add component (AddParameter): Name = "Published"; Value = "8-Jun-2000"; VariantName = "[No Variations]"
Add component (AddParameter): Name = "Publisher"; Value = "Altium Limited"; VariantName = "[No Variations]"
Add component (AddParameter): Name = "Value"; Value = "3.3"; VariantName = "[No Variations]"
Added Component: Designator=R42_balancer12(RES2512)
Add component (AddParameter): Name = "LatestRevisionDate"; Value = "17-Jul-2002"; VariantName = "[No Variations]"
Add component (AddParameter): Name = "LatestRevisionNote"; Value = "Re-released for DXP Platform."; VariantName = "[No Variations]"
Add component (AddParameter): Name = "PackageReference"; Value = "AXIAL-0.5"; VariantName = "[No Variations]"
Add component (AddParameter): Name = "Published"; Value = "8-Jun-2000"; VariantName = "[No Variations]"
Add component (AddParameter): Name = "Publisher"; Value = "Altium Limited"; VariantName = "[No Variations]"
Add component (AddParameter): Name = "Value"; Value = "3.3"; VariantName = "[No Variations]"
Added Component: Designator=R42_balancer13(RES2512)
Add component (AddParameter): Name = "LatestRevisionDate"; Value = "17-Jul-2002"; VariantName = "[No Variations]"
Add component (AddParameter): Name = "LatestRevisionNote"; Value = "Re-released for DXP Platform."; VariantName = "[No Variations]"
Add component (AddParameter): Name = "PackageReference"; Value = "AXIAL-0.5"; VariantName = "[No Variations]"
Add component (AddParameter): Name = "Published"; Value = "8-Jun-2000"; VariantName = "[No Variations]"
Add component (AddParameter): Name = "Publisher"; Value = "Altium Limited"; VariantName = "[No Variations]"
Add component (AddParameter): Name = "Value"; Value = "3.3"; VariantName = "[No Variations]"
Added Component: Designator=R42_balancer14(RES2512)
Add component (AddParameter): Name = "LatestRevisionDate"; Value = "17-Jul-2002"; VariantName = "[No Variations]"
Add component (AddParameter): Name = "LatestRevisionNote"; Value = "Re-released for DXP Platform."; VariantName = "[No Variations]"
Add component (AddParameter): Name = "PackageReference"; Value = "AXIAL-0.5"; VariantName = "[No Variations]"
Add component (AddParameter): Name = "Published"; Value = "8-Jun-2000"; VariantName = "[No Variations]"
Add component (AddParameter): Name = "Publisher"; Value = "Altium Limited"; VariantName = "[No Variations]"
Add component (AddParameter): Name = "Value"; Value = "3.3"; VariantName = "[No Variations]"
Added Component: Designator=R42_balancer15(RES2512)
Add component (AddParameter): Name = "LatestRevisionDate"; Value = "17-Jul-2002"; VariantName = "[No Variations]"
Add component (AddParameter): Name = "LatestRevisionNote"; Value = "Re-released for DXP Platform."; VariantName = "[No Variations]"
Add component (AddParameter): Name = "PackageReference"; Value = "AXIAL-0.5"; VariantName = "[No Variations]"
Add component (AddParameter): Name = "Published"; Value = "8-Jun-2000"; VariantName = "[No Variations]"
Add component (AddParameter): Name = "Publisher"; Value = "Altium Limited"; VariantName = "[No Variations]"
Add component (AddParameter): Name = "Value"; Value = "3.3"; VariantName = "[No Variations]"
Added Component: Designator=R42_balancer16(RES2512)
Add component (AddParameter): Name = "LatestRevisionDate"; Value = "17-Jul-2002"; VariantName = "[No Variations]"
Add component (AddParameter): Name = "LatestRevisionNote"; Value = "Re-released for DXP Platform."; VariantName = "[No Variations]"
Add component (AddParameter): Name = "PackageReference"; Value = "AXIAL-0.5"; VariantName = "[No Variations]"
Add component (AddParameter): Name = "Published"; Value = "8-Jun-2000"; VariantName = "[No Variations]"
Add component (AddParameter): Name = "Publisher"; Value = "Altium Limited"; VariantName = "[No Variations]"
Add component (AddParameter): Name = "Value"; Value = "3.3"; VariantName = "[No Variations]"
Added Component: Designator=R43_balancer1(RES2512)
Add component (AddParameter): Name = "LatestRevisionDate"; Value = "17-Jul-2002"; VariantName = "[No Variations]"
Add component (AddParameter): Name = "LatestRevisionNote"; Value = "Re-released for DXP Platform."; VariantName = "[No Variations]"
Add component (AddParameter): Name = "PackageReference"; Value = "AXIAL-0.5"; VariantName = "[No Variations]"
Add component (AddParameter): Name = "Published"; Value = "8-Jun-2000"; VariantName = "[No Variations]"
Add component (AddParameter): Name = "Publisher"; Value = "Altium Limited"; VariantName = "[No Variations]"
Add component (AddParameter): Name = "Value"; Value = "3.3"; VariantName = "[No Variations]"
Added Component: Designator=R43_balancer2(RES2512)
Add component (AddParameter): Name = "LatestRevisionDate"; Value = "17-Jul-2002"; VariantName = "[No Variations]"
Add component (AddParameter): Name = "LatestRevisionNote"; Value = "Re-released for DXP Platform."; VariantName = "[No Variations]"
Add component (AddParameter): Name = "PackageReference"; Value = "AXIAL-0.5"; VariantName = "[No Variations]"
Add component (AddParameter): Name = "Published"; Value = "8-Jun-2000"; VariantName = "[No Variations]"
Add component (AddParameter): Name = "Publisher"; Value = "Altium Limited"; VariantName = "[No Variations]"
Add component (AddParameter): Name = "Value"; Value = "3.3"; VariantName = "[No Variations]"
Added Component: Designator=R43_balancer3(RES2512)
Add component (AddParameter): Name = "LatestRevisionDate"; Value = "17-Jul-2002"; VariantName = "[No Variations]"
Add component (AddParameter): Name = "LatestRevisionNote"; Value = "Re-released for DXP Platform."; VariantName = "[No Variations]"
Add component (AddParameter): Name = "PackageReference"; Value = "AXIAL-0.5"; VariantName = "[No Variations]"
Add component (AddParameter): Name = "Published"; Value = "8-Jun-2000"; VariantName = "[No Variations]"
Add component (AddParameter): Name = "Publisher"; Value = "Altium Limited"; VariantName = "[No Variations]"
Add component (AddParameter): Name = "Value"; Value = "3.3"; VariantName = "[No Variations]"
Added Component: Designator=R43_balancer4(RES2512)
Add component (AddParameter): Name = "LatestRevisionDate"; Value = "17-Jul-2002"; VariantName = "[No Variations]"
Add component (AddParameter): Name = "LatestRevisionNote"; Value = "Re-released for DXP Platform."; VariantName = "[No Variations]"
Add component (AddParameter): Name = "PackageReference"; Value = "AXIAL-0.5"; VariantName = "[No Variations]"
Add component (AddParameter): Name = "Published"; Value = "8-Jun-2000"; VariantName = "[No Variations]"
Add component (AddParameter): Name = "Publisher"; Value = "Altium Limited"; VariantName = "[No Variations]"
Add component (AddParameter): Name = "Value"; Value = "3.3"; VariantName = "[No Variations]"
Added Component: Designator=R43_balancer5(RES2512)
Add component (AddParameter): Name = "LatestRevisionDate"; Value = "17-Jul-2002"; VariantName = "[No Variations]"
Add component (AddParameter): Name = "LatestRevisionNote"; Value = "Re-released for DXP Platform."; VariantName = "[No Variations]"
Add component (AddParameter): Name = "PackageReference"; Value = "AXIAL-0.5"; VariantName = "[No Variations]"
Add component (AddParameter): Name = "Published"; Value = "8-Jun-2000"; VariantName = "[No Variations]"
Add component (AddParameter): Name = "Publisher"; Value = "Altium Limited"; VariantName = "[No Variations]"
Add component (AddParameter): Name = "Value"; Value = "3.3"; VariantName = "[No Variations]"
Added Component: Designator=R43_balancer6(RES2512)
Add component (AddParameter): Name = "LatestRevisionDate"; Value = "17-Jul-2002"; VariantName = "[No Variations]"
Add component (AddParameter): Name = "LatestRevisionNote"; Value = "Re-released for DXP Platform."; VariantName = "[No Variations]"
Add component (AddParameter): Name = "PackageReference"; Value = "AXIAL-0.5"; VariantName = "[No Variations]"
Add component (AddParameter): Name = "Published"; Value = "8-Jun-2000"; VariantName = "[No Variations]"
Add component (AddParameter): Name = "Publisher"; Value = "Altium Limited"; VariantName = "[No Variations]"
Add component (AddParameter): Name = "Value"; Value = "3.3"; VariantName = "[No Variations]"
Added Component: Designator=R43_balancer7(RES2512)
Add component (AddParameter): Name = "LatestRevisionDate"; Value = "17-Jul-2002"; VariantName = "[No Variations]"
Add component (AddParameter): Name = "LatestRevisionNote"; Value = "Re-released for DXP Platform."; VariantName = "[No Variations]"
Add component (AddParameter): Name = "PackageReference"; Value = "AXIAL-0.5"; VariantName = "[No Variations]"
Add component (AddParameter): Name = "Published"; Value = "8-Jun-2000"; VariantName = "[No Variations]"
Add component (AddParameter): Name = "Publisher"; Value = "Altium Limited"; VariantName = "[No Variations]"
Add component (AddParameter): Name = "Value"; Value = "3.3"; VariantName = "[No Variations]"
Added Component: Designator=R43_balancer8(RES2512)
Add component (AddParameter): Name = "LatestRevisionDate"; Value = "17-Jul-2002"; VariantName = "[No Variations]"
Add component (AddParameter): Name = "LatestRevisionNote"; Value = "Re-released for DXP Platform."; VariantName = "[No Variations]"
Add component (AddParameter): Name = "PackageReference"; Value = "AXIAL-0.5"; VariantName = "[No Variations]"
Add component (AddParameter): Name = "Published"; Value = "8-Jun-2000"; VariantName = "[No Variations]"
Add component (AddParameter): Name = "Publisher"; Value = "Altium Limited"; VariantName = "[No Variations]"
Add component (AddParameter): Name = "Value"; Value = "3.3"; VariantName = "[No Variations]"
Added Component: Designator=R43_balancer9(RES2512)
Add component (AddParameter): Name = "LatestRevisionDate"; Value = "17-Jul-2002"; VariantName = "[No Variations]"
Add component (AddParameter): Name = "LatestRevisionNote"; Value = "Re-released for DXP Platform."; VariantName = "[No Variations]"
Add component (AddParameter): Name = "PackageReference"; Value = "AXIAL-0.5"; VariantName = "[No Variations]"
Add component (AddParameter): Name = "Published"; Value = "8-Jun-2000"; VariantName = "[No Variations]"
Add component (AddParameter): Name = "Publisher"; Value = "Altium Limited"; VariantName = "[No Variations]"
Add component (AddParameter): Name = "Value"; Value = "3.3"; VariantName = "[No Variations]"
Added Component: Designator=R43_balancer10(RES2512)
Add component (AddParameter): Name = "LatestRevisionDate"; Value = "17-Jul-2002"; VariantName = "[No Variations]"
Add component (AddParameter): Name = "LatestRevisionNote"; Value = "Re-released for DXP Platform."; VariantName = "[No Variations]"
Add component (AddParameter): Name = "PackageReference"; Value = "AXIAL-0.5"; VariantName = "[No Variations]"
Add component (AddParameter): Name = "Published"; Value = "8-Jun-2000"; VariantName = "[No Variations]"
Add component (AddParameter): Name = "Publisher"; Value = "Altium Limited"; VariantName = "[No Variations]"
Add component (AddParameter): Name = "Value"; Value = "3.3"; VariantName = "[No Variations]"
Added Component: Designator=R43_balancer11(RES2512)
Add component (AddParameter): Name = "LatestRevisionDate"; Value = "17-Jul-2002"; VariantName = "[No Variations]"
Add component (AddParameter): Name = "LatestRevisionNote"; Value = "Re-released for DXP Platform."; VariantName = "[No Variations]"
Add component (AddParameter): Name = "PackageReference"; Value = "AXIAL-0.5"; VariantName = "[No Variations]"
Add component (AddParameter): Name = "Published"; Value = "8-Jun-2000"; VariantName = "[No Variations]"
Add component (AddParameter): Name = "Publisher"; Value = "Altium Limited"; VariantName = "[No Variations]"
Add component (AddParameter): Name = "Value"; Value = "3.3"; VariantName = "[No Variations]"
Added Component: Designator=R43_balancer12(RES2512)
Add component (AddParameter): Name = "LatestRevisionDate"; Value = "17-Jul-2002"; VariantName = "[No Variations]"
Add component (AddParameter): Name = "LatestRevisionNote"; Value = "Re-released for DXP Platform."; VariantName = "[No Variations]"
Add component (AddParameter): Name = "PackageReference"; Value = "AXIAL-0.5"; VariantName = "[No Variations]"
Add component (AddParameter): Name = "Published"; Value = "8-Jun-2000"; VariantName = "[No Variations]"
Add component (AddParameter): Name = "Publisher"; Value = "Altium Limited"; VariantName = "[No Variations]"
Add component (AddParameter): Name = "Value"; Value = "3.3"; VariantName = "[No Variations]"
Added Component: Designator=R43_balancer13(RES2512)
Add component (AddParameter): Name = "LatestRevisionDate"; Value = "17-Jul-2002"; VariantName = "[No Variations]"
Add component (AddParameter): Name = "LatestRevisionNote"; Value = "Re-released for DXP Platform."; VariantName = "[No Variations]"
Add component (AddParameter): Name = "PackageReference"; Value = "AXIAL-0.5"; VariantName = "[No Variations]"
Add component (AddParameter): Name = "Published"; Value = "8-Jun-2000"; VariantName = "[No Variations]"
Add component (AddParameter): Name = "Publisher"; Value = "Altium Limited"; VariantName = "[No Variations]"
Add component (AddParameter): Name = "Value"; Value = "3.3"; VariantName = "[No Variations]"
Added Component: Designator=R43_balancer14(RES2512)
Add component (AddParameter): Name = "LatestRevisionDate"; Value = "17-Jul-2002"; VariantName = "[No Variations]"
Add component (AddParameter): Name = "LatestRevisionNote"; Value = "Re-released for DXP Platform."; VariantName = "[No Variations]"
Add component (AddParameter): Name = "PackageReference"; Value = "AXIAL-0.5"; VariantName = "[No Variations]"
Add component (AddParameter): Name = "Published"; Value = "8-Jun-2000"; VariantName = "[No Variations]"
Add component (AddParameter): Name = "Publisher"; Value = "Altium Limited"; VariantName = "[No Variations]"
Add component (AddParameter): Name = "Value"; Value = "3.3"; VariantName = "[No Variations]"
Added Component: Designator=R43_balancer15(RES2512)
Add component (AddParameter): Name = "LatestRevisionDate"; Value = "17-Jul-2002"; VariantName = "[No Variations]"
Add component (AddParameter): Name = "LatestRevisionNote"; Value = "Re-released for DXP Platform."; VariantName = "[No Variations]"
Add component (AddParameter): Name = "PackageReference"; Value = "AXIAL-0.5"; VariantName = "[No Variations]"
Add component (AddParameter): Name = "Published"; Value = "8-Jun-2000"; VariantName = "[No Variations]"
Add component (AddParameter): Name = "Publisher"; Value = "Altium Limited"; VariantName = "[No Variations]"
Add component (AddParameter): Name = "Value"; Value = "3.3"; VariantName = "[No Variations]"
Added Component: Designator=R43_balancer16(RES2512)
Add component (AddParameter): Name = "LatestRevisionDate"; Value = "17-Jul-2002"; VariantName = "[No Variations]"
Add component (AddParameter): Name = "LatestRevisionNote"; Value = "Re-released for DXP Platform."; VariantName = "[No Variations]"
Add component (AddParameter): Name = "PackageReference"; Value = "AXIAL-0.5"; VariantName = "[No Variations]"
Add component (AddParameter): Name = "Published"; Value = "8-Jun-2000"; VariantName = "[No Variations]"
Add component (AddParameter): Name = "Publisher"; Value = "Altium Limited"; VariantName = "[No Variations]"
Add component (AddParameter): Name = "Value"; Value = "3.3"; VariantName = "[No Variations]"
Added Component: Designator=R44_balancer1(RES2512)
Add component (AddParameter): Name = "LatestRevisionDate"; Value = "17-Jul-2002"; VariantName = "[No Variations]"
Add component (AddParameter): Name = "LatestRevisionNote"; Value = "Re-released for DXP Platform."; VariantName = "[No Variations]"
Add component (AddParameter): Name = "PackageReference"; Value = "AXIAL-0.5"; VariantName = "[No Variations]"
Add component (AddParameter): Name = "Published"; Value = "8-Jun-2000"; VariantName = "[No Variations]"
Add component (AddParameter): Name = "Publisher"; Value = "Altium Limited"; VariantName = "[No Variations]"
Add component (AddParameter): Name = "Value"; Value = "3.3"; VariantName = "[No Variations]"
Added Component: Designator=R44_balancer2(RES2512)
Add component (AddParameter): Name = "LatestRevisionDate"; Value = "17-Jul-2002"; VariantName = "[No Variations]"
Add component (AddParameter): Name = "LatestRevisionNote"; Value = "Re-released for DXP Platform."; VariantName = "[No Variations]"
Add component (AddParameter): Name = "PackageReference"; Value = "AXIAL-0.5"; VariantName = "[No Variations]"
Add component (AddParameter): Name = "Published"; Value = "8-Jun-2000"; VariantName = "[No Variations]"
Add component (AddParameter): Name = "Publisher"; Value = "Altium Limited"; VariantName = "[No Variations]"
Add component (AddParameter): Name = "Value"; Value = "3.3"; VariantName = "[No Variations]"
Added Component: Designator=R44_balancer3(RES2512)
Add component (AddParameter): Name = "LatestRevisionDate"; Value = "17-Jul-2002"; VariantName = "[No Variations]"
Add component (AddParameter): Name = "LatestRevisionNote"; Value = "Re-released for DXP Platform."; VariantName = "[No Variations]"
Add component (AddParameter): Name = "PackageReference"; Value = "AXIAL-0.5"; VariantName = "[No Variations]"
Add component (AddParameter): Name = "Published"; Value = "8-Jun-2000"; VariantName = "[No Variations]"
Add component (AddParameter): Name = "Publisher"; Value = "Altium Limited"; VariantName = "[No Variations]"
Add component (AddParameter): Name = "Value"; Value = "3.3"; VariantName = "[No Variations]"
Added Component: Designator=R44_balancer4(RES2512)
Add component (AddParameter): Name = "LatestRevisionDate"; Value = "17-Jul-2002"; VariantName = "[No Variations]"
Add component (AddParameter): Name = "LatestRevisionNote"; Value = "Re-released for DXP Platform."; VariantName = "[No Variations]"
Add component (AddParameter): Name = "PackageReference"; Value = "AXIAL-0.5"; VariantName = "[No Variations]"
Add component (AddParameter): Name = "Published"; Value = "8-Jun-2000"; VariantName = "[No Variations]"
Add component (AddParameter): Name = "Publisher"; Value = "Altium Limited"; VariantName = "[No Variations]"
Add component (AddParameter): Name = "Value"; Value = "3.3"; VariantName = "[No Variations]"
Added Component: Designator=R44_balancer5(RES2512)
Add component (AddParameter): Name = "LatestRevisionDate"; Value = "17-Jul-2002"; VariantName = "[No Variations]"
Add component (AddParameter): Name = "LatestRevisionNote"; Value = "Re-released for DXP Platform."; VariantName = "[No Variations]"
Add component (AddParameter): Name = "PackageReference"; Value = "AXIAL-0.5"; VariantName = "[No Variations]"
Add component (AddParameter): Name = "Published"; Value = "8-Jun-2000"; VariantName = "[No Variations]"
Add component (AddParameter): Name = "Publisher"; Value = "Altium Limited"; VariantName = "[No Variations]"
Add component (AddParameter): Name = "Value"; Value = "3.3"; VariantName = "[No Variations]"
Added Component: Designator=R44_balancer6(RES2512)
Add component (AddParameter): Name = "LatestRevisionDate"; Value = "17-Jul-2002"; VariantName = "[No Variations]"
Add component (AddParameter): Name = "LatestRevisionNote"; Value = "Re-released for DXP Platform."; VariantName = "[No Variations]"
Add component (AddParameter): Name = "PackageReference"; Value = "AXIAL-0.5"; VariantName = "[No Variations]"
Add component (AddParameter): Name = "Published"; Value = "8-Jun-2000"; VariantName = "[No Variations]"
Add component (AddParameter): Name = "Publisher"; Value = "Altium Limited"; VariantName = "[No Variations]"
Add component (AddParameter): Name = "Value"; Value = "3.3"; VariantName = "[No Variations]"
Added Component: Designator=R44_balancer7(RES2512)
Add component (AddParameter): Name = "LatestRevisionDate"; Value = "17-Jul-2002"; VariantName = "[No Variations]"
Add component (AddParameter): Name = "LatestRevisionNote"; Value = "Re-released for DXP Platform."; VariantName = "[No Variations]"
Add component (AddParameter): Name = "PackageReference"; Value = "AXIAL-0.5"; VariantName = "[No Variations]"
Add component (AddParameter): Name = "Published"; Value = "8-Jun-2000"; VariantName = "[No Variations]"
Add component (AddParameter): Name = "Publisher"; Value = "Altium Limited"; VariantName = "[No Variations]"
Add component (AddParameter): Name = "Value"; Value = "3.3"; VariantName = "[No Variations]"
Added Component: Designator=R44_balancer8(RES2512)
Add component (AddParameter): Name = "LatestRevisionDate"; Value = "17-Jul-2002"; VariantName = "[No Variations]"
Add component (AddParameter): Name = "LatestRevisionNote"; Value = "Re-released for DXP Platform."; VariantName = "[No Variations]"
Add component (AddParameter): Name = "PackageReference"; Value = "AXIAL-0.5"; VariantName = "[No Variations]"
Add component (AddParameter): Name = "Published"; Value = "8-Jun-2000"; VariantName = "[No Variations]"
Add component (AddParameter): Name = "Publisher"; Value = "Altium Limited"; VariantName = "[No Variations]"
Add component (AddParameter): Name = "Value"; Value = "3.3"; VariantName = "[No Variations]"
Added Component: Designator=R44_balancer9(RES2512)
Add component (AddParameter): Name = "LatestRevisionDate"; Value = "17-Jul-2002"; VariantName = "[No Variations]"
Add component (AddParameter): Name = "LatestRevisionNote"; Value = "Re-released for DXP Platform."; VariantName = "[No Variations]"
Add component (AddParameter): Name = "PackageReference"; Value = "AXIAL-0.5"; VariantName = "[No Variations]"
Add component (AddParameter): Name = "Published"; Value = "8-Jun-2000"; VariantName = "[No Variations]"
Add component (AddParameter): Name = "Publisher"; Value = "Altium Limited"; VariantName = "[No Variations]"
Add component (AddParameter): Name = "Value"; Value = "3.3"; VariantName = "[No Variations]"
Added Component: Designator=R44_balancer10(RES2512)
Add component (AddParameter): Name = "LatestRevisionDate"; Value = "17-Jul-2002"; VariantName = "[No Variations]"
Add component (AddParameter): Name = "LatestRevisionNote"; Value = "Re-released for DXP Platform."; VariantName = "[No Variations]"
Add component (AddParameter): Name = "PackageReference"; Value = "AXIAL-0.5"; VariantName = "[No Variations]"
Add component (AddParameter): Name = "Published"; Value = "8-Jun-2000"; VariantName = "[No Variations]"
Add component (AddParameter): Name = "Publisher"; Value = "Altium Limited"; VariantName = "[No Variations]"
Add component (AddParameter): Name = "Value"; Value = "3.3"; VariantName = "[No Variations]"
Added Component: Designator=R44_balancer11(RES2512)
Add component (AddParameter): Name = "LatestRevisionDate"; Value = "17-Jul-2002"; VariantName = "[No Variations]"
Add component (AddParameter): Name = "LatestRevisionNote"; Value = "Re-released for DXP Platform."; VariantName = "[No Variations]"
Add component (AddParameter): Name = "PackageReference"; Value = "AXIAL-0.5"; VariantName = "[No Variations]"
Add component (AddParameter): Name = "Published"; Value = "8-Jun-2000"; VariantName = "[No Variations]"
Add component (AddParameter): Name = "Publisher"; Value = "Altium Limited"; VariantName = "[No Variations]"
Add component (AddParameter): Name = "Value"; Value = "3.3"; VariantName = "[No Variations]"
Added Component: Designator=R44_balancer12(RES2512)
Add component (AddParameter): Name = "LatestRevisionDate"; Value = "17-Jul-2002"; VariantName = "[No Variations]"
Add component (AddParameter): Name = "LatestRevisionNote"; Value = "Re-released for DXP Platform."; VariantName = "[No Variations]"
Add component (AddParameter): Name = "PackageReference"; Value = "AXIAL-0.5"; VariantName = "[No Variations]"
Add component (AddParameter): Name = "Published"; Value = "8-Jun-2000"; VariantName = "[No Variations]"
Add component (AddParameter): Name = "Publisher"; Value = "Altium Limited"; VariantName = "[No Variations]"
Add component (AddParameter): Name = "Value"; Value = "3.3"; VariantName = "[No Variations]"
Added Component: Designator=R44_balancer13(RES2512)
Add component (AddParameter): Name = "LatestRevisionDate"; Value = "17-Jul-2002"; VariantName = "[No Variations]"
Add component (AddParameter): Name = "LatestRevisionNote"; Value = "Re-released for DXP Platform."; VariantName = "[No Variations]"
Add component (AddParameter): Name = "PackageReference"; Value = "AXIAL-0.5"; VariantName = "[No Variations]"
Add component (AddParameter): Name = "Published"; Value = "8-Jun-2000"; VariantName = "[No Variations]"
Add component (AddParameter): Name = "Publisher"; Value = "Altium Limited"; VariantName = "[No Variations]"
Add component (AddParameter): Name = "Value"; Value = "3.3"; VariantName = "[No Variations]"
Added Component: Designator=R44_balancer14(RES2512)
Add component (AddParameter): Name = "LatestRevisionDate"; Value = "17-Jul-2002"; VariantName = "[No Variations]"
Add component (AddParameter): Name = "LatestRevisionNote"; Value = "Re-released for DXP Platform."; VariantName = "[No Variations]"
Add component (AddParameter): Name = "PackageReference"; Value = "AXIAL-0.5"; VariantName = "[No Variations]"
Add component (AddParameter): Name = "Published"; Value = "8-Jun-2000"; VariantName = "[No Variations]"
Add component (AddParameter): Name = "Publisher"; Value = "Altium Limited"; VariantName = "[No Variations]"
Add component (AddParameter): Name = "Value"; Value = "3.3"; VariantName = "[No Variations]"
Added Component: Designator=R44_balancer15(RES2512)
Add component (AddParameter): Name = "LatestRevisionDate"; Value = "17-Jul-2002"; VariantName = "[No Variations]"
Add component (AddParameter): Name = "LatestRevisionNote"; Value = "Re-released for DXP Platform."; VariantName = "[No Variations]"
Add component (AddParameter): Name = "PackageReference"; Value = "AXIAL-0.5"; VariantName = "[No Variations]"
Add component (AddParameter): Name = "Published"; Value = "8-Jun-2000"; VariantName = "[No Variations]"
Add component (AddParameter): Name = "Publisher"; Value = "Altium Limited"; VariantName = "[No Variations]"
Add component (AddParameter): Name = "Value"; Value = "3.3"; VariantName = "[No Variations]"
Added Component: Designator=R44_balancer16(RES2512)
Add component (AddParameter): Name = "LatestRevisionDate"; Value = "17-Jul-2002"; VariantName = "[No Variations]"
Add component (AddParameter): Name = "LatestRevisionNote"; Value = "Re-released for DXP Platform."; VariantName = "[No Variations]"
Add component (AddParameter): Name = "PackageReference"; Value = "AXIAL-0.5"; VariantName = "[No Variations]"
Add component (AddParameter): Name = "Published"; Value = "8-Jun-2000"; VariantName = "[No Variations]"
Add component (AddParameter): Name = "Publisher"; Value = "Altium Limited"; VariantName = "[No Variations]"
Add component (AddParameter): Name = "Value"; Value = "3.3"; VariantName = "[No Variations]"
Added Component: Designator=R45_balancer1(RESC0603)
Add component (AddParameter): Name = "LatestRevisionDate"; Value = "17-Jul-2002"; VariantName = "[No Variations]"
Add component (AddParameter): Name = "LatestRevisionNote"; Value = "Re-released for DXP Platform."; VariantName = "[No Variations]"
Add component (AddParameter): Name = "PackageReference"; Value = "AXIAL-0.5"; VariantName = "[No Variations]"
Add component (AddParameter): Name = "Published"; Value = "8-Jun-2000"; VariantName = "[No Variations]"
Add component (AddParameter): Name = "Publisher"; Value = "Altium Limited"; VariantName = "[No Variations]"
Add component (AddParameter): Name = "Value"; Value = "300"; VariantName = "[No Variations]"
Added Component: Designator=R45_balancer2(RESC0603)
Add component (AddParameter): Name = "LatestRevisionDate"; Value = "17-Jul-2002"; VariantName = "[No Variations]"
Add component (AddParameter): Name = "LatestRevisionNote"; Value = "Re-released for DXP Platform."; VariantName = "[No Variations]"
Add component (AddParameter): Name = "PackageReference"; Value = "AXIAL-0.5"; VariantName = "[No Variations]"
Add component (AddParameter): Name = "Published"; Value = "8-Jun-2000"; VariantName = "[No Variations]"
Add component (AddParameter): Name = "Publisher"; Value = "Altium Limited"; VariantName = "[No Variations]"
Add component (AddParameter): Name = "Value"; Value = "300"; VariantName = "[No Variations]"
Added Component: Designator=R45_balancer3(RESC0603)
Add component (AddParameter): Name = "LatestRevisionDate"; Value = "17-Jul-2002"; VariantName = "[No Variations]"
Add component (AddParameter): Name = "LatestRevisionNote"; Value = "Re-released for DXP Platform."; VariantName = "[No Variations]"
Add component (AddParameter): Name = "PackageReference"; Value = "AXIAL-0.5"; VariantName = "[No Variations]"
Add component (AddParameter): Name = "Published"; Value = "8-Jun-2000"; VariantName = "[No Variations]"
Add component (AddParameter): Name = "Publisher"; Value = "Altium Limited"; VariantName = "[No Variations]"
Add component (AddParameter): Name = "Value"; Value = "300"; VariantName = "[No Variations]"
Added Component: Designator=R45_balancer4(RESC0603)
Add component (AddParameter): Name = "LatestRevisionDate"; Value = "17-Jul-2002"; VariantName = "[No Variations]"
Add component (AddParameter): Name = "LatestRevisionNote"; Value = "Re-released for DXP Platform."; VariantName = "[No Variations]"
Add component (AddParameter): Name = "PackageReference"; Value = "AXIAL-0.5"; VariantName = "[No Variations]"
Add component (AddParameter): Name = "Published"; Value = "8-Jun-2000"; VariantName = "[No Variations]"
Add component (AddParameter): Name = "Publisher"; Value = "Altium Limited"; VariantName = "[No Variations]"
Add component (AddParameter): Name = "Value"; Value = "300"; VariantName = "[No Variations]"
Added Component: Designator=R45_balancer5(RESC0603)
Add component (AddParameter): Name = "LatestRevisionDate"; Value = "17-Jul-2002"; VariantName = "[No Variations]"
Add component (AddParameter): Name = "LatestRevisionNote"; Value = "Re-released for DXP Platform."; VariantName = "[No Variations]"
Add component (AddParameter): Name = "PackageReference"; Value = "AXIAL-0.5"; VariantName = "[No Variations]"
Add component (AddParameter): Name = "Published"; Value = "8-Jun-2000"; VariantName = "[No Variations]"
Add component (AddParameter): Name = "Publisher"; Value = "Altium Limited"; VariantName = "[No Variations]"
Add component (AddParameter): Name = "Value"; Value = "300"; VariantName = "[No Variations]"
Added Component: Designator=R45_balancer6(RESC0603)
Add component (AddParameter): Name = "LatestRevisionDate"; Value = "17-Jul-2002"; VariantName = "[No Variations]"
Add component (AddParameter): Name = "LatestRevisionNote"; Value = "Re-released for DXP Platform."; VariantName = "[No Variations]"
Add component (AddParameter): Name = "PackageReference"; Value = "AXIAL-0.5"; VariantName = "[No Variations]"
Add component (AddParameter): Name = "Published"; Value = "8-Jun-2000"; VariantName = "[No Variations]"
Add component (AddParameter): Name = "Publisher"; Value = "Altium Limited"; VariantName = "[No Variations]"
Add component (AddParameter): Name = "Value"; Value = "300"; VariantName = "[No Variations]"
Added Component: Designator=R45_balancer7(RESC0603)
Add component (AddParameter): Name = "LatestRevisionDate"; Value = "17-Jul-2002"; VariantName = "[No Variations]"
Add component (AddParameter): Name = "LatestRevisionNote"; Value = "Re-released for DXP Platform."; VariantName = "[No Variations]"
Add component (AddParameter): Name = "PackageReference"; Value = "AXIAL-0.5"; VariantName = "[No Variations]"
Add component (AddParameter): Name = "Published"; Value = "8-Jun-2000"; VariantName = "[No Variations]"
Add component (AddParameter): Name = "Publisher"; Value = "Altium Limited"; VariantName = "[No Variations]"
Add component (AddParameter): Name = "Value"; Value = "300"; VariantName = "[No Variations]"
Added Component: Designator=R45_balancer8(RESC0603)
Add component (AddParameter): Name = "LatestRevisionDate"; Value = "17-Jul-2002"; VariantName = "[No Variations]"
Add component (AddParameter): Name = "LatestRevisionNote"; Value = "Re-released for DXP Platform."; VariantName = "[No Variations]"
Add component (AddParameter): Name = "PackageReference"; Value = "AXIAL-0.5"; VariantName = "[No Variations]"
Add component (AddParameter): Name = "Published"; Value = "8-Jun-2000"; VariantName = "[No Variations]"
Add component (AddParameter): Name = "Publisher"; Value = "Altium Limited"; VariantName = "[No Variations]"
Add component (AddParameter): Name = "Value"; Value = "300"; VariantName = "[No Variations]"
Added Component: Designator=R45_balancer9(RESC0603)
Add component (AddParameter): Name = "LatestRevisionDate"; Value = "17-Jul-2002"; VariantName = "[No Variations]"
Add component (AddParameter): Name = "LatestRevisionNote"; Value = "Re-released for DXP Platform."; VariantName = "[No Variations]"
Add component (AddParameter): Name = "PackageReference"; Value = "AXIAL-0.5"; VariantName = "[No Variations]"
Add component (AddParameter): Name = "Published"; Value = "8-Jun-2000"; VariantName = "[No Variations]"
Add component (AddParameter): Name = "Publisher"; Value = "Altium Limited"; VariantName = "[No Variations]"
Add component (AddParameter): Name = "Value"; Value = "300"; VariantName = "[No Variations]"
Added Component: Designator=R45_balancer10(RESC0603)
Add component (AddParameter): Name = "LatestRevisionDate"; Value = "17-Jul-2002"; VariantName = "[No Variations]"
Add component (AddParameter): Name = "LatestRevisionNote"; Value = "Re-released for DXP Platform."; VariantName = "[No Variations]"
Add component (AddParameter): Name = "PackageReference"; Value = "AXIAL-0.5"; VariantName = "[No Variations]"
Add component (AddParameter): Name = "Published"; Value = "8-Jun-2000"; VariantName = "[No Variations]"
Add component (AddParameter): Name = "Publisher"; Value = "Altium Limited"; VariantName = "[No Variations]"
Add component (AddParameter): Name = "Value"; Value = "300"; VariantName = "[No Variations]"
Added Component: Designator=R45_balancer11(RESC0603)
Add component (AddParameter): Name = "LatestRevisionDate"; Value = "17-Jul-2002"; VariantName = "[No Variations]"
Add component (AddParameter): Name = "LatestRevisionNote"; Value = "Re-released for DXP Platform."; VariantName = "[No Variations]"
Add component (AddParameter): Name = "PackageReference"; Value = "AXIAL-0.5"; VariantName = "[No Variations]"
Add component (AddParameter): Name = "Published"; Value = "8-Jun-2000"; VariantName = "[No Variations]"
Add component (AddParameter): Name = "Publisher"; Value = "Altium Limited"; VariantName = "[No Variations]"
Add component (AddParameter): Name = "Value"; Value = "300"; VariantName = "[No Variations]"
Added Component: Designator=R45_balancer12(RESC0603)
Add component (AddParameter): Name = "LatestRevisionDate"; Value = "17-Jul-2002"; VariantName = "[No Variations]"
Add component (AddParameter): Name = "LatestRevisionNote"; Value = "Re-released for DXP Platform."; VariantName = "[No Variations]"
Add component (AddParameter): Name = "PackageReference"; Value = "AXIAL-0.5"; VariantName = "[No Variations]"
Add component (AddParameter): Name = "Published"; Value = "8-Jun-2000"; VariantName = "[No Variations]"
Add component (AddParameter): Name = "Publisher"; Value = "Altium Limited"; VariantName = "[No Variations]"
Add component (AddParameter): Name = "Value"; Value = "300"; VariantName = "[No Variations]"
Added Component: Designator=R45_balancer13(RESC0603)
Add component (AddParameter): Name = "LatestRevisionDate"; Value = "17-Jul-2002"; VariantName = "[No Variations]"
Add component (AddParameter): Name = "LatestRevisionNote"; Value = "Re-released for DXP Platform."; VariantName = "[No Variations]"
Add component (AddParameter): Name = "PackageReference"; Value = "AXIAL-0.5"; VariantName = "[No Variations]"
Add component (AddParameter): Name = "Published"; Value = "8-Jun-2000"; VariantName = "[No Variations]"
Add component (AddParameter): Name = "Publisher"; Value = "Altium Limited"; VariantName = "[No Variations]"
Add component (AddParameter): Name = "Value"; Value = "300"; VariantName = "[No Variations]"
Added Component: Designator=R45_balancer14(RESC0603)
Add component (AddParameter): Name = "LatestRevisionDate"; Value = "17-Jul-2002"; VariantName = "[No Variations]"
Add component (AddParameter): Name = "LatestRevisionNote"; Value = "Re-released for DXP Platform."; VariantName = "[No Variations]"
Add component (AddParameter): Name = "PackageReference"; Value = "AXIAL-0.5"; VariantName = "[No Variations]"
Add component (AddParameter): Name = "Published"; Value = "8-Jun-2000"; VariantName = "[No Variations]"
Add component (AddParameter): Name = "Publisher"; Value = "Altium Limited"; VariantName = "[No Variations]"
Add component (AddParameter): Name = "Value"; Value = "300"; VariantName = "[No Variations]"
Added Component: Designator=R45_balancer15(RESC0603)
Add component (AddParameter): Name = "LatestRevisionDate"; Value = "17-Jul-2002"; VariantName = "[No Variations]"
Add component (AddParameter): Name = "LatestRevisionNote"; Value = "Re-released for DXP Platform."; VariantName = "[No Variations]"
Add component (AddParameter): Name = "PackageReference"; Value = "AXIAL-0.5"; VariantName = "[No Variations]"
Add component (AddParameter): Name = "Published"; Value = "8-Jun-2000"; VariantName = "[No Variations]"
Add component (AddParameter): Name = "Publisher"; Value = "Altium Limited"; VariantName = "[No Variations]"
Add component (AddParameter): Name = "Value"; Value = "300"; VariantName = "[No Variations]"
Added Component: Designator=R45_balancer16(RESC0603)
Add component (AddParameter): Name = "LatestRevisionDate"; Value = "17-Jul-2002"; VariantName = "[No Variations]"
Add component (AddParameter): Name = "LatestRevisionNote"; Value = "Re-released for DXP Platform."; VariantName = "[No Variations]"
Add component (AddParameter): Name = "PackageReference"; Value = "AXIAL-0.5"; VariantName = "[No Variations]"
Add component (AddParameter): Name = "Published"; Value = "8-Jun-2000"; VariantName = "[No Variations]"
Add component (AddParameter): Name = "Publisher"; Value = "Altium Limited"; VariantName = "[No Variations]"
Add component (AddParameter): Name = "Value"; Value = "300"; VariantName = "[No Variations]"
Added Component: Designator=R46_balancer1(RESC0603)
Add component (AddParameter): Name = "LatestRevisionDate"; Value = "17-Jul-2002"; VariantName = "[No Variations]"
Add component (AddParameter): Name = "LatestRevisionNote"; Value = "Re-released for DXP Platform."; VariantName = "[No Variations]"
Add component (AddParameter): Name = "PackageReference"; Value = "AXIAL-0.5"; VariantName = "[No Variations]"
Add component (AddParameter): Name = "Published"; Value = "8-Jun-2000"; VariantName = "[No Variations]"
Add component (AddParameter): Name = "Publisher"; Value = "Altium Limited"; VariantName = "[No Variations]"
Add component (AddParameter): Name = "Value"; Value = "200"; VariantName = "[No Variations]"
Added Component: Designator=R46_balancer2(RESC0603)
Add component (AddParameter): Name = "LatestRevisionDate"; Value = "17-Jul-2002"; VariantName = "[No Variations]"
Add component (AddParameter): Name = "LatestRevisionNote"; Value = "Re-released for DXP Platform."; VariantName = "[No Variations]"
Add component (AddParameter): Name = "PackageReference"; Value = "AXIAL-0.5"; VariantName = "[No Variations]"
Add component (AddParameter): Name = "Published"; Value = "8-Jun-2000"; VariantName = "[No Variations]"
Add component (AddParameter): Name = "Publisher"; Value = "Altium Limited"; VariantName = "[No Variations]"
Add component (AddParameter): Name = "Value"; Value = "200"; VariantName = "[No Variations]"
Added Component: Designator=R46_balancer3(RESC0603)
Add component (AddParameter): Name = "LatestRevisionDate"; Value = "17-Jul-2002"; VariantName = "[No Variations]"
Add component (AddParameter): Name = "LatestRevisionNote"; Value = "Re-released for DXP Platform."; VariantName = "[No Variations]"
Add component (AddParameter): Name = "PackageReference"; Value = "AXIAL-0.5"; VariantName = "[No Variations]"
Add component (AddParameter): Name = "Published"; Value = "8-Jun-2000"; VariantName = "[No Variations]"
Add component (AddParameter): Name = "Publisher"; Value = "Altium Limited"; VariantName = "[No Variations]"
Add component (AddParameter): Name = "Value"; Value = "200"; VariantName = "[No Variations]"
Added Component: Designator=R46_balancer4(RESC0603)
Add component (AddParameter): Name = "LatestRevisionDate"; Value = "17-Jul-2002"; VariantName = "[No Variations]"
Add component (AddParameter): Name = "LatestRevisionNote"; Value = "Re-released for DXP Platform."; VariantName = "[No Variations]"
Add component (AddParameter): Name = "PackageReference"; Value = "AXIAL-0.5"; VariantName = "[No Variations]"
Add component (AddParameter): Name = "Published"; Value = "8-Jun-2000"; VariantName = "[No Variations]"
Add component (AddParameter): Name = "Publisher"; Value = "Altium Limited"; VariantName = "[No Variations]"
Add component (AddParameter): Name = "Value"; Value = "200"; VariantName = "[No Variations]"
Added Component: Designator=R46_balancer5(RESC0603)
Add component (AddParameter): Name = "LatestRevisionDate"; Value = "17-Jul-2002"; VariantName = "[No Variations]"
Add component (AddParameter): Name = "LatestRevisionNote"; Value = "Re-released for DXP Platform."; VariantName = "[No Variations]"
Add component (AddParameter): Name = "PackageReference"; Value = "AXIAL-0.5"; VariantName = "[No Variations]"
Add component (AddParameter): Name = "Published"; Value = "8-Jun-2000"; VariantName = "[No Variations]"
Add component (AddParameter): Name = "Publisher"; Value = "Altium Limited"; VariantName = "[No Variations]"
Add component (AddParameter): Name = "Value"; Value = "200"; VariantName = "[No Variations]"
Added Component: Designator=R46_balancer6(RESC0603)
Add component (AddParameter): Name = "LatestRevisionDate"; Value = "17-Jul-2002"; VariantName = "[No Variations]"
Add component (AddParameter): Name = "LatestRevisionNote"; Value = "Re-released for DXP Platform."; VariantName = "[No Variations]"
Add component (AddParameter): Name = "PackageReference"; Value = "AXIAL-0.5"; VariantName = "[No Variations]"
Add component (AddParameter): Name = "Published"; Value = "8-Jun-2000"; VariantName = "[No Variations]"
Add component (AddParameter): Name = "Publisher"; Value = "Altium Limited"; VariantName = "[No Variations]"
Add component (AddParameter): Name = "Value"; Value = "200"; VariantName = "[No Variations]"
Added Component: Designator=R46_balancer7(RESC0603)
Add component (AddParameter): Name = "LatestRevisionDate"; Value = "17-Jul-2002"; VariantName = "[No Variations]"
Add component (AddParameter): Name = "LatestRevisionNote"; Value = "Re-released for DXP Platform."; VariantName = "[No Variations]"
Add component (AddParameter): Name = "PackageReference"; Value = "AXIAL-0.5"; VariantName = "[No Variations]"
Add component (AddParameter): Name = "Published"; Value = "8-Jun-2000"; VariantName = "[No Variations]"
Add component (AddParameter): Name = "Publisher"; Value = "Altium Limited"; VariantName = "[No Variations]"
Add component (AddParameter): Name = "Value"; Value = "200"; VariantName = "[No Variations]"
Added Component: Designator=R46_balancer8(RESC0603)
Add component (AddParameter): Name = "LatestRevisionDate"; Value = "17-Jul-2002"; VariantName = "[No Variations]"
Add component (AddParameter): Name = "LatestRevisionNote"; Value = "Re-released for DXP Platform."; VariantName = "[No Variations]"
Add component (AddParameter): Name = "PackageReference"; Value = "AXIAL-0.5"; VariantName = "[No Variations]"
Add component (AddParameter): Name = "Published"; Value = "8-Jun-2000"; VariantName = "[No Variations]"
Add component (AddParameter): Name = "Publisher"; Value = "Altium Limited"; VariantName = "[No Variations]"
Add component (AddParameter): Name = "Value"; Value = "200"; VariantName = "[No Variations]"
Added Component: Designator=R46_balancer9(RESC0603)
Add component (AddParameter): Name = "LatestRevisionDate"; Value = "17-Jul-2002"; VariantName = "[No Variations]"
Add component (AddParameter): Name = "LatestRevisionNote"; Value = "Re-released for DXP Platform."; VariantName = "[No Variations]"
Add component (AddParameter): Name = "PackageReference"; Value = "AXIAL-0.5"; VariantName = "[No Variations]"
Add component (AddParameter): Name = "Published"; Value = "8-Jun-2000"; VariantName = "[No Variations]"
Add component (AddParameter): Name = "Publisher"; Value = "Altium Limited"; VariantName = "[No Variations]"
Add component (AddParameter): Name = "Value"; Value = "200"; VariantName = "[No Variations]"
Added Component: Designator=R46_balancer10(RESC0603)
Add component (AddParameter): Name = "LatestRevisionDate"; Value = "17-Jul-2002"; VariantName = "[No Variations]"
Add component (AddParameter): Name = "LatestRevisionNote"; Value = "Re-released for DXP Platform."; VariantName = "[No Variations]"
Add component (AddParameter): Name = "PackageReference"; Value = "AXIAL-0.5"; VariantName = "[No Variations]"
Add component (AddParameter): Name = "Published"; Value = "8-Jun-2000"; VariantName = "[No Variations]"
Add component (AddParameter): Name = "Publisher"; Value = "Altium Limited"; VariantName = "[No Variations]"
Add component (AddParameter): Name = "Value"; Value = "200"; VariantName = "[No Variations]"
Added Component: Designator=R46_balancer11(RESC0603)
Add component (AddParameter): Name = "LatestRevisionDate"; Value = "17-Jul-2002"; VariantName = "[No Variations]"
Add component (AddParameter): Name = "LatestRevisionNote"; Value = "Re-released for DXP Platform."; VariantName = "[No Variations]"
Add component (AddParameter): Name = "PackageReference"; Value = "AXIAL-0.5"; VariantName = "[No Variations]"
Add component (AddParameter): Name = "Published"; Value = "8-Jun-2000"; VariantName = "[No Variations]"
Add component (AddParameter): Name = "Publisher"; Value = "Altium Limited"; VariantName = "[No Variations]"
Add component (AddParameter): Name = "Value"; Value = "200"; VariantName = "[No Variations]"
Added Component: Designator=R46_balancer12(RESC0603)
Add component (AddParameter): Name = "LatestRevisionDate"; Value = "17-Jul-2002"; VariantName = "[No Variations]"
Add component (AddParameter): Name = "LatestRevisionNote"; Value = "Re-released for DXP Platform."; VariantName = "[No Variations]"
Add component (AddParameter): Name = "PackageReference"; Value = "AXIAL-0.5"; VariantName = "[No Variations]"
Add component (AddParameter): Name = "Published"; Value = "8-Jun-2000"; VariantName = "[No Variations]"
Add component (AddParameter): Name = "Publisher"; Value = "Altium Limited"; VariantName = "[No Variations]"
Add component (AddParameter): Name = "Value"; Value = "200"; VariantName = "[No Variations]"
Added Component: Designator=R46_balancer13(RESC0603)
Add component (AddParameter): Name = "LatestRevisionDate"; Value = "17-Jul-2002"; VariantName = "[No Variations]"
Add component (AddParameter): Name = "LatestRevisionNote"; Value = "Re-released for DXP Platform."; VariantName = "[No Variations]"
Add component (AddParameter): Name = "PackageReference"; Value = "AXIAL-0.5"; VariantName = "[No Variations]"
Add component (AddParameter): Name = "Published"; Value = "8-Jun-2000"; VariantName = "[No Variations]"
Add component (AddParameter): Name = "Publisher"; Value = "Altium Limited"; VariantName = "[No Variations]"
Add component (AddParameter): Name = "Value"; Value = "200"; VariantName = "[No Variations]"
Added Component: Designator=R46_balancer14(RESC0603)
Add component (AddParameter): Name = "LatestRevisionDate"; Value = "17-Jul-2002"; VariantName = "[No Variations]"
Add component (AddParameter): Name = "LatestRevisionNote"; Value = "Re-released for DXP Platform."; VariantName = "[No Variations]"
Add component (AddParameter): Name = "PackageReference"; Value = "AXIAL-0.5"; VariantName = "[No Variations]"
Add component (AddParameter): Name = "Published"; Value = "8-Jun-2000"; VariantName = "[No Variations]"
Add component (AddParameter): Name = "Publisher"; Value = "Altium Limited"; VariantName = "[No Variations]"
Add component (AddParameter): Name = "Value"; Value = "200"; VariantName = "[No Variations]"
Added Component: Designator=R46_balancer15(RESC0603)
Add component (AddParameter): Name = "LatestRevisionDate"; Value = "17-Jul-2002"; VariantName = "[No Variations]"
Add component (AddParameter): Name = "LatestRevisionNote"; Value = "Re-released for DXP Platform."; VariantName = "[No Variations]"
Add component (AddParameter): Name = "PackageReference"; Value = "AXIAL-0.5"; VariantName = "[No Variations]"
Add component (AddParameter): Name = "Published"; Value = "8-Jun-2000"; VariantName = "[No Variations]"
Add component (AddParameter): Name = "Publisher"; Value = "Altium Limited"; VariantName = "[No Variations]"
Add component (AddParameter): Name = "Value"; Value = "200"; VariantName = "[No Variations]"
Added Component: Designator=R46_balancer16(RESC0603)
Add component (AddParameter): Name = "LatestRevisionDate"; Value = "17-Jul-2002"; VariantName = "[No Variations]"
Add component (AddParameter): Name = "LatestRevisionNote"; Value = "Re-released for DXP Platform."; VariantName = "[No Variations]"
Add component (AddParameter): Name = "PackageReference"; Value = "AXIAL-0.5"; VariantName = "[No Variations]"
Add component (AddParameter): Name = "Published"; Value = "8-Jun-2000"; VariantName = "[No Variations]"
Add component (AddParameter): Name = "Publisher"; Value = "Altium Limited"; VariantName = "[No Variations]"
Add component (AddParameter): Name = "Value"; Value = "200"; VariantName = "[No Variations]"
Added Component: Designator=R47_balancer1(RESC0603)
Add component (AddParameter): Name = "LatestRevisionDate"; Value = "17-Jul-2002"; VariantName = "[No Variations]"
Add component (AddParameter): Name = "LatestRevisionNote"; Value = "Re-released for DXP Platform."; VariantName = "[No Variations]"
Add component (AddParameter): Name = "PackageReference"; Value = "AXIAL-0.5"; VariantName = "[No Variations]"
Add component (AddParameter): Name = "Published"; Value = "8-Jun-2000"; VariantName = "[No Variations]"
Add component (AddParameter): Name = "Publisher"; Value = "Altium Limited"; VariantName = "[No Variations]"
Add component (AddParameter): Name = "Value"; Value = "100"; VariantName = "[No Variations]"
Added Component: Designator=R47_balancer2(RESC0603)
Add component (AddParameter): Name = "LatestRevisionDate"; Value = "17-Jul-2002"; VariantName = "[No Variations]"
Add component (AddParameter): Name = "LatestRevisionNote"; Value = "Re-released for DXP Platform."; VariantName = "[No Variations]"
Add component (AddParameter): Name = "PackageReference"; Value = "AXIAL-0.5"; VariantName = "[No Variations]"
Add component (AddParameter): Name = "Published"; Value = "8-Jun-2000"; VariantName = "[No Variations]"
Add component (AddParameter): Name = "Publisher"; Value = "Altium Limited"; VariantName = "[No Variations]"
Add component (AddParameter): Name = "Value"; Value = "100"; VariantName = "[No Variations]"
Added Component: Designator=R47_balancer3(RESC0603)
Add component (AddParameter): Name = "LatestRevisionDate"; Value = "17-Jul-2002"; VariantName = "[No Variations]"
Add component (AddParameter): Name = "LatestRevisionNote"; Value = "Re-released for DXP Platform."; VariantName = "[No Variations]"
Add component (AddParameter): Name = "PackageReference"; Value = "AXIAL-0.5"; VariantName = "[No Variations]"
Add component (AddParameter): Name = "Published"; Value = "8-Jun-2000"; VariantName = "[No Variations]"
Add component (AddParameter): Name = "Publisher"; Value = "Altium Limited"; VariantName = "[No Variations]"
Add component (AddParameter): Name = "Value"; Value = "100"; VariantName = "[No Variations]"
Added Component: Designator=R47_balancer4(RESC0603)
Add component (AddParameter): Name = "LatestRevisionDate"; Value = "17-Jul-2002"; VariantName = "[No Variations]"
Add component (AddParameter): Name = "LatestRevisionNote"; Value = "Re-released for DXP Platform."; VariantName = "[No Variations]"
Add component (AddParameter): Name = "PackageReference"; Value = "AXIAL-0.5"; VariantName = "[No Variations]"
Add component (AddParameter): Name = "Published"; Value = "8-Jun-2000"; VariantName = "[No Variations]"
Add component (AddParameter): Name = "Publisher"; Value = "Altium Limited"; VariantName = "[No Variations]"
Add component (AddParameter): Name = "Value"; Value = "100"; VariantName = "[No Variations]"
Added Component: Designator=R47_balancer5(RESC0603)
Add component (AddParameter): Name = "LatestRevisionDate"; Value = "17-Jul-2002"; VariantName = "[No Variations]"
Add component (AddParameter): Name = "LatestRevisionNote"; Value = "Re-released for DXP Platform."; VariantName = "[No Variations]"
Add component (AddParameter): Name = "PackageReference"; Value = "AXIAL-0.5"; VariantName = "[No Variations]"
Add component (AddParameter): Name = "Published"; Value = "8-Jun-2000"; VariantName = "[No Variations]"
Add component (AddParameter): Name = "Publisher"; Value = "Altium Limited"; VariantName = "[No Variations]"
Add component (AddParameter): Name = "Value"; Value = "100"; VariantName = "[No Variations]"
Added Component: Designator=R47_balancer6(RESC0603)
Add component (AddParameter): Name = "LatestRevisionDate"; Value = "17-Jul-2002"; VariantName = "[No Variations]"
Add component (AddParameter): Name = "LatestRevisionNote"; Value = "Re-released for DXP Platform."; VariantName = "[No Variations]"
Add component (AddParameter): Name = "PackageReference"; Value = "AXIAL-0.5"; VariantName = "[No Variations]"
Add component (AddParameter): Name = "Published"; Value = "8-Jun-2000"; VariantName = "[No Variations]"
Add component (AddParameter): Name = "Publisher"; Value = "Altium Limited"; VariantName = "[No Variations]"
Add component (AddParameter): Name = "Value"; Value = "100"; VariantName = "[No Variations]"
Added Component: Designator=R47_balancer7(RESC0603)
Add component (AddParameter): Name = "LatestRevisionDate"; Value = "17-Jul-2002"; VariantName = "[No Variations]"
Add component (AddParameter): Name = "LatestRevisionNote"; Value = "Re-released for DXP Platform."; VariantName = "[No Variations]"
Add component (AddParameter): Name = "PackageReference"; Value = "AXIAL-0.5"; VariantName = "[No Variations]"
Add component (AddParameter): Name = "Published"; Value = "8-Jun-2000"; VariantName = "[No Variations]"
Add component (AddParameter): Name = "Publisher"; Value = "Altium Limited"; VariantName = "[No Variations]"
Add component (AddParameter): Name = "Value"; Value = "100"; VariantName = "[No Variations]"
Added Component: Designator=R47_balancer8(RESC0603)
Add component (AddParameter): Name = "LatestRevisionDate"; Value = "17-Jul-2002"; VariantName = "[No Variations]"
Add component (AddParameter): Name = "LatestRevisionNote"; Value = "Re-released for DXP Platform."; VariantName = "[No Variations]"
Add component (AddParameter): Name = "PackageReference"; Value = "AXIAL-0.5"; VariantName = "[No Variations]"
Add component (AddParameter): Name = "Published"; Value = "8-Jun-2000"; VariantName = "[No Variations]"
Add component (AddParameter): Name = "Publisher"; Value = "Altium Limited"; VariantName = "[No Variations]"
Add component (AddParameter): Name = "Value"; Value = "100"; VariantName = "[No Variations]"
Added Component: Designator=R47_balancer9(RESC0603)
Add component (AddParameter): Name = "LatestRevisionDate"; Value = "17-Jul-2002"; VariantName = "[No Variations]"
Add component (AddParameter): Name = "LatestRevisionNote"; Value = "Re-released for DXP Platform."; VariantName = "[No Variations]"
Add component (AddParameter): Name = "PackageReference"; Value = "AXIAL-0.5"; VariantName = "[No Variations]"
Add component (AddParameter): Name = "Published"; Value = "8-Jun-2000"; VariantName = "[No Variations]"
Add component (AddParameter): Name = "Publisher"; Value = "Altium Limited"; VariantName = "[No Variations]"
Add component (AddParameter): Name = "Value"; Value = "100"; VariantName = "[No Variations]"
Added Component: Designator=R47_balancer10(RESC0603)
Add component (AddParameter): Name = "LatestRevisionDate"; Value = "17-Jul-2002"; VariantName = "[No Variations]"
Add component (AddParameter): Name = "LatestRevisionNote"; Value = "Re-released for DXP Platform."; VariantName = "[No Variations]"
Add component (AddParameter): Name = "PackageReference"; Value = "AXIAL-0.5"; VariantName = "[No Variations]"
Add component (AddParameter): Name = "Published"; Value = "8-Jun-2000"; VariantName = "[No Variations]"
Add component (AddParameter): Name = "Publisher"; Value = "Altium Limited"; VariantName = "[No Variations]"
Add component (AddParameter): Name = "Value"; Value = "100"; VariantName = "[No Variations]"
Added Component: Designator=R47_balancer11(RESC0603)
Add component (AddParameter): Name = "LatestRevisionDate"; Value = "17-Jul-2002"; VariantName = "[No Variations]"
Add component (AddParameter): Name = "LatestRevisionNote"; Value = "Re-released for DXP Platform."; VariantName = "[No Variations]"
Add component (AddParameter): Name = "PackageReference"; Value = "AXIAL-0.5"; VariantName = "[No Variations]"
Add component (AddParameter): Name = "Published"; Value = "8-Jun-2000"; VariantName = "[No Variations]"
Add component (AddParameter): Name = "Publisher"; Value = "Altium Limited"; VariantName = "[No Variations]"
Add component (AddParameter): Name = "Value"; Value = "100"; VariantName = "[No Variations]"
Added Component: Designator=R47_balancer12(RESC0603)
Add component (AddParameter): Name = "LatestRevisionDate"; Value = "17-Jul-2002"; VariantName = "[No Variations]"
Add component (AddParameter): Name = "LatestRevisionNote"; Value = "Re-released for DXP Platform."; VariantName = "[No Variations]"
Add component (AddParameter): Name = "PackageReference"; Value = "AXIAL-0.5"; VariantName = "[No Variations]"
Add component (AddParameter): Name = "Published"; Value = "8-Jun-2000"; VariantName = "[No Variations]"
Add component (AddParameter): Name = "Publisher"; Value = "Altium Limited"; VariantName = "[No Variations]"
Add component (AddParameter): Name = "Value"; Value = "100"; VariantName = "[No Variations]"
Added Component: Designator=R47_balancer13(RESC0603)
Add component (AddParameter): Name = "LatestRevisionDate"; Value = "17-Jul-2002"; VariantName = "[No Variations]"
Add component (AddParameter): Name = "LatestRevisionNote"; Value = "Re-released for DXP Platform."; VariantName = "[No Variations]"
Add component (AddParameter): Name = "PackageReference"; Value = "AXIAL-0.5"; VariantName = "[No Variations]"
Add component (AddParameter): Name = "Published"; Value = "8-Jun-2000"; VariantName = "[No Variations]"
Add component (AddParameter): Name = "Publisher"; Value = "Altium Limited"; VariantName = "[No Variations]"
Add component (AddParameter): Name = "Value"; Value = "100"; VariantName = "[No Variations]"
Added Component: Designator=R47_balancer14(RESC0603)
Add component (AddParameter): Name = "LatestRevisionDate"; Value = "17-Jul-2002"; VariantName = "[No Variations]"
Add component (AddParameter): Name = "LatestRevisionNote"; Value = "Re-released for DXP Platform."; VariantName = "[No Variations]"
Add component (AddParameter): Name = "PackageReference"; Value = "AXIAL-0.5"; VariantName = "[No Variations]"
Add component (AddParameter): Name = "Published"; Value = "8-Jun-2000"; VariantName = "[No Variations]"
Add component (AddParameter): Name = "Publisher"; Value = "Altium Limited"; VariantName = "[No Variations]"
Add component (AddParameter): Name = "Value"; Value = "100"; VariantName = "[No Variations]"
Added Component: Designator=R47_balancer15(RESC0603)
Add component (AddParameter): Name = "LatestRevisionDate"; Value = "17-Jul-2002"; VariantName = "[No Variations]"
Add component (AddParameter): Name = "LatestRevisionNote"; Value = "Re-released for DXP Platform."; VariantName = "[No Variations]"
Add component (AddParameter): Name = "PackageReference"; Value = "AXIAL-0.5"; VariantName = "[No Variations]"
Add component (AddParameter): Name = "Published"; Value = "8-Jun-2000"; VariantName = "[No Variations]"
Add component (AddParameter): Name = "Publisher"; Value = "Altium Limited"; VariantName = "[No Variations]"
Add component (AddParameter): Name = "Value"; Value = "100"; VariantName = "[No Variations]"
Added Component: Designator=R47_balancer16(RESC0603)
Add component (AddParameter): Name = "LatestRevisionDate"; Value = "17-Jul-2002"; VariantName = "[No Variations]"
Add component (AddParameter): Name = "LatestRevisionNote"; Value = "Re-released for DXP Platform."; VariantName = "[No Variations]"
Add component (AddParameter): Name = "PackageReference"; Value = "AXIAL-0.5"; VariantName = "[No Variations]"
Add component (AddParameter): Name = "Published"; Value = "8-Jun-2000"; VariantName = "[No Variations]"
Add component (AddParameter): Name = "Publisher"; Value = "Altium Limited"; VariantName = "[No Variations]"
Add component (AddParameter): Name = "Value"; Value = "100"; VariantName = "[No Variations]"
Added Component: Designator=R48(RES0603)
Add component (AddParameter): Name = "LatestRevisionDate"; Value = "17-Jul-2002"; VariantName = "[No Variations]"
Add component (AddParameter): Name = "LatestRevisionNote"; Value = "Re-released for DXP Platform."; VariantName = "[No Variations]"
Add component (AddParameter): Name = "PackageDescription"; Value = "Axial Device, Thru-Hole; 2 Leads; 0.3 in Pin Spacing"; VariantName = "[No Variations]"
Add component (AddParameter): Name = "PackageReference"; Value = "AXIAL-0.3"; VariantName = "[No Variations]"
Add component (AddParameter): Name = "Published"; Value = "8-Jun-2000"; VariantName = "[No Variations]"
Add component (AddParameter): Name = "Publisher"; Value = "Altium Limited"; VariantName = "[No Variations]"
Add component (AddParameter): Name = "Value"; Value = "10K"; VariantName = "[No Variations]"
Added Component: Designator=R49(RES0603)
Add component (AddParameter): Name = "LatestRevisionDate"; Value = "17-Jul-2002"; VariantName = "[No Variations]"
Add component (AddParameter): Name = "LatestRevisionNote"; Value = "Re-released for DXP Platform."; VariantName = "[No Variations]"
Add component (AddParameter): Name = "PackageDescription"; Value = "Axial Device, Thru-Hole; 2 Leads; 0.3 in Pin Spacing"; VariantName = "[No Variations]"
Add component (AddParameter): Name = "PackageReference"; Value = "AXIAL-0.3"; VariantName = "[No Variations]"
Add component (AddParameter): Name = "Published"; Value = "8-Jun-2000"; VariantName = "[No Variations]"
Add component (AddParameter): Name = "Publisher"; Value = "Altium Limited"; VariantName = "[No Variations]"
Add component (AddParameter): Name = "Value"; Value = "60"; VariantName = "[No Variations]"
Added Component: Designator=R50(RES0603)
Add component (AddParameter): Name = "LatestRevisionDate"; Value = "17-Jul-2002"; VariantName = "[No Variations]"
Add component (AddParameter): Name = "LatestRevisionNote"; Value = "Re-released for DXP Platform."; VariantName = "[No Variations]"
Add component (AddParameter): Name = "PackageDescription"; Value = "Axial Device, Thru-Hole; 2 Leads; 0.3 in Pin Spacing"; VariantName = "[No Variations]"
Add component (AddParameter): Name = "PackageReference"; Value = "AXIAL-0.3"; VariantName = "[No Variations]"
Add component (AddParameter): Name = "Published"; Value = "8-Jun-2000"; VariantName = "[No Variations]"
Add component (AddParameter): Name = "Publisher"; Value = "Altium Limited"; VariantName = "[No Variations]"
Add component (AddParameter): Name = "Value"; Value = "60"; VariantName = "[No Variations]"
Added Component: Designator=R51(RES0603)
Add component (AddParameter): Name = "LatestRevisionDate"; Value = "17-Jul-2002"; VariantName = "[No Variations]"
Add component (AddParameter): Name = "LatestRevisionNote"; Value = "Re-released for DXP Platform."; VariantName = "[No Variations]"
Add component (AddParameter): Name = "PackageDescription"; Value = "Axial Device, Thru-Hole; 2 Leads; 0.3 in Pin Spacing"; VariantName = "[No Variations]"
Add component (AddParameter): Name = "PackageReference"; Value = "AXIAL-0.3"; VariantName = "[No Variations]"
Add component (AddParameter): Name = "Published"; Value = "8-Jun-2000"; VariantName = "[No Variations]"
Add component (AddParameter): Name = "Publisher"; Value = "Altium Limited"; VariantName = "[No Variations]"
Add component (AddParameter): Name = "Value"; Value = "0"; VariantName = "[No Variations]"
Added Component: Designator=R52(RESC0603)
Add component (AddParameter): Name = "LatestRevisionDate"; Value = "17-Jul-2002"; VariantName = "[No Variations]"
Add component (AddParameter): Name = "LatestRevisionNote"; Value = "Re-released for DXP Platform."; VariantName = "[No Variations]"
Add component (AddParameter): Name = "PackageReference"; Value = "AXIAL-0.5"; VariantName = "[No Variations]"
Add component (AddParameter): Name = "Published"; Value = "8-Jun-2000"; VariantName = "[No Variations]"
Add component (AddParameter): Name = "Publisher"; Value = "Altium Limited"; VariantName = "[No Variations]"
Add component (AddParameter): Name = "Value"; Value = "220"; VariantName = "[No Variations]"
Added Component: Designator=R53(RESC0603)
Add component (AddParameter): Name = "LatestRevisionDate"; Value = "17-Jul-2002"; VariantName = "[No Variations]"
Add component (AddParameter): Name = "LatestRevisionNote"; Value = "Re-released for DXP Platform."; VariantName = "[No Variations]"
Add component (AddParameter): Name = "PackageReference"; Value = "AXIAL-0.5"; VariantName = "[No Variations]"
Add component (AddParameter): Name = "Published"; Value = "8-Jun-2000"; VariantName = "[No Variations]"
Add component (AddParameter): Name = "Publisher"; Value = "Altium Limited"; VariantName = "[No Variations]"
Add component (AddParameter): Name = "Value"; Value = "10K"; VariantName = "[No Variations]"
Added Component: Designator=R54(RES0603)
Add component (AddParameter): Name = "LatestRevisionDate"; Value = "17-Jul-2002"; VariantName = "[No Variations]"
Add component (AddParameter): Name = "LatestRevisionNote"; Value = "Re-released for DXP Platform."; VariantName = "[No Variations]"
Add component (AddParameter): Name = "PackageDescription"; Value = "Axial Device, Thru-Hole; 2 Leads; 0.3 in Pin Spacing"; VariantName = "[No Variations]"
Add component (AddParameter): Name = "PackageReference"; Value = "AXIAL-0.3"; VariantName = "[No Variations]"
Add component (AddParameter): Name = "Published"; Value = "8-Jun-2000"; VariantName = "[No Variations]"
Add component (AddParameter): Name = "Publisher"; Value = "Altium Limited"; VariantName = "[No Variations]"
Add component (AddParameter): Name = "Value"; Value = "0"; VariantName = "[No Variations]"
Added Component: Designator=R55(RESC0603)
Add component (AddParameter): Name = "LatestRevisionDate"; Value = "17-Jul-2002"; VariantName = "[No Variations]"
Add component (AddParameter): Name = "LatestRevisionNote"; Value = "Re-released for DXP Platform."; VariantName = "[No Variations]"
Add component (AddParameter): Name = "PackageReference"; Value = "AXIAL-0.5"; VariantName = "[No Variations]"
Add component (AddParameter): Name = "Published"; Value = "8-Jun-2000"; VariantName = "[No Variations]"
Add component (AddParameter): Name = "Publisher"; Value = "Altium Limited"; VariantName = "[No Variations]"
Add component (AddParameter): Name = "Value"; Value = "10K"; VariantName = "[No Variations]"
Added Component: Designator=R56(RESC0603)
Add component (AddParameter): Name = "LatestRevisionDate"; Value = "17-Jul-2002"; VariantName = "[No Variations]"
Add component (AddParameter): Name = "LatestRevisionNote"; Value = "Re-released for DXP Platform."; VariantName = "[No Variations]"
Add component (AddParameter): Name = "PackageReference"; Value = "AXIAL-0.5"; VariantName = "[No Variations]"
Add component (AddParameter): Name = "Published"; Value = "8-Jun-2000"; VariantName = "[No Variations]"
Add component (AddParameter): Name = "Publisher"; Value = "Altium Limited"; VariantName = "[No Variations]"
Add component (AddParameter): Name = "Value"; Value = "10"; VariantName = "[No Variations]"
Added Component: Designator=R57_Fan1(RESC0603)
Add component (AddParameter): Name = "LatestRevisionDate"; Value = "17-Jul-2002"; VariantName = "[No Variations]"
Add component (AddParameter): Name = "LatestRevisionNote"; Value = "Re-released for DXP Platform."; VariantName = "[No Variations]"
Add component (AddParameter): Name = "PackageReference"; Value = "AXIAL-0.5"; VariantName = "[No Variations]"
Add component (AddParameter): Name = "Published"; Value = "8-Jun-2000"; VariantName = "[No Variations]"
Add component (AddParameter): Name = "Publisher"; Value = "Altium Limited"; VariantName = "[No Variations]"
Add component (AddParameter): Name = "Value"; Value = "10K"; VariantName = "[No Variations]"
Added Component: Designator=R57_Fan2(RESC0603)
Add component (AddParameter): Name = "LatestRevisionDate"; Value = "17-Jul-2002"; VariantName = "[No Variations]"
Add component (AddParameter): Name = "LatestRevisionNote"; Value = "Re-released for DXP Platform."; VariantName = "[No Variations]"
Add component (AddParameter): Name = "PackageReference"; Value = "AXIAL-0.5"; VariantName = "[No Variations]"
Add component (AddParameter): Name = "Published"; Value = "8-Jun-2000"; VariantName = "[No Variations]"
Add component (AddParameter): Name = "Publisher"; Value = "Altium Limited"; VariantName = "[No Variations]"
Add component (AddParameter): Name = "Value"; Value = "10K"; VariantName = "[No Variations]"
Added Component: Designator=R58_Fan1(RESC0603)
Add component (AddParameter): Name = "LatestRevisionDate"; Value = "17-Jul-2002"; VariantName = "[No Variations]"
Add component (AddParameter): Name = "LatestRevisionNote"; Value = "Re-released for DXP Platform."; VariantName = "[No Variations]"
Add component (AddParameter): Name = "PackageReference"; Value = "AXIAL-0.5"; VariantName = "[No Variations]"
Add component (AddParameter): Name = "Published"; Value = "8-Jun-2000"; VariantName = "[No Variations]"
Add component (AddParameter): Name = "Publisher"; Value = "Altium Limited"; VariantName = "[No Variations]"
Add component (AddParameter): Name = "Value"; Value = "220"; VariantName = "[No Variations]"
Added Component: Designator=R58_Fan2(RESC0603)
Add component (AddParameter): Name = "LatestRevisionDate"; Value = "17-Jul-2002"; VariantName = "[No Variations]"
Add component (AddParameter): Name = "LatestRevisionNote"; Value = "Re-released for DXP Platform."; VariantName = "[No Variations]"
Add component (AddParameter): Name = "PackageReference"; Value = "AXIAL-0.5"; VariantName = "[No Variations]"
Add component (AddParameter): Name = "Published"; Value = "8-Jun-2000"; VariantName = "[No Variations]"
Add component (AddParameter): Name = "Publisher"; Value = "Altium Limited"; VariantName = "[No Variations]"
Add component (AddParameter): Name = "Value"; Value = "220"; VariantName = "[No Variations]"
Added Component: Designator=R59_Fan1(RESC0603)
Add component (AddParameter): Name = "LatestRevisionDate"; Value = "17-Jul-2002"; VariantName = "[No Variations]"
Add component (AddParameter): Name = "LatestRevisionNote"; Value = "Re-released for DXP Platform."; VariantName = "[No Variations]"
Add component (AddParameter): Name = "PackageReference"; Value = "AXIAL-0.5"; VariantName = "[No Variations]"
Add component (AddParameter): Name = "Published"; Value = "8-Jun-2000"; VariantName = "[No Variations]"
Add component (AddParameter): Name = "Publisher"; Value = "Altium Limited"; VariantName = "[No Variations]"
Add component (AddParameter): Name = "Value"; Value = "10"; VariantName = "[No Variations]"
Added Component: Designator=R59_Fan2(RESC0603)
Add component (AddParameter): Name = "LatestRevisionDate"; Value = "17-Jul-2002"; VariantName = "[No Variations]"
Add component (AddParameter): Name = "LatestRevisionNote"; Value = "Re-released for DXP Platform."; VariantName = "[No Variations]"
Add component (AddParameter): Name = "PackageReference"; Value = "AXIAL-0.5"; VariantName = "[No Variations]"
Add component (AddParameter): Name = "Published"; Value = "8-Jun-2000"; VariantName = "[No Variations]"
Add component (AddParameter): Name = "Publisher"; Value = "Altium Limited"; VariantName = "[No Variations]"
Add component (AddParameter): Name = "Value"; Value = "10"; VariantName = "[No Variations]"
Added Component: Designator=R60(RESC0603)
Add component (AddParameter): Name = "LatestRevisionDate"; Value = "17-Jul-2002"; VariantName = "[No Variations]"
Add component (AddParameter): Name = "LatestRevisionNote"; Value = "Re-released for DXP Platform."; VariantName = "[No Variations]"
Add component (AddParameter): Name = "PackageReference"; Value = "AXIAL-0.5"; VariantName = "[No Variations]"
Add component (AddParameter): Name = "Published"; Value = "8-Jun-2000"; VariantName = "[No Variations]"
Add component (AddParameter): Name = "Publisher"; Value = "Altium Limited"; VariantName = "[No Variations]"
Add component (AddParameter): Name = "Value"; Value = "10K"; VariantName = "[No Variations]"
Added Component: Designator=R61_Fan1(RESC0603)
Add component (AddParameter): Name = "LatestRevisionDate"; Value = "17-Jul-2002"; VariantName = "[No Variations]"
Add component (AddParameter): Name = "LatestRevisionNote"; Value = "Re-released for DXP Platform."; VariantName = "[No Variations]"
Add component (AddParameter): Name = "PackageReference"; Value = "AXIAL-0.5"; VariantName = "[No Variations]"
Add component (AddParameter): Name = "Published"; Value = "8-Jun-2000"; VariantName = "[No Variations]"
Add component (AddParameter): Name = "Publisher"; Value = "Altium Limited"; VariantName = "[No Variations]"
Add component (AddParameter): Name = "Value"; Value = "10K"; VariantName = "[No Variations]"
Added Component: Designator=R61_Fan2(RESC0603)
Add component (AddParameter): Name = "LatestRevisionDate"; Value = "17-Jul-2002"; VariantName = "[No Variations]"
Add component (AddParameter): Name = "LatestRevisionNote"; Value = "Re-released for DXP Platform."; VariantName = "[No Variations]"
Add component (AddParameter): Name = "PackageReference"; Value = "AXIAL-0.5"; VariantName = "[No Variations]"
Add component (AddParameter): Name = "Published"; Value = "8-Jun-2000"; VariantName = "[No Variations]"
Add component (AddParameter): Name = "Publisher"; Value = "Altium Limited"; VariantName = "[No Variations]"
Add component (AddParameter): Name = "Value"; Value = "10K"; VariantName = "[No Variations]"
Added Component: Designator=R62(RESC0603)
Add component (AddParameter): Name = "LatestRevisionDate"; Value = "17-Jul-2002"; VariantName = "[No Variations]"
Add component (AddParameter): Name = "LatestRevisionNote"; Value = "Re-released for DXP Platform."; VariantName = "[No Variations]"
Add component (AddParameter): Name = "PackageReference"; Value = "AXIAL-0.5"; VariantName = "[No Variations]"
Add component (AddParameter): Name = "Published"; Value = "8-Jun-2000"; VariantName = "[No Variations]"
Add component (AddParameter): Name = "Publisher"; Value = "Altium Limited"; VariantName = "[No Variations]"
Add component (AddParameter): Name = "Value"; Value = "10K"; VariantName = "[No Variations]"
Added Component: Designator=R63(RESC0603)
Add component (AddParameter): Name = "LatestRevisionDate"; Value = "17-Jul-2002"; VariantName = "[No Variations]"
Add component (AddParameter): Name = "LatestRevisionNote"; Value = "Re-released for DXP Platform."; VariantName = "[No Variations]"
Add component (AddParameter): Name = "PackageReference"; Value = "AXIAL-0.5"; VariantName = "[No Variations]"
Add component (AddParameter): Name = "Published"; Value = "8-Jun-2000"; VariantName = "[No Variations]"
Add component (AddParameter): Name = "Publisher"; Value = "Altium Limited"; VariantName = "[No Variations]"
Add component (AddParameter): Name = "Value"; Value = "10K"; VariantName = "[No Variations]"
Added Component: Designator=R64(RESC0603)
Add component (AddParameter): Name = "LatestRevisionDate"; Value = "17-Jul-2002"; VariantName = "[No Variations]"
Add component (AddParameter): Name = "LatestRevisionNote"; Value = "Re-released for DXP Platform."; VariantName = "[No Variations]"
Add component (AddParameter): Name = "PackageReference"; Value = "AXIAL-0.5"; VariantName = "[No Variations]"
Add component (AddParameter): Name = "Published"; Value = "8-Jun-2000"; VariantName = "[No Variations]"
Add component (AddParameter): Name = "Publisher"; Value = "Altium Limited"; VariantName = "[No Variations]"
Add component (AddParameter): Name = "Value"; Value = "10K"; VariantName = "[No Variations]"
Added Component: Designator=R65(RES0603)
Add component (AddParameter): Name = "LatestRevisionDate"; Value = "17-Jul-2002"; VariantName = "[No Variations]"
Add component (AddParameter): Name = "LatestRevisionNote"; Value = "Re-released for DXP Platform."; VariantName = "[No Variations]"
Add component (AddParameter): Name = "PackageDescription"; Value = "Axial Device, Thru-Hole; 2 Leads; 0.3 in Pin Spacing"; VariantName = "[No Variations]"
Add component (AddParameter): Name = "PackageReference"; Value = "AXIAL-0.3"; VariantName = "[No Variations]"
Add component (AddParameter): Name = "Published"; Value = "8-Jun-2000"; VariantName = "[No Variations]"
Add component (AddParameter): Name = "Publisher"; Value = "Altium Limited"; VariantName = "[No Variations]"
Add component (AddParameter): Name = "Value"; Value = "10"; VariantName = "[No Variations]"
Added Component: Designator=R?(RESC0603)
Add component (AddParameter): Name = "LatestRevisionDate"; Value = "17-Jul-2002"; VariantName = "[No Variations]"
Add component (AddParameter): Name = "LatestRevisionNote"; Value = "Re-released for DXP Platform."; VariantName = "[No Variations]"
Add component (AddParameter): Name = "PackageReference"; Value = "AXIAL-0.5"; VariantName = "[No Variations]"
Add component (AddParameter): Name = "Published"; Value = "8-Jun-2000"; VariantName = "[No Variations]"
Add component (AddParameter): Name = "Publisher"; Value = "Altium Limited"; VariantName = "[No Variations]"
Add component (AddParameter): Name = "Value"; Value = "2.7K"; VariantName = "[No Variations]"
Added Component: Designator=RST1(SWITCH-PB4)
Added Component: Designator=SWD1(HEADER1*4)
Added Component: Designator=SWH(SW4_1571983_4P_TEC)
Add component (AddParameter): Name = "Copyright"; Value = "Copyright (C) 2025 Ultra Librarian. All rights reserved."; VariantName = "[No Variations]"
Add component (AddParameter): Name = "Manufacturer_Name"; Value = "TE Connectivity"; VariantName = "[No Variations]"
Add component (AddParameter): Name = "Manufacturer_Part_Number"; Value = "1571983-4"; VariantName = "[No Variations]"
Add component (AddParameter): Name = "RefDes"; Value = "RefDes"; VariantName = "[No Variations]"
Add component (AddParameter): Name = "Type"; Value = "Type"; VariantName = "[No Variations]"
Added Component: Designator=SWL(SW4_1571983_4P_TEC)
Add component (AddParameter): Name = "Copyright"; Value = "Copyright (C) 2025 Ultra Librarian. All rights reserved."; VariantName = "[No Variations]"
Add component (AddParameter): Name = "Manufacturer_Name"; Value = "TE Connectivity"; VariantName = "[No Variations]"
Add component (AddParameter): Name = "Manufacturer_Part_Number"; Value = "1571983-4"; VariantName = "[No Variations]"
Add component (AddParameter): Name = "RefDes"; Value = "RefDes"; VariantName = "[No Variations]"
Add component (AddParameter): Name = "Type"; Value = "Type"; VariantName = "[No Variations]"
Added Component: Designator=T1(HEADER1*2)
Added Component: Designator=T2(HEADER1*2)
Added Component: Designator=T3(HEADER1*2)
Added Component: Designator=T4(HEADER1*2)
Added Component: Designator=T5(HEADER1*2)
Added Component: Designator=T6(HEADER1*2)
Added Component: Designator=T7(HEADER1*2)
Added Component: Designator=T8(HEADER1*2)
Added Component: Designator=T9(HEADER1*2)
Added Component: Designator=T10(HEADER1*2)
Added Component: Designator=TP1(Test Point)
Add component (AddParameter): Name = "CompType"; Value = "Testpoint"; VariantName = "[No Variations]"
Add component (AddParameter): Name = "Manufacturer"; Value = "N/A"; VariantName = "[No Variations]"
Add component (AddParameter): Name = "PackageReference"; Value = "N/A"; VariantName = "[No Variations]"
Add component (AddParameter): Name = "PartNumber"; Value = "N/A"; VariantName = "[No Variations]"
Added Component: Designator=TP2(Test Point)
Add component (AddParameter): Name = "CompType"; Value = "Testpoint"; VariantName = "[No Variations]"
Add component (AddParameter): Name = "Manufacturer"; Value = "N/A"; VariantName = "[No Variations]"
Add component (AddParameter): Name = "PackageReference"; Value = "N/A"; VariantName = "[No Variations]"
Add component (AddParameter): Name = "PartNumber"; Value = "N/A"; VariantName = "[No Variations]"
Added Component: Designator=TP3(Test Point)
Add component (AddParameter): Name = "CompType"; Value = "Testpoint"; VariantName = "[No Variations]"
Add component (AddParameter): Name = "Manufacturer"; Value = "N/A"; VariantName = "[No Variations]"
Add component (AddParameter): Name = "PackageReference"; Value = "N/A"; VariantName = "[No Variations]"
Add component (AddParameter): Name = "PartNumber"; Value = "N/A"; VariantName = "[No Variations]"
Added Component: Designator=TP4(Test Point)
Add component (AddParameter): Name = "CompType"; Value = "Testpoint"; VariantName = "[No Variations]"
Add component (AddParameter): Name = "Manufacturer"; Value = "N/A"; VariantName = "[No Variations]"
Add component (AddParameter): Name = "PackageReference"; Value = "N/A"; VariantName = "[No Variations]"
Add component (AddParameter): Name = "PartNumber"; Value = "N/A"; VariantName = "[No Variations]"
Added Component: Designator=TP5(Test Point)
Add component (AddParameter): Name = "CompType"; Value = "Testpoint"; VariantName = "[No Variations]"
Add component (AddParameter): Name = "Manufacturer"; Value = "N/A"; VariantName = "[No Variations]"
Add component (AddParameter): Name = "PackageReference"; Value = "N/A"; VariantName = "[No Variations]"
Add component (AddParameter): Name = "PartNumber"; Value = "N/A"; VariantName = "[No Variations]"
Added Component: Designator=TP6(Test Point)
Add component (AddParameter): Name = "CompType"; Value = "Testpoint"; VariantName = "[No Variations]"
Add component (AddParameter): Name = "Manufacturer"; Value = "N/A"; VariantName = "[No Variations]"
Add component (AddParameter): Name = "PackageReference"; Value = "N/A"; VariantName = "[No Variations]"
Add component (AddParameter): Name = "PartNumber"; Value = "N/A"; VariantName = "[No Variations]"
Added Component: Designator=TP7(Test Point)
Add component (AddParameter): Name = "CompType"; Value = "Testpoint"; VariantName = "[No Variations]"
Add component (AddParameter): Name = "Manufacturer"; Value = "N/A"; VariantName = "[No Variations]"
Add component (AddParameter): Name = "PackageReference"; Value = "N/A"; VariantName = "[No Variations]"
Add component (AddParameter): Name = "PartNumber"; Value = "N/A"; VariantName = "[No Variations]"
Added Component: Designator=U1(STM32F103C8T6)
Add component (AddParameter): Name = "A/D Converter"; Value = "2x12-bit (10 Channel)"; VariantName = "[No Variations]"
Add component (AddParameter): Name = "ComponentLink1Description"; Value = "Manufacturer URL"; VariantName = "[No Variations]"
Add component (AddParameter): Name = "ComponentLink1URL"; Value = "http://www.st.com/web/en/home.html"; VariantName = "[No Variations]"
Add component (AddParameter): Name = "ComponentLink2Description"; Value = "Datasheet"; VariantName = "[No Variations]"
Add component (AddParameter): Name = "ComponentLink2URL"; Value = "http://www.st.com/st-web-ui/static/active/en/resource/technical/document/datasheet/CD00161566.pdf"; VariantName = "[No Variations]"
Add component (AddParameter): Name = "ComponentLink3Description"; Value = "Package Specification"; VariantName = "[No Variations]"
Add component (AddParameter): Name = "ComponentLink3URL"; Value = "http://www.st.com/st-web-ui/static/active/en/resource/technical/document/datasheet/DM00058181.pdf"; VariantName = "[No Variations]"
Add component (AddParameter): Name = "Core"; Value = "ARM Cortex-M3"; VariantName = "[No Variations]"
Add component (AddParameter): Name = "DatasheetVersion"; Value = "Rev. 16"; VariantName = "[No Variations]"
Add component (AddParameter): Name = "FLASH Size (Prog) (kB)"; Value = "64"; VariantName = "[No Variations]"
Add component (AddParameter): Name = "I/Os (High Current)"; Value = "37"; VariantName = "[No Variations]"
Add component (AddParameter): Name = "Internal RAM Size (kB)"; Value = "20"; VariantName = "[No Variations]"
Add component (AddParameter): Name = "Mounting Technology"; Value = "Surface Mount"; VariantName = "[No Variations]"
Add component (AddParameter): Name = "Operating Frequency(F) (Processor speed) (MHz)"; Value = "72"; VariantName = "[No Variations]"
Add component (AddParameter): Name = "PackageDescription"; Value = "48-Pin Low Profile Quad Flat Package, 7 x 7 mm Body, 0.5 mm Pitch"; VariantName = "[No Variations]"
Add component (AddParameter): Name = "PackageReference"; Value = "LQFP48"; VariantName = "[No Variations]"
Add component (AddParameter): Name = "PackageVersion"; Value = "Rev. 6, 06/2013"; VariantName = "[No Variations]"
Add component (AddParameter): Name = "Packing"; Value = "Tray"; VariantName = "[No Variations]"
Add component (AddParameter): Name = "PartNumber"; Value = "STM32F103C8T6"; VariantName = "[No Variations]"
Add component (AddParameter): Name = "Supplier 1"; Value = "Digi-Key"; VariantName = "[No Variations]"
Add component (AddParameter): Name = "Supplier 2"; Value = "Farnell"; VariantName = "[No Variations]"
Add component (AddParameter): Name = "Supplier 3"; Value = "Newark"; VariantName = "[No Variations]"
Add component (AddParameter): Name = "Supplier 4"; Value = "Newark"; VariantName = "[No Variations]"
Add component (AddParameter): Name = "Supplier 5"; Value = "Mouser"; VariantName = "[No Variations]"
Add component (AddParameter): Name = "Supplier Part Number 1"; Value = "497-6063-ND"; VariantName = "[No Variations]"
Add component (AddParameter): Name = "Supplier Part Number 2"; Value = "1447637"; VariantName = "[No Variations]"
Add component (AddParameter): Name = "Supplier Part Number 3"; Value = "59M2182"; VariantName = "[No Variations]"
Add component (AddParameter): Name = "Supplier Part Number 4"; Value = "57P1222"; VariantName = "[No Variations]"
Add component (AddParameter): Name = "Supplier Part Number 5"; Value = "511-STM32F103C8T6"; VariantName = "[No Variations]"
Add component (AddParameter): Name = "Supply Voltage(Vcc) min (V)"; Value = "2"; VariantName = "[No Variations]"
Added Component: Designator=U2(STM32F103C8T6)
Add component (AddParameter): Name = "AEC Category"; Value = "Q200"; VariantName = "[No Variations]"
Add component (AddParameter): Name = "AEC Qualified"; Value = "N"; VariantName = "[No Variations]"
Add component (AddParameter): Name = "Alternate Manufacturer"; Value = "Texas Instruments"; VariantName = "[No Variations]"
Add component (AddParameter): Name = "Alternate PartNumber"; Value = "bq76952PFBR"; VariantName = "[No Variations]"
Add component (AddParameter): Name = "ComponentLink1Description"; Value = "Datasheet Link"; VariantName = "[No Variations]"
Add component (AddParameter): Name = "ComponentLink1URL"; Value = "http://www.ti.com/lit/ds/symlink/bq76952.pdf"; VariantName = "[No Variations]"
Add component (AddParameter): Name = "ComponentLink2Description"; Value = "Product Folder"; VariantName = "[No Variations]"
Add component (AddParameter): Name = "ComponentLink2URL"; Value = "http://www.ti.com/product/bq76952"; VariantName = "[No Variations]"
Add component (AddParameter): Name = "ComponentLink3Description"; Value = "Online Datasheet"; VariantName = "[No Variations]"
Add component (AddParameter): Name = "ComponentLink3URL"; Value = "http://www.ti.com/product/bq76952/datasheet"; VariantName = "[No Variations]"
Add component (AddParameter): Name = "CompType"; Value = "IC"; VariantName = "[No Variations]"
Add component (AddParameter): Name = "Green_EU RoHS"; Value = ""; VariantName = "[No Variations]"
Add component (AddParameter): Name = "Green_EU RoHS-2"; Value = ""; VariantName = "[No Variations]"
Add component (AddParameter): Name = "Green_Lifecycle"; Value = ""; VariantName = "[No Variations]"
Add component (AddParameter): Name = "Green_REACh"; Value = ""; VariantName = "[No Variations]"
Add component (AddParameter): Name = "Manufacturer"; Value = "Texas Instruments"; VariantName = "[No Variations]"
Add component (AddParameter): Name = "MountType"; Value = "SMT"; VariantName = "[No Variations]"
Add component (AddParameter): Name = "Operating Temperature Range"; Value = ""; VariantName = "[No Variations]"
Add component (AddParameter): Name = "PackageDescription"; Value = "TQFP-48"; VariantName = "[No Variations]"
Add component (AddParameter): Name = "PackageReference"; Value = "PFB0048A"; VariantName = "[No Variations]"
Add component (AddParameter): Name = "PartNumber"; Value = "bq76952PFBT"; VariantName = "[No Variations]"
Add component (AddParameter): Name = "Rating"; Value = ""; VariantName = "[No Variations]"
Add component (AddParameter): Name = "RoHS"; Value = ""; VariantName = "[No Variations]"
Add component (AddParameter): Name = "SizeArea_mm2"; Value = "81"; VariantName = "[No Variations]"
Add component (AddParameter): Name = "SizeAreaWB_mm2"; Value = "121"; VariantName = "[No Variations]"
Add component (AddParameter): Name = "SizeX_mm"; Value = "9"; VariantName = "[No Variations]"
Add component (AddParameter): Name = "SizeY_mm"; Value = "9"; VariantName = "[No Variations]"
Add component (AddParameter): Name = "SizeZ_mm"; Value = "1.2"; VariantName = "[No Variations]"
Added Component: Designator=U3(AMS1117)
Added Component: Designator=U4(AMS1117)
Added Component: Designator=U5(soic 8)
Add component (AddParameter): Name = "Bus Fault Voltage(V)"; Value = ""; VariantName = "[No Variations]"
Add component (AddParameter): Name = "Code_JEDEC"; Value = ""; VariantName = "[No Variations]"
Add component (AddParameter): Name = "ComponentLink1Description"; Value = "Datasheet"; VariantName = "[No Variations]"
Add component (AddParameter): Name = "ComponentLink1URL"; Value = "http://www.ti.com/general/docs/lit/getliterature.tsp?genericPartNumber=ISO1050&fileType=pdf"; VariantName = "[No Variations]"
Add component (AddParameter): Name = "ComponentLink2Description"; Value = "Package Specification"; VariantName = "[No Variations]"
Add component (AddParameter): Name = "ComponentLink2URL"; Value = "http://www.ti.com/litv/pdf/mpds247b"; VariantName = "[No Variations]"
Add component (AddParameter): Name = "DatasheetVersion"; Value = "SLLS983E"; VariantName = "[No Variations]"
Add component (AddParameter): Name = "Drivers Per Package"; Value = "1"; VariantName = "[No Variations]"
Add component (AddParameter): Name = "Eco-Plan"; Value = "Green (RoHS & no Sb/Br)"; VariantName = "[No Variations]"
Add component (AddParameter): Name = "Features"; Value = ""; VariantName = "[No Variations]"
Add component (AddParameter): Name = "ICC(Max)(mA)"; Value = ""; VariantName = "[No Variations]"
Add component (AddParameter): Name = "Isolated"; Value = "Yes"; VariantName = "[No Variations]"
Add component (AddParameter): Name = "Low Power Mode"; Value = ""; VariantName = "[No Variations]"
Add component (AddParameter): Name = "Manufacturer"; Value = "Texas Instruments"; VariantName = "[No Variations]"
Add component (AddParameter): Name = "Mounting Technology"; Value = "Surface Mount"; VariantName = "[No Variations]"
Add component (AddParameter): Name = "PackageDescription"; Value = "8-Pin Small Outline Package 2.54 mm Pitch"; VariantName = "[No Variations]"
Add component (AddParameter): Name = "PackageReference"; Value = "DUB0008A"; VariantName = "[No Variations]"
Add component (AddParameter): Name = "PackageVersion"; Value = "revC, May-2006"; VariantName = "[No Variations]"
Add component (AddParameter): Name = "PartNumber"; Value = "ISO1050DUBR"; VariantName = "[No Variations]"
Add component (AddParameter): Name = "Rating"; Value = "Catalog"; VariantName = "[No Variations]"
Add component (AddParameter): Name = "Receivers Per Package"; Value = ""; VariantName = "[No Variations]"
Add component (AddParameter): Name = "SubFamily"; Value = "CAN"; VariantName = "[No Variations]"
Add component (AddParameter): Name = "Supply Voltage(s)(V)"; Value = ""; VariantName = "[No Variations]"
Add component (AddParameter): Name = "Transient Pulse Protection(V)"; Value = ""; VariantName = "[No Variations]"
Added Component: Designator=U6(PC817)
Added Component: Designator=U8_Fan1(PC817)
Added Component: Designator=U8_Fan2(PC817)
Added Component: Designator=Y1(XTAL)
Added Component: Designator=Z1(SMA)
Added Pin To Net: NetName=+BalanceCommand_1 Pin=C25_balancer1-2
Added Pin To Net: NetName=+BalanceCommand_1 Pin=C25_balancer2-1
Added Pin To Net: NetName=+BalanceCommand_1 Pin=R40_balancer1-2
Added Pin To Net: NetName=+BalanceCommand_1 Pin=R45_balancer2-2
Added Pin To Net: NetName=+BalanceCommand_1 Pin=R47_balancer2-2
Added Pin To Net: NetName=+BalanceCommand_1 Pin=U2-15
Added Net: Name=+BalanceCommand_1
Added Pin To Net: NetName=+BalanceCommand_2 Pin=C25_balancer2-2
Added Pin To Net: NetName=+BalanceCommand_2 Pin=C25_balancer3-1
Added Pin To Net: NetName=+BalanceCommand_2 Pin=R40_balancer2-2
Added Pin To Net: NetName=+BalanceCommand_2 Pin=R45_balancer3-2
Added Pin To Net: NetName=+BalanceCommand_2 Pin=R47_balancer3-2
Added Pin To Net: NetName=+BalanceCommand_2 Pin=U2-14
Added Net: Name=+BalanceCommand_2
Added Pin To Net: NetName=+BalanceCommand_3 Pin=C25_balancer3-2
Added Pin To Net: NetName=+BalanceCommand_3 Pin=C25_balancer4-1
Added Pin To Net: NetName=+BalanceCommand_3 Pin=R40_balancer3-2
Added Pin To Net: NetName=+BalanceCommand_3 Pin=R45_balancer4-2
Added Pin To Net: NetName=+BalanceCommand_3 Pin=R47_balancer4-2
Added Pin To Net: NetName=+BalanceCommand_3 Pin=U2-13
Added Net: Name=+BalanceCommand_3
Added Pin To Net: NetName=+BalanceCommand_4 Pin=C25_balancer4-2
Added Pin To Net: NetName=+BalanceCommand_4 Pin=C25_balancer5-1
Added Pin To Net: NetName=+BalanceCommand_4 Pin=R40_balancer4-2
Added Pin To Net: NetName=+BalanceCommand_4 Pin=R45_balancer5-2
Added Pin To Net: NetName=+BalanceCommand_4 Pin=R47_balancer5-2
Added Pin To Net: NetName=+BalanceCommand_4 Pin=U2-12
Added Net: Name=+BalanceCommand_4
Added Pin To Net: NetName=+BalanceCommand_5 Pin=C25_balancer5-2
Added Pin To Net: NetName=+BalanceCommand_5 Pin=C25_balancer6-1
Added Pin To Net: NetName=+BalanceCommand_5 Pin=R40_balancer5-2
Added Pin To Net: NetName=+BalanceCommand_5 Pin=R45_balancer6-2
Added Pin To Net: NetName=+BalanceCommand_5 Pin=R47_balancer6-2
Added Pin To Net: NetName=+BalanceCommand_5 Pin=U2-11
Added Net: Name=+BalanceCommand_5
Added Pin To Net: NetName=+BalanceCommand_6 Pin=C25_balancer6-2
Added Pin To Net: NetName=+BalanceCommand_6 Pin=C25_balancer7-1
Added Pin To Net: NetName=+BalanceCommand_6 Pin=R40_balancer6-2
Added Pin To Net: NetName=+BalanceCommand_6 Pin=R45_balancer7-2
Added Pin To Net: NetName=+BalanceCommand_6 Pin=R47_balancer7-2
Added Pin To Net: NetName=+BalanceCommand_6 Pin=U2-10
Added Net: Name=+BalanceCommand_6
Added Pin To Net: NetName=+BalanceCommand_7 Pin=C25_balancer7-2
Added Pin To Net: NetName=+BalanceCommand_7 Pin=C25_balancer8-1
Added Pin To Net: NetName=+BalanceCommand_7 Pin=R40_balancer7-2
Added Pin To Net: NetName=+BalanceCommand_7 Pin=R45_balancer8-2
Added Pin To Net: NetName=+BalanceCommand_7 Pin=R47_balancer8-2
Added Pin To Net: NetName=+BalanceCommand_7 Pin=U2-9
Added Net: Name=+BalanceCommand_7
Added Pin To Net: NetName=+BalanceCommand_8 Pin=C25_balancer8-2
Added Pin To Net: NetName=+BalanceCommand_8 Pin=C25_balancer9-1
Added Pin To Net: NetName=+BalanceCommand_8 Pin=R40_balancer8-2
Added Pin To Net: NetName=+BalanceCommand_8 Pin=R45_balancer9-2
Added Pin To Net: NetName=+BalanceCommand_8 Pin=R47_balancer9-2
Added Pin To Net: NetName=+BalanceCommand_8 Pin=U2-8
Added Net: Name=+BalanceCommand_8
Added Pin To Net: NetName=+BalanceCommand_9 Pin=C25_balancer9-2
Added Pin To Net: NetName=+BalanceCommand_9 Pin=C25_balancer10-1
Added Pin To Net: NetName=+BalanceCommand_9 Pin=R40_balancer9-2
Added Pin To Net: NetName=+BalanceCommand_9 Pin=R45_balancer10-2
Added Pin To Net: NetName=+BalanceCommand_9 Pin=R47_balancer10-2
Added Pin To Net: NetName=+BalanceCommand_9 Pin=U2-7
Added Net: Name=+BalanceCommand_9
Added Pin To Net: NetName=+BalanceCommand_10 Pin=C25_balancer10-2
Added Pin To Net: NetName=+BalanceCommand_10 Pin=C25_balancer11-1
Added Pin To Net: NetName=+BalanceCommand_10 Pin=R40_balancer10-2
Added Pin To Net: NetName=+BalanceCommand_10 Pin=R45_balancer11-2
Added Pin To Net: NetName=+BalanceCommand_10 Pin=R47_balancer11-2
Added Pin To Net: NetName=+BalanceCommand_10 Pin=U2-6
Added Net: Name=+BalanceCommand_10
Added Pin To Net: NetName=+BalanceCommand_11 Pin=C25_balancer11-2
Added Pin To Net: NetName=+BalanceCommand_11 Pin=C25_balancer12-1
Added Pin To Net: NetName=+BalanceCommand_11 Pin=R40_balancer11-2
Added Pin To Net: NetName=+BalanceCommand_11 Pin=R45_balancer12-2
Added Pin To Net: NetName=+BalanceCommand_11 Pin=R47_balancer12-2
Added Pin To Net: NetName=+BalanceCommand_11 Pin=U2-5
Added Net: Name=+BalanceCommand_11
Added Pin To Net: NetName=+BalanceCommand_12 Pin=C25_balancer12-2
Added Pin To Net: NetName=+BalanceCommand_12 Pin=C25_balancer13-1
Added Pin To Net: NetName=+BalanceCommand_12 Pin=R40_balancer12-2
Added Pin To Net: NetName=+BalanceCommand_12 Pin=R45_balancer13-2
Added Pin To Net: NetName=+BalanceCommand_12 Pin=R47_balancer13-2
Added Pin To Net: NetName=+BalanceCommand_12 Pin=U2-4
Added Net: Name=+BalanceCommand_12
Added Pin To Net: NetName=+BalanceCommand_13 Pin=C25_balancer13-2
Added Pin To Net: NetName=+BalanceCommand_13 Pin=C25_balancer14-1
Added Pin To Net: NetName=+BalanceCommand_13 Pin=R40_balancer13-2
Added Pin To Net: NetName=+BalanceCommand_13 Pin=R45_balancer14-2
Added Pin To Net: NetName=+BalanceCommand_13 Pin=R47_balancer14-2
Added Pin To Net: NetName=+BalanceCommand_13 Pin=U2-3
Added Net: Name=+BalanceCommand_13
Added Pin To Net: NetName=+BalanceCommand_14 Pin=C25_balancer14-2
Added Pin To Net: NetName=+BalanceCommand_14 Pin=C25_balancer15-1
Added Pin To Net: NetName=+BalanceCommand_14 Pin=R40_balancer14-2
Added Pin To Net: NetName=+BalanceCommand_14 Pin=R45_balancer15-2
Added Pin To Net: NetName=+BalanceCommand_14 Pin=R47_balancer15-2
Added Pin To Net: NetName=+BalanceCommand_14 Pin=U2-2
Added Net: Name=+BalanceCommand_14
Added Pin To Net: NetName=+BalanceCommand_15 Pin=C25_balancer15-2
Added Pin To Net: NetName=+BalanceCommand_15 Pin=C25_balancer16-1
Added Pin To Net: NetName=+BalanceCommand_15 Pin=R40_balancer15-2
Added Pin To Net: NetName=+BalanceCommand_15 Pin=R45_balancer16-2
Added Pin To Net: NetName=+BalanceCommand_15 Pin=R47_balancer16-2
Added Pin To Net: NetName=+BalanceCommand_15 Pin=U2-1
Added Net: Name=+BalanceCommand_15
Added Pin To Net: NetName=+BalanceCommand_16 Pin=C25_balancer16-2
Added Pin To Net: NetName=+BalanceCommand_16 Pin=R40_balancer16-2
Added Pin To Net: NetName=+BalanceCommand_16 Pin=R65-1
Added Pin To Net: NetName=+BalanceCommand_16 Pin=U2-48
Added Net: Name=+BalanceCommand_16
Added Pin To Net: NetName=+BAT Pin=C11-1
Added Pin To Net: NetName=+BAT Pin=C12-2
Added Pin To Net: NetName=+BAT Pin=C14-2
Added Pin To Net: NetName=+BAT Pin=C20-1
Added Pin To Net: NetName=+BAT Pin=R28-2
Added Pin To Net: NetName=+BAT Pin=TP1-1
Added Pin To Net: NetName=+BAT Pin=U2-47
Added Net: Name=+BAT
Added Pin To Net: NetName=+Cell_1 Pin=J1-31
Added Pin To Net: NetName=+Cell_1 Pin=J4-2
Added Pin To Net: NetName=+Cell_1 Pin=Q2_balancer2-2
Added Pin To Net: NetName=+Cell_1 Pin=R40_balancer1-1
Added Pin To Net: NetName=+Cell_1 Pin=R43_balancer1-1
Added Pin To Net: NetName=+Cell_1 Pin=R44_balancer1-1
Added Pin To Net: NetName=+Cell_1 Pin=R46_balancer2-1
Added Pin To Net: NetName=+Cell_1 Pin=R47_balancer2-1
Added Net: Name=+Cell_1
Added Pin To Net: NetName=+Cell_2 Pin=J1-29
Added Pin To Net: NetName=+Cell_2 Pin=J3-1
Added Pin To Net: NetName=+Cell_2 Pin=Q2_balancer3-2
Added Pin To Net: NetName=+Cell_2 Pin=R40_balancer2-1
Added Pin To Net: NetName=+Cell_2 Pin=R43_balancer2-1
Added Pin To Net: NetName=+Cell_2 Pin=R44_balancer2-1
Added Pin To Net: NetName=+Cell_2 Pin=R46_balancer3-1
Added Pin To Net: NetName=+Cell_2 Pin=R47_balancer3-1
Added Net: Name=+Cell_2
Added Pin To Net: NetName=+Cell_3 Pin=J1-27
Added Pin To Net: NetName=+Cell_3 Pin=J3-2
Added Pin To Net: NetName=+Cell_3 Pin=Q2_balancer4-2
Added Pin To Net: NetName=+Cell_3 Pin=R40_balancer3-1
Added Pin To Net: NetName=+Cell_3 Pin=R43_balancer3-1
Added Pin To Net: NetName=+Cell_3 Pin=R44_balancer3-1
Added Pin To Net: NetName=+Cell_3 Pin=R46_balancer4-1
Added Pin To Net: NetName=+Cell_3 Pin=R47_balancer4-1
Added Net: Name=+Cell_3
Added Pin To Net: NetName=+Cell_4 Pin=J1-25
Added Pin To Net: NetName=+Cell_4 Pin=J3-3
Added Pin To Net: NetName=+Cell_4 Pin=Q2_balancer5-2
Added Pin To Net: NetName=+Cell_4 Pin=R40_balancer4-1
Added Pin To Net: NetName=+Cell_4 Pin=R43_balancer4-1
Added Pin To Net: NetName=+Cell_4 Pin=R44_balancer4-1
Added Pin To Net: NetName=+Cell_4 Pin=R46_balancer5-1
Added Pin To Net: NetName=+Cell_4 Pin=R47_balancer5-1
Added Net: Name=+Cell_4
Added Pin To Net: NetName=+Cell_5 Pin=J1-23
Added Pin To Net: NetName=+Cell_5 Pin=J3-4
Added Pin To Net: NetName=+Cell_5 Pin=Q2_balancer6-2
Added Pin To Net: NetName=+Cell_5 Pin=R40_balancer5-1
Added Pin To Net: NetName=+Cell_5 Pin=R43_balancer5-1
Added Pin To Net: NetName=+Cell_5 Pin=R44_balancer5-1
Added Pin To Net: NetName=+Cell_5 Pin=R46_balancer6-1
Added Pin To Net: NetName=+Cell_5 Pin=R47_balancer6-1
Added Net: Name=+Cell_5
Added Pin To Net: NetName=+Cell_6 Pin=J1-21
Added Pin To Net: NetName=+Cell_6 Pin=J3-5
Added Pin To Net: NetName=+Cell_6 Pin=Q2_balancer7-2
Added Pin To Net: NetName=+Cell_6 Pin=R40_balancer6-1
Added Pin To Net: NetName=+Cell_6 Pin=R43_balancer6-1
Added Pin To Net: NetName=+Cell_6 Pin=R44_balancer6-1
Added Pin To Net: NetName=+Cell_6 Pin=R46_balancer7-1
Added Pin To Net: NetName=+Cell_6 Pin=R47_balancer7-1
Added Net: Name=+Cell_6
Added Pin To Net: NetName=+Cell_7 Pin=J1-19
Added Pin To Net: NetName=+Cell_7 Pin=J3-6
Added Pin To Net: NetName=+Cell_7 Pin=Q2_balancer8-2
Added Pin To Net: NetName=+Cell_7 Pin=R40_balancer7-1
Added Pin To Net: NetName=+Cell_7 Pin=R43_balancer7-1
Added Pin To Net: NetName=+Cell_7 Pin=R44_balancer7-1
Added Pin To Net: NetName=+Cell_7 Pin=R46_balancer8-1
Added Pin To Net: NetName=+Cell_7 Pin=R47_balancer8-1
Added Net: Name=+Cell_7
Added Pin To Net: NetName=+Cell_8 Pin=J1-17
Added Pin To Net: NetName=+Cell_8 Pin=J3-7
Added Pin To Net: NetName=+Cell_8 Pin=Q2_balancer9-2
Added Pin To Net: NetName=+Cell_8 Pin=R40_balancer8-1
Added Pin To Net: NetName=+Cell_8 Pin=R43_balancer8-1
Added Pin To Net: NetName=+Cell_8 Pin=R44_balancer8-1
Added Pin To Net: NetName=+Cell_8 Pin=R46_balancer9-1
Added Pin To Net: NetName=+Cell_8 Pin=R47_balancer9-1
Added Net: Name=+Cell_8
Added Pin To Net: NetName=+Cell_9 Pin=J1-15
Added Pin To Net: NetName=+Cell_9 Pin=J3-8
Added Pin To Net: NetName=+Cell_9 Pin=Q2_balancer10-2
Added Pin To Net: NetName=+Cell_9 Pin=R40_balancer9-1
Added Pin To Net: NetName=+Cell_9 Pin=R43_balancer9-1
Added Pin To Net: NetName=+Cell_9 Pin=R44_balancer9-1
Added Pin To Net: NetName=+Cell_9 Pin=R46_balancer10-1
Added Pin To Net: NetName=+Cell_9 Pin=R47_balancer10-1
Added Net: Name=+Cell_9
Added Pin To Net: NetName=+Cell_10 Pin=J1-13
Added Pin To Net: NetName=+Cell_10 Pin=J2-1
Added Pin To Net: NetName=+Cell_10 Pin=Q2_balancer11-2
Added Pin To Net: NetName=+Cell_10 Pin=R40_balancer10-1
Added Pin To Net: NetName=+Cell_10 Pin=R43_balancer10-1
Added Pin To Net: NetName=+Cell_10 Pin=R44_balancer10-1
Added Pin To Net: NetName=+Cell_10 Pin=R46_balancer11-1
Added Pin To Net: NetName=+Cell_10 Pin=R47_balancer11-1
Added Net: Name=+Cell_10
Added Pin To Net: NetName=+Cell_11 Pin=J1-11
Added Pin To Net: NetName=+Cell_11 Pin=J2-2
Added Pin To Net: NetName=+Cell_11 Pin=Q2_balancer12-2
Added Pin To Net: NetName=+Cell_11 Pin=R40_balancer11-1
Added Pin To Net: NetName=+Cell_11 Pin=R43_balancer11-1
Added Pin To Net: NetName=+Cell_11 Pin=R44_balancer11-1
Added Pin To Net: NetName=+Cell_11 Pin=R46_balancer12-1
Added Pin To Net: NetName=+Cell_11 Pin=R47_balancer12-1
Added Net: Name=+Cell_11
Added Pin To Net: NetName=+Cell_12 Pin=J1-9
Added Pin To Net: NetName=+Cell_12 Pin=J2-3
Added Pin To Net: NetName=+Cell_12 Pin=Q2_balancer13-2
Added Pin To Net: NetName=+Cell_12 Pin=R40_balancer12-1
Added Pin To Net: NetName=+Cell_12 Pin=R43_balancer12-1
Added Pin To Net: NetName=+Cell_12 Pin=R44_balancer12-1
Added Pin To Net: NetName=+Cell_12 Pin=R46_balancer13-1
Added Pin To Net: NetName=+Cell_12 Pin=R47_balancer13-1
Added Net: Name=+Cell_12
Added Pin To Net: NetName=+Cell_13 Pin=J1-7
Added Pin To Net: NetName=+Cell_13 Pin=J2-4
Added Pin To Net: NetName=+Cell_13 Pin=Q2_balancer14-2
Added Pin To Net: NetName=+Cell_13 Pin=R40_balancer13-1
Added Pin To Net: NetName=+Cell_13 Pin=R43_balancer13-1
Added Pin To Net: NetName=+Cell_13 Pin=R44_balancer13-1
Added Pin To Net: NetName=+Cell_13 Pin=R46_balancer14-1
Added Pin To Net: NetName=+Cell_13 Pin=R47_balancer14-1
Added Net: Name=+Cell_13
Added Pin To Net: NetName=+Cell_14 Pin=J1-5
Added Pin To Net: NetName=+Cell_14 Pin=J2-5
Added Pin To Net: NetName=+Cell_14 Pin=Q2_balancer15-2
Added Pin To Net: NetName=+Cell_14 Pin=R40_balancer14-1
Added Pin To Net: NetName=+Cell_14 Pin=R43_balancer14-1
Added Pin To Net: NetName=+Cell_14 Pin=R44_balancer14-1
Added Pin To Net: NetName=+Cell_14 Pin=R46_balancer15-1
Added Pin To Net: NetName=+Cell_14 Pin=R47_balancer15-1
Added Net: Name=+Cell_14
Added Pin To Net: NetName=+Cell_15 Pin=J1-3
Added Pin To Net: NetName=+Cell_15 Pin=J2-6
Added Pin To Net: NetName=+Cell_15 Pin=Q2_balancer16-2
Added Pin To Net: NetName=+Cell_15 Pin=R40_balancer15-1
Added Pin To Net: NetName=+Cell_15 Pin=R43_balancer15-1
Added Pin To Net: NetName=+Cell_15 Pin=R44_balancer15-1
Added Pin To Net: NetName=+Cell_15 Pin=R46_balancer16-1
Added Pin To Net: NetName=+Cell_15 Pin=R47_balancer16-1
Added Net: Name=+Cell_15
Added Pin To Net: NetName=+Cell_16 Pin=J1-1
Added Pin To Net: NetName=+Cell_16 Pin=J2-7
Added Pin To Net: NetName=+Cell_16 Pin=R40_balancer16-1
Added Pin To Net: NetName=+Cell_16 Pin=R43_balancer16-1
Added Pin To Net: NetName=+Cell_16 Pin=R44_balancer16-1
Added Net: Name=+Cell_16
Added Pin To Net: NetName=-BalanceCommand_1 Pin=C25_balancer1-1
Added Pin To Net: NetName=-BalanceCommand_1 Pin=R45_balancer1-2
Added Pin To Net: NetName=-BalanceCommand_1 Pin=R47_balancer1-2
Added Pin To Net: NetName=-BalanceCommand_1 Pin=U2-16
Added Net: Name=-BalanceCommand_1
Added Pin To Net: NetName=-Cell_1 Pin=J4-1
Added Pin To Net: NetName=-Cell_1 Pin=NT1-1
Added Pin To Net: NetName=-Cell_1 Pin=Q2_balancer1-2
Added Pin To Net: NetName=-Cell_1 Pin=R27-1
Added Pin To Net: NetName=-Cell_1 Pin=R46_balancer1-1
Added Pin To Net: NetName=-Cell_1 Pin=R47_balancer1-1
Added Net: Name=-Cell_1
Added Pin To Net: NetName=3.3V Pin=C4-1
Added Pin To Net: NetName=3.3V Pin=C5-1
Added Pin To Net: NetName=3.3V Pin=C6-1
Added Pin To Net: NetName=3.3V Pin=C7-1
Added Pin To Net: NetName=3.3V Pin=C8-1
Added Pin To Net: NetName=3.3V Pin=C17-2
Added Pin To Net: NetName=3.3V Pin=C30-2
Added Pin To Net: NetName=3.3V Pin=L1-1
Added Pin To Net: NetName=3.3V Pin=R1-2
Added Pin To Net: NetName=3.3V Pin=R2-2
Added Pin To Net: NetName=3.3V Pin=R3-2
Added Pin To Net: NetName=3.3V Pin=R4-2
Added Pin To Net: NetName=3.3V Pin=R10-2
Added Pin To Net: NetName=3.3V Pin=R36-1
Added Pin To Net: NetName=3.3V Pin=R37-1
Added Pin To Net: NetName=3.3V Pin=R48-1
Added Pin To Net: NetName=3.3V Pin=R51-1
Added Pin To Net: NetName=3.3V Pin=R52-2
Added Pin To Net: NetName=3.3V Pin=R54-1
Added Pin To Net: NetName=3.3V Pin=R58_Fan1-2
Added Pin To Net: NetName=3.3V Pin=R58_Fan2-2
Added Pin To Net: NetName=3.3V Pin=R60-2
Added Pin To Net: NetName=3.3V Pin=R62-2
Added Pin To Net: NetName=3.3V Pin=R63-2
Added Pin To Net: NetName=3.3V Pin=R64-2
Added Pin To Net: NetName=3.3V Pin=U1-1
Added Pin To Net: NetName=3.3V Pin=U1-24
Added Pin To Net: NetName=3.3V Pin=U1-36
Added Pin To Net: NetName=3.3V Pin=U1-48
Added Pin To Net: NetName=3.3V Pin=U3-2
Added Pin To Net: NetName=3.3V Pin=U5-1
Added Net: Name=3.3V
Added Pin To Net: NetName=12V Pin=C27-2
Added Pin To Net: NetName=12V Pin=C29-2
Added Pin To Net: NetName=12V Pin=CNT-1
Added Pin To Net: NetName=12V Pin=D5-2
Added Pin To Net: NetName=12V Pin=D6_Fan1-2
Added Pin To Net: NetName=12V Pin=D6_Fan2-2
Added Pin To Net: NetName=12V Pin=FN1_Fan1-1
Added Pin To Net: NetName=12V Pin=FN1_Fan2-1
Added Pin To Net: NetName=12V Pin=H?-1
Added Pin To Net: NetName=12V Pin=H?-2
Added Pin To Net: NetName=12V Pin=H?-3
Added Pin To Net: NetName=12V Pin=R57_Fan1-1
Added Pin To Net: NetName=12V Pin=R57_Fan2-1
Added Pin To Net: NetName=12V Pin=U4-3
Added Pin To Net: NetName=12V Pin=U6-4
Added Pin To Net: NetName=12V Pin=Z1-1
Added Net: Name=12V
Added Pin To Net: NetName=BAT+ Pin=D1-1
Added Pin To Net: NetName=BAT+ Pin=D2-1
Added Pin To Net: NetName=BAT+ Pin=J2-8
Added Pin To Net: NetName=BAT+ Pin=U2-41
Added Pin To Net: NetName=BAT+ Pin=U2-42
Added Net: Name=BAT+
Added Pin To Net: NetName=BOOT0 Pin=R9-2
Added Pin To Net: NetName=BOOT0 Pin=U1-44
Added Net: Name=BOOT0
Added Pin To Net: NetName=BREG Pin=R34-2
Added Pin To Net: NetName=BREG Pin=U2-37
Added Net: Name=BREG
Added Pin To Net: NetName=CAN_N Pin=D4-2
Added Pin To Net: NetName=CAN_N Pin=H?-4
Added Pin To Net: NetName=CAN_N Pin=L?-3
Added Pin To Net: NetName=CAN_N Pin=R50-1
Added Net: Name=CAN_N
Added Pin To Net: NetName=CAN_P Pin=D4-1
Added Pin To Net: NetName=CAN_P Pin=H?-10
Added Pin To Net: NetName=CAN_P Pin=L?-4
Added Pin To Net: NetName=CAN_P Pin=R49-1
Added Net: Name=CAN_P
Added Pin To Net: NetName=CAN_RX Pin=R48-2
Added Pin To Net: NetName=CAN_RX Pin=U1-45
Added Pin To Net: NetName=CAN_RX Pin=U5-2
Added Net: Name=CAN_RX
Added Pin To Net: NetName=CAN_TX Pin=R36-2
Added Pin To Net: NetName=CAN_TX Pin=U1-46
Added Pin To Net: NetName=CAN_TX Pin=U5-3
Added Net: Name=CAN_TX
Added Pin To Net: NetName=CANIN_N Pin=L?-2
Added Pin To Net: NetName=CANIN_N Pin=U5-6
Added Net: Name=CANIN_N
Added Pin To Net: NetName=CANIN_P Pin=L?-1
Added Pin To Net: NetName=CANIN_P Pin=U5-7
Added Net: Name=CANIN_P
Added Pin To Net: NetName=FAN_Feedback_1 Pin=U1-31
Added Net: Name=FAN_Feedback_1
Added Pin To Net: NetName=FAN_Feedback_2 Pin=U1-32
Added Net: Name=FAN_Feedback_2
Added Pin To Net: NetName=FAN_PWM_1 Pin=R61_Fan1-2
Added Pin To Net: NetName=FAN_PWM_1 Pin=U1-29
Added Net: Name=FAN_PWM_1
Added Pin To Net: NetName=FAN_PWM_2 Pin=R61_Fan2-2
Added Pin To Net: NetName=FAN_PWM_2 Pin=U1-30
Added Net: Name=FAN_PWM_2
Added Pin To Net: NetName=GND-ISO Pin=C26-1
Added Pin To Net: NetName=GND-ISO Pin=C27-1
Added Pin To Net: NetName=GND-ISO Pin=C28-1
Added Pin To Net: NetName=GND-ISO Pin=C29-1
Added Pin To Net: NetName=GND-ISO Pin=C31-1
Added Pin To Net: NetName=GND-ISO Pin=D4-3
Added Pin To Net: NetName=GND-ISO Pin=H?-12
Added Pin To Net: NetName=GND-ISO Pin=H?-13
Added Pin To Net: NetName=GND-ISO Pin=H?-14
Added Pin To Net: NetName=GND-ISO Pin=LED6-2
Added Pin To Net: NetName=GND-ISO Pin=Q3-3
Added Pin To Net: NetName=GND-ISO Pin=Q6_Fan1-3
Added Pin To Net: NetName=GND-ISO Pin=Q6_Fan2-3
Added Pin To Net: NetName=GND-ISO Pin=R53-1
Added Pin To Net: NetName=GND-ISO Pin=U4-1
Added Pin To Net: NetName=GND-ISO Pin=U5-5
Added Pin To Net: NetName=GND-ISO Pin=U8_Fan1-3
Added Pin To Net: NetName=GND-ISO Pin=U8_Fan2-3
Added Pin To Net: NetName=GND-ISO Pin=Z1-2
Added Net: Name=GND-ISO
Added Pin To Net: NetName=GND Pin=C1-1
Added Pin To Net: NetName=GND Pin=C2-2
Added Pin To Net: NetName=GND Pin=C3-1
Added Pin To Net: NetName=GND Pin=C4-2
Added Pin To Net: NetName=GND Pin=C5-2
Added Pin To Net: NetName=GND Pin=C6-2
Added Pin To Net: NetName=GND Pin=C7-2
Added Pin To Net: NetName=GND Pin=C8-2
Added Pin To Net: NetName=GND Pin=C9-2
Added Pin To Net: NetName=GND Pin=C10-2
Added Pin To Net: NetName=GND Pin=C11-2
Added Pin To Net: NetName=GND Pin=C12-1
Added Pin To Net: NetName=GND Pin=C13-1
Added Pin To Net: NetName=GND Pin=C14-1
Added Pin To Net: NetName=GND Pin=C15-1
Added Pin To Net: NetName=GND Pin=C16-1
Added Pin To Net: NetName=GND Pin=C17-1
Added Pin To Net: NetName=GND Pin=C18-1
Added Pin To Net: NetName=GND Pin=C19-1
Added Pin To Net: NetName=GND Pin=C21-2
Added Pin To Net: NetName=GND Pin=C22-1
Added Pin To Net: NetName=GND Pin=C23-1
Added Pin To Net: NetName=GND Pin=C24-1
Added Pin To Net: NetName=GND Pin=C30-1
Added Pin To Net: NetName=GND Pin=C32-2
Added Pin To Net: NetName=GND Pin=D3-2
Added Pin To Net: NetName=GND Pin=LED1-2
Added Pin To Net: NetName=GND Pin=LED2-2
Added Pin To Net: NetName=GND Pin=LED3-2
Added Pin To Net: NetName=GND Pin=LED4-2
Added Pin To Net: NetName=GND Pin=LED5-2
Added Pin To Net: NetName=GND Pin=NT1-2
Added Pin To Net: NetName=GND Pin=Q4-2
Added Pin To Net: NetName=GND Pin=Q5_Fan1-2
Added Pin To Net: NetName=GND Pin=Q5_Fan2-2
Added Pin To Net: NetName=GND Pin=R9-1
Added Pin To Net: NetName=GND Pin=R?-2
Added Pin To Net: NetName=GND Pin=RST1-2
Added Pin To Net: NetName=GND Pin=RST1-2
Added Pin To Net: NetName=GND Pin=SWD1-4
Added Pin To Net: NetName=GND Pin=SWH-1
Added Pin To Net: NetName=GND Pin=SWH-2
Added Pin To Net: NetName=GND Pin=SWH-3
Added Pin To Net: NetName=GND Pin=SWH-4
Added Pin To Net: NetName=GND Pin=SWL-1
Added Pin To Net: NetName=GND Pin=SWL-2
Added Pin To Net: NetName=GND Pin=SWL-3
Added Pin To Net: NetName=GND Pin=SWL-4
Added Pin To Net: NetName=GND Pin=T1-1
Added Pin To Net: NetName=GND Pin=T2-1
Added Pin To Net: NetName=GND Pin=T3-1
Added Pin To Net: NetName=GND Pin=T4-1
Added Pin To Net: NetName=GND Pin=T5-1
Added Pin To Net: NetName=GND Pin=T6-1
Added Pin To Net: NetName=GND Pin=T7-1
Added Pin To Net: NetName=GND Pin=T8-1
Added Pin To Net: NetName=GND Pin=T9-1
Added Pin To Net: NetName=GND Pin=T10-1
Added Pin To Net: NetName=GND Pin=U1-8
Added Pin To Net: NetName=GND Pin=U1-23
Added Pin To Net: NetName=GND Pin=U1-35
Added Pin To Net: NetName=GND Pin=U1-47
Added Pin To Net: NetName=GND Pin=U2-17
Added Pin To Net: NetName=GND Pin=U2-18
Added Pin To Net: NetName=GND Pin=U2-20
Added Pin To Net: NetName=GND Pin=U3-1
Added Pin To Net: NetName=GND Pin=U5-4
Added Net: Name=GND
Added Pin To Net: NetName=LED1 Pin=R8-2
Added Pin To Net: NetName=LED1 Pin=U1-40
Added Net: Name=LED1
Added Pin To Net: NetName=LED2 Pin=R5-2
Added Pin To Net: NetName=LED2 Pin=U1-41
Added Net: Name=LED2
Added Pin To Net: NetName=LED3 Pin=R6-2
Added Pin To Net: NetName=LED3 Pin=U1-42
Added Net: Name=LED3
Added Pin To Net: NetName=LED4 Pin=R7-2
Added Pin To Net: NetName=LED4 Pin=U1-43
Added Net: Name=LED4
Added Pin To Net: NetName=NetC9_1 Pin=C9-1
Added Pin To Net: NetName=NetC9_1 Pin=C10-1
Added Pin To Net: NetName=NetC9_1 Pin=R11-1
Added Pin To Net: NetName=NetC9_1 Pin=U1-9
Added Net: Name=NetC9_1
Added Pin To Net: NetName=NetC13_2 Pin=C13-2
Added Pin To Net: NetName=NetC13_2 Pin=D2-2
Added Pin To Net: NetName=NetC13_2 Pin=R29-1
Added Pin To Net: NetName=NetC13_2 Pin=R30-2
Added Pin To Net: NetName=NetC13_2 Pin=R31-2
Added Pin To Net: NetName=NetC13_2 Pin=R65-2
Added Net: Name=NetC13_2
Added Pin To Net: NetName=NetC15_2 Pin=C15-2
Added Pin To Net: NetName=NetC15_2 Pin=Q1-3
Added Pin To Net: NetName=NetC15_2 Pin=R32-1
Added Pin To Net: NetName=NetC15_2 Pin=R33-1
Added Net: Name=NetC15_2
Added Pin To Net: NetName=NetC20_2 Pin=C20-2
Added Pin To Net: NetName=NetC20_2 Pin=TP2-1
Added Pin To Net: NetName=NetC20_2 Pin=U2-46
Added Net: Name=NetC20_2
Added Pin To Net: NetName=NetC22_2 Pin=C22-2
Added Pin To Net: NetName=NetC22_2 Pin=R38-1
Added Pin To Net: NetName=NetC22_2 Pin=U2-33
Added Net: Name=NetC22_2
Added Pin To Net: NetName=NetC23_2 Pin=C23-2
Added Pin To Net: NetName=NetC23_2 Pin=C24-2
Added Pin To Net: NetName=NetC23_2 Pin=TP7-1
Added Pin To Net: NetName=NetC23_2 Pin=U2-24
Added Net: Name=NetC23_2
Added Pin To Net: NetName=NetC28_2 Pin=C28-2
Added Pin To Net: NetName=NetC28_2 Pin=R49-2
Added Pin To Net: NetName=NetC28_2 Pin=R50-2
Added Net: Name=NetC28_2
Added Pin To Net: NetName=NetCNT_2 Pin=CNT-2
Added Pin To Net: NetName=NetCNT_2 Pin=D5-1
Added Pin To Net: NetName=NetCNT_2 Pin=Q3-2
Added Net: Name=NetCNT_2
Added Pin To Net: NetName=NetD1_2 Pin=D1-2
Added Pin To Net: NetName=NetD1_2 Pin=R28-1
Added Net: Name=NetD1_2
Added Pin To Net: NetName=NetD3_1 Pin=D3-1
Added Pin To Net: NetName=NetD3_1 Pin=Q1-1
Added Pin To Net: NetName=NetD3_1 Pin=R29-2
Added Pin To Net: NetName=NetD3_1 Pin=R34-1
Added Pin To Net: NetName=NetD3_1 Pin=TP3-1
Added Net: Name=NetD3_1
Added Pin To Net: NetName=NetD6_Fan1_1 Pin=D6_Fan1-1
Added Pin To Net: NetName=NetD6_Fan1_1 Pin=FN1_Fan1-2
Added Pin To Net: NetName=NetD6_Fan1_1 Pin=Q6_Fan1-2
Added Net: Name=NetD6_Fan1_1
Added Pin To Net: NetName=NetD6_Fan2_1 Pin=D6_Fan2-1
Added Pin To Net: NetName=NetD6_Fan2_1 Pin=FN1_Fan2-2
Added Pin To Net: NetName=NetD6_Fan2_1 Pin=Q6_Fan2-2
Added Net: Name=NetD6_Fan2_1
Added Pin To Net: NetName=NetJ1_2 Pin=J1-2
Added Pin To Net: NetName=NetJ1_2 Pin=R12-2
Added Net: Name=NetJ1_2
Added Pin To Net: NetName=NetJ1_4 Pin=J1-4
Added Pin To Net: NetName=NetJ1_4 Pin=R12-1
Added Pin To Net: NetName=NetJ1_4 Pin=R13-2
Added Net: Name=NetJ1_4
Added Pin To Net: NetName=NetJ1_6 Pin=J1-6
Added Pin To Net: NetName=NetJ1_6 Pin=R13-1
Added Pin To Net: NetName=NetJ1_6 Pin=R14-2
Added Net: Name=NetJ1_6
Added Pin To Net: NetName=NetJ1_8 Pin=J1-8
Added Pin To Net: NetName=NetJ1_8 Pin=R14-1
Added Pin To Net: NetName=NetJ1_8 Pin=R15-2
Added Net: Name=NetJ1_8
Added Pin To Net: NetName=NetJ1_10 Pin=J1-10
Added Pin To Net: NetName=NetJ1_10 Pin=R15-1
Added Pin To Net: NetName=NetJ1_10 Pin=R16-2
Added Net: Name=NetJ1_10
Added Pin To Net: NetName=NetJ1_12 Pin=J1-12
Added Pin To Net: NetName=NetJ1_12 Pin=R16-1
Added Pin To Net: NetName=NetJ1_12 Pin=R17-2
Added Net: Name=NetJ1_12
Added Pin To Net: NetName=NetJ1_14 Pin=J1-14
Added Pin To Net: NetName=NetJ1_14 Pin=R17-1
Added Pin To Net: NetName=NetJ1_14 Pin=R18-2
Added Net: Name=NetJ1_14
Added Pin To Net: NetName=NetJ1_16 Pin=J1-16
Added Pin To Net: NetName=NetJ1_16 Pin=R18-1
Added Pin To Net: NetName=NetJ1_16 Pin=R19-2
Added Net: Name=NetJ1_16
Added Pin To Net: NetName=NetJ1_18 Pin=J1-18
Added Pin To Net: NetName=NetJ1_18 Pin=R19-1
Added Pin To Net: NetName=NetJ1_18 Pin=R20-2
Added Net: Name=NetJ1_18
Added Pin To Net: NetName=NetJ1_20 Pin=J1-20
Added Pin To Net: NetName=NetJ1_20 Pin=R20-1
Added Pin To Net: NetName=NetJ1_20 Pin=R21-2
Added Net: Name=NetJ1_20
Added Pin To Net: NetName=NetJ1_22 Pin=J1-22
Added Pin To Net: NetName=NetJ1_22 Pin=R21-1
Added Pin To Net: NetName=NetJ1_22 Pin=R22-2
Added Net: Name=NetJ1_22
Added Pin To Net: NetName=NetJ1_24 Pin=J1-24
Added Pin To Net: NetName=NetJ1_24 Pin=R22-1
Added Pin To Net: NetName=NetJ1_24 Pin=R23-2
Added Net: Name=NetJ1_24
Added Pin To Net: NetName=NetJ1_26 Pin=J1-26
Added Pin To Net: NetName=NetJ1_26 Pin=R23-1
Added Pin To Net: NetName=NetJ1_26 Pin=R24-2
Added Net: Name=NetJ1_26
Added Pin To Net: NetName=NetJ1_28 Pin=J1-28
Added Pin To Net: NetName=NetJ1_28 Pin=R24-1
Added Pin To Net: NetName=NetJ1_28 Pin=R25-2
Added Net: Name=NetJ1_28
Added Pin To Net: NetName=NetJ1_30 Pin=J1-30
Added Pin To Net: NetName=NetJ1_30 Pin=R25-1
Added Pin To Net: NetName=NetJ1_30 Pin=R26-2
Added Net: Name=NetJ1_30
Added Pin To Net: NetName=NetJ1_32 Pin=J1-32
Added Pin To Net: NetName=NetJ1_32 Pin=R26-1
Added Pin To Net: NetName=NetJ1_32 Pin=R27-2
Added Net: Name=NetJ1_32
Added Pin To Net: NetName=NetL1_2 Pin=L1-2
Added Pin To Net: NetName=NetL1_2 Pin=R11-2
Added Net: Name=NetL1_2
Added Pin To Net: NetName=NetLED1_1 Pin=LED1-1
Added Pin To Net: NetName=NetLED1_1 Pin=R5-1
Added Net: Name=NetLED1_1
Added Pin To Net: NetName=NetLED2_1 Pin=LED2-1
Added Pin To Net: NetName=NetLED2_1 Pin=R6-1
Added Net: Name=NetLED2_1
Added Pin To Net: NetName=NetLED3_1 Pin=LED3-1
Added Pin To Net: NetName=NetLED3_1 Pin=R7-1
Added Net: Name=NetLED3_1
Added Pin To Net: NetName=NetLED4_1 Pin=LED4-1
Added Pin To Net: NetName=NetLED4_1 Pin=R8-1
Added Net: Name=NetLED4_1
Added Pin To Net: NetName=NetLED5_1 Pin=LED5-1
Added Pin To Net: NetName=NetLED5_1 Pin=R37-2
Added Net: Name=NetLED5_1
Added Pin To Net: NetName=NetLED6_1 Pin=LED6-1
Added Pin To Net: NetName=NetLED6_1 Pin=R35-2
Added Net: Name=NetLED6_1
Added Pin To Net: NetName=NetPB1_1 Pin=PB1-1
Added Pin To Net: NetName=NetPB1_1 Pin=PB1-1
Added Pin To Net: NetName=NetPB1_1 Pin=R38-2
Added Pin To Net: NetName=NetPB1_1 Pin=R39-1
Added Pin To Net: NetName=NetPB1_1 Pin=U1-22
Added Net: Name=NetPB1_1
Added Pin To Net: NetName=NetQ2_balancer1_1 Pin=Q2_balancer1-1
Added Pin To Net: NetName=NetQ2_balancer1_1 Pin=R45_balancer1-1
Added Pin To Net: NetName=NetQ2_balancer1_1 Pin=R46_balancer1-2
Added Net: Name=NetQ2_balancer1_1
Added Pin To Net: NetName=NetQ2_balancer1_3 Pin=Q2_balancer1-3
Added Pin To Net: NetName=NetQ2_balancer1_3 Pin=R41_balancer1-2
Added Pin To Net: NetName=NetQ2_balancer1_3 Pin=R42_balancer1-2
Added Net: Name=NetQ2_balancer1_3
Added Pin To Net: NetName=NetQ2_balancer2_1 Pin=Q2_balancer2-1
Added Pin To Net: NetName=NetQ2_balancer2_1 Pin=R45_balancer2-1
Added Pin To Net: NetName=NetQ2_balancer2_1 Pin=R46_balancer2-2
Added Net: Name=NetQ2_balancer2_1
Added Pin To Net: NetName=NetQ2_balancer2_3 Pin=Q2_balancer2-3
Added Pin To Net: NetName=NetQ2_balancer2_3 Pin=R41_balancer2-2
Added Pin To Net: NetName=NetQ2_balancer2_3 Pin=R42_balancer2-2
Added Net: Name=NetQ2_balancer2_3
Added Pin To Net: NetName=NetQ2_balancer3_1 Pin=Q2_balancer3-1
Added Pin To Net: NetName=NetQ2_balancer3_1 Pin=R45_balancer3-1
Added Pin To Net: NetName=NetQ2_balancer3_1 Pin=R46_balancer3-2
Added Net: Name=NetQ2_balancer3_1
Added Pin To Net: NetName=NetQ2_balancer3_3 Pin=Q2_balancer3-3
Added Pin To Net: NetName=NetQ2_balancer3_3 Pin=R41_balancer3-2
Added Pin To Net: NetName=NetQ2_balancer3_3 Pin=R42_balancer3-2
Added Net: Name=NetQ2_balancer3_3
Added Pin To Net: NetName=NetQ2_balancer4_1 Pin=Q2_balancer4-1
Added Pin To Net: NetName=NetQ2_balancer4_1 Pin=R45_balancer4-1
Added Pin To Net: NetName=NetQ2_balancer4_1 Pin=R46_balancer4-2
Added Net: Name=NetQ2_balancer4_1
Added Pin To Net: NetName=NetQ2_balancer4_3 Pin=Q2_balancer4-3
Added Pin To Net: NetName=NetQ2_balancer4_3 Pin=R41_balancer4-2
Added Pin To Net: NetName=NetQ2_balancer4_3 Pin=R42_balancer4-2
Added Net: Name=NetQ2_balancer4_3
Added Pin To Net: NetName=NetQ2_balancer5_1 Pin=Q2_balancer5-1
Added Pin To Net: NetName=NetQ2_balancer5_1 Pin=R45_balancer5-1
Added Pin To Net: NetName=NetQ2_balancer5_1 Pin=R46_balancer5-2
Added Net: Name=NetQ2_balancer5_1
Added Pin To Net: NetName=NetQ2_balancer5_3 Pin=Q2_balancer5-3
Added Pin To Net: NetName=NetQ2_balancer5_3 Pin=R41_balancer5-2
Added Pin To Net: NetName=NetQ2_balancer5_3 Pin=R42_balancer5-2
Added Net: Name=NetQ2_balancer5_3
Added Pin To Net: NetName=NetQ2_balancer6_1 Pin=Q2_balancer6-1
Added Pin To Net: NetName=NetQ2_balancer6_1 Pin=R45_balancer6-1
Added Pin To Net: NetName=NetQ2_balancer6_1 Pin=R46_balancer6-2
Added Net: Name=NetQ2_balancer6_1
Added Pin To Net: NetName=NetQ2_balancer6_3 Pin=Q2_balancer6-3
Added Pin To Net: NetName=NetQ2_balancer6_3 Pin=R41_balancer6-2
Added Pin To Net: NetName=NetQ2_balancer6_3 Pin=R42_balancer6-2
Added Net: Name=NetQ2_balancer6_3
Added Pin To Net: NetName=NetQ2_balancer7_1 Pin=Q2_balancer7-1
Added Pin To Net: NetName=NetQ2_balancer7_1 Pin=R45_balancer7-1
Added Pin To Net: NetName=NetQ2_balancer7_1 Pin=R46_balancer7-2
Added Net: Name=NetQ2_balancer7_1
Added Pin To Net: NetName=NetQ2_balancer7_3 Pin=Q2_balancer7-3
Added Pin To Net: NetName=NetQ2_balancer7_3 Pin=R41_balancer7-2
Added Pin To Net: NetName=NetQ2_balancer7_3 Pin=R42_balancer7-2
Added Net: Name=NetQ2_balancer7_3
Added Pin To Net: NetName=NetQ2_balancer8_1 Pin=Q2_balancer8-1
Added Pin To Net: NetName=NetQ2_balancer8_1 Pin=R45_balancer8-1
Added Pin To Net: NetName=NetQ2_balancer8_1 Pin=R46_balancer8-2
Added Net: Name=NetQ2_balancer8_1
Added Pin To Net: NetName=NetQ2_balancer8_3 Pin=Q2_balancer8-3
Added Pin To Net: NetName=NetQ2_balancer8_3 Pin=R41_balancer8-2
Added Pin To Net: NetName=NetQ2_balancer8_3 Pin=R42_balancer8-2
Added Net: Name=NetQ2_balancer8_3
Added Pin To Net: NetName=NetQ2_balancer9_1 Pin=Q2_balancer9-1
Added Pin To Net: NetName=NetQ2_balancer9_1 Pin=R45_balancer9-1
Added Pin To Net: NetName=NetQ2_balancer9_1 Pin=R46_balancer9-2
Added Net: Name=NetQ2_balancer9_1
Added Pin To Net: NetName=NetQ2_balancer9_3 Pin=Q2_balancer9-3
Added Pin To Net: NetName=NetQ2_balancer9_3 Pin=R41_balancer9-2
Added Pin To Net: NetName=NetQ2_balancer9_3 Pin=R42_balancer9-2
Added Net: Name=NetQ2_balancer9_3
Added Pin To Net: NetName=NetQ2_balancer10_1 Pin=Q2_balancer10-1
Added Pin To Net: NetName=NetQ2_balancer10_1 Pin=R45_balancer10-1
Added Pin To Net: NetName=NetQ2_balancer10_1 Pin=R46_balancer10-2
Added Net: Name=NetQ2_balancer10_1
Added Pin To Net: NetName=NetQ2_balancer10_3 Pin=Q2_balancer10-3
Added Pin To Net: NetName=NetQ2_balancer10_3 Pin=R41_balancer10-2
Added Pin To Net: NetName=NetQ2_balancer10_3 Pin=R42_balancer10-2
Added Net: Name=NetQ2_balancer10_3
Added Pin To Net: NetName=NetQ2_balancer11_1 Pin=Q2_balancer11-1
Added Pin To Net: NetName=NetQ2_balancer11_1 Pin=R45_balancer11-1
Added Pin To Net: NetName=NetQ2_balancer11_1 Pin=R46_balancer11-2
Added Net: Name=NetQ2_balancer11_1
Added Pin To Net: NetName=NetQ2_balancer11_3 Pin=Q2_balancer11-3
Added Pin To Net: NetName=NetQ2_balancer11_3 Pin=R41_balancer11-2
Added Pin To Net: NetName=NetQ2_balancer11_3 Pin=R42_balancer11-2
Added Net: Name=NetQ2_balancer11_3
Added Pin To Net: NetName=NetQ2_balancer12_1 Pin=Q2_balancer12-1
Added Pin To Net: NetName=NetQ2_balancer12_1 Pin=R45_balancer12-1
Added Pin To Net: NetName=NetQ2_balancer12_1 Pin=R46_balancer12-2
Added Net: Name=NetQ2_balancer12_1
Added Pin To Net: NetName=NetQ2_balancer12_3 Pin=Q2_balancer12-3
Added Pin To Net: NetName=NetQ2_balancer12_3 Pin=R41_balancer12-2
Added Pin To Net: NetName=NetQ2_balancer12_3 Pin=R42_balancer12-2
Added Net: Name=NetQ2_balancer12_3
Added Pin To Net: NetName=NetQ2_balancer13_1 Pin=Q2_balancer13-1
Added Pin To Net: NetName=NetQ2_balancer13_1 Pin=R45_balancer13-1
Added Pin To Net: NetName=NetQ2_balancer13_1 Pin=R46_balancer13-2
Added Net: Name=NetQ2_balancer13_1
Added Pin To Net: NetName=NetQ2_balancer13_3 Pin=Q2_balancer13-3
Added Pin To Net: NetName=NetQ2_balancer13_3 Pin=R41_balancer13-2
Added Pin To Net: NetName=NetQ2_balancer13_3 Pin=R42_balancer13-2
Added Net: Name=NetQ2_balancer13_3
Added Pin To Net: NetName=NetQ2_balancer14_1 Pin=Q2_balancer14-1
Added Pin To Net: NetName=NetQ2_balancer14_1 Pin=R45_balancer14-1
Added Pin To Net: NetName=NetQ2_balancer14_1 Pin=R46_balancer14-2
Added Net: Name=NetQ2_balancer14_1
Added Pin To Net: NetName=NetQ2_balancer14_3 Pin=Q2_balancer14-3
Added Pin To Net: NetName=NetQ2_balancer14_3 Pin=R41_balancer14-2
Added Pin To Net: NetName=NetQ2_balancer14_3 Pin=R42_balancer14-2
Added Net: Name=NetQ2_balancer14_3
Added Pin To Net: NetName=NetQ2_balancer15_1 Pin=Q2_balancer15-1
Added Pin To Net: NetName=NetQ2_balancer15_1 Pin=R45_balancer15-1
Added Pin To Net: NetName=NetQ2_balancer15_1 Pin=R46_balancer15-2
Added Net: Name=NetQ2_balancer15_1
Added Pin To Net: NetName=NetQ2_balancer15_3 Pin=Q2_balancer15-3
Added Pin To Net: NetName=NetQ2_balancer15_3 Pin=R41_balancer15-2
Added Pin To Net: NetName=NetQ2_balancer15_3 Pin=R42_balancer15-2
Added Net: Name=NetQ2_balancer15_3
Added Pin To Net: NetName=NetQ2_balancer16_1 Pin=Q2_balancer16-1
Added Pin To Net: NetName=NetQ2_balancer16_1 Pin=R45_balancer16-1
Added Pin To Net: NetName=NetQ2_balancer16_1 Pin=R46_balancer16-2
Added Net: Name=NetQ2_balancer16_1
Added Pin To Net: NetName=NetQ2_balancer16_3 Pin=Q2_balancer16-3
Added Pin To Net: NetName=NetQ2_balancer16_3 Pin=R41_balancer16-2
Added Pin To Net: NetName=NetQ2_balancer16_3 Pin=R42_balancer16-2
Added Net: Name=NetQ2_balancer16_3
Added Pin To Net: NetName=NetQ3_1 Pin=Q3-1
Added Pin To Net: NetName=NetQ3_1 Pin=R53-2
Added Pin To Net: NetName=NetQ3_1 Pin=R56-1
Added Net: Name=NetQ3_1
Added Pin To Net: NetName=NetQ4_1 Pin=Q4-1
Added Pin To Net: NetName=NetQ4_1 Pin=R55-1
Added Pin To Net: NetName=NetQ4_1 Pin=R?-1
Added Net: Name=NetQ4_1
Added Pin To Net: NetName=NetQ4_3 Pin=Q4-3
Added Pin To Net: NetName=NetQ4_3 Pin=U6-2
Added Net: Name=NetQ4_3
Added Pin To Net: NetName=NetQ5_Fan1_1 Pin=Q5_Fan1-1
Added Pin To Net: NetName=NetQ5_Fan1_1 Pin=R61_Fan1-1
Added Net: Name=NetQ5_Fan1_1
Added Pin To Net: NetName=NetQ5_Fan1_3 Pin=Q5_Fan1-3
Added Pin To Net: NetName=NetQ5_Fan1_3 Pin=U8_Fan1-2
Added Net: Name=NetQ5_Fan1_3
Added Pin To Net: NetName=NetQ5_Fan2_1 Pin=Q5_Fan2-1
Added Pin To Net: NetName=NetQ5_Fan2_1 Pin=R61_Fan2-1
Added Net: Name=NetQ5_Fan2_1
Added Pin To Net: NetName=NetQ5_Fan2_3 Pin=Q5_Fan2-3
Added Pin To Net: NetName=NetQ5_Fan2_3 Pin=U8_Fan2-2
Added Net: Name=NetQ5_Fan2_3
Added Pin To Net: NetName=NetQ6_Fan1_1 Pin=Q6_Fan1-1
Added Pin To Net: NetName=NetQ6_Fan1_1 Pin=R57_Fan1-2
Added Pin To Net: NetName=NetQ6_Fan1_1 Pin=R59_Fan1-2
Added Net: Name=NetQ6_Fan1_1
Added Pin To Net: NetName=NetQ6_Fan2_1 Pin=Q6_Fan2-1
Added Pin To Net: NetName=NetQ6_Fan2_1 Pin=R57_Fan2-2
Added Pin To Net: NetName=NetQ6_Fan2_1 Pin=R59_Fan2-2
Added Net: Name=NetQ6_Fan2_1
Added Pin To Net: NetName=NetR30_1 Pin=R30-1
Added Pin To Net: NetName=NetR30_1 Pin=R32-2
Added Net: Name=NetR30_1
Added Pin To Net: NetName=NetR31_1 Pin=R31-1
Added Pin To Net: NetName=NetR31_1 Pin=R33-2
Added Net: Name=NetR31_1
Added Pin To Net: NetName=NetR41_balancer1_1 Pin=R41_balancer1-1
Added Pin To Net: NetName=NetR41_balancer1_1 Pin=R43_balancer1-2
Added Net: Name=NetR41_balancer1_1
Added Pin To Net: NetName=NetR41_balancer2_1 Pin=R41_balancer2-1
Added Pin To Net: NetName=NetR41_balancer2_1 Pin=R43_balancer2-2
Added Net: Name=NetR41_balancer2_1
Added Pin To Net: NetName=NetR41_balancer3_1 Pin=R41_balancer3-1
Added Pin To Net: NetName=NetR41_balancer3_1 Pin=R43_balancer3-2
Added Net: Name=NetR41_balancer3_1
Added Pin To Net: NetName=NetR41_balancer4_1 Pin=R41_balancer4-1
Added Pin To Net: NetName=NetR41_balancer4_1 Pin=R43_balancer4-2
Added Net: Name=NetR41_balancer4_1
Added Pin To Net: NetName=NetR41_balancer5_1 Pin=R41_balancer5-1
Added Pin To Net: NetName=NetR41_balancer5_1 Pin=R43_balancer5-2
Added Net: Name=NetR41_balancer5_1
Added Pin To Net: NetName=NetR41_balancer6_1 Pin=R41_balancer6-1
Added Pin To Net: NetName=NetR41_balancer6_1 Pin=R43_balancer6-2
Added Net: Name=NetR41_balancer6_1
Added Pin To Net: NetName=NetR41_balancer7_1 Pin=R41_balancer7-1
Added Pin To Net: NetName=NetR41_balancer7_1 Pin=R43_balancer7-2
Added Net: Name=NetR41_balancer7_1
Added Pin To Net: NetName=NetR41_balancer8_1 Pin=R41_balancer8-1
Added Pin To Net: NetName=NetR41_balancer8_1 Pin=R43_balancer8-2
Added Net: Name=NetR41_balancer8_1
Added Pin To Net: NetName=NetR41_balancer9_1 Pin=R41_balancer9-1
Added Pin To Net: NetName=NetR41_balancer9_1 Pin=R43_balancer9-2
Added Net: Name=NetR41_balancer9_1
Added Pin To Net: NetName=NetR41_balancer10_1 Pin=R41_balancer10-1
Added Pin To Net: NetName=NetR41_balancer10_1 Pin=R43_balancer10-2
Added Net: Name=NetR41_balancer10_1
Added Pin To Net: NetName=NetR41_balancer11_1 Pin=R41_balancer11-1
Added Pin To Net: NetName=NetR41_balancer11_1 Pin=R43_balancer11-2
Added Net: Name=NetR41_balancer11_1
Added Pin To Net: NetName=NetR41_balancer12_1 Pin=R41_balancer12-1
Added Pin To Net: NetName=NetR41_balancer12_1 Pin=R43_balancer12-2
Added Net: Name=NetR41_balancer12_1
Added Pin To Net: NetName=NetR41_balancer13_1 Pin=R41_balancer13-1
Added Pin To Net: NetName=NetR41_balancer13_1 Pin=R43_balancer13-2
Added Net: Name=NetR41_balancer13_1
Added Pin To Net: NetName=NetR41_balancer14_1 Pin=R41_balancer14-1
Added Pin To Net: NetName=NetR41_balancer14_1 Pin=R43_balancer14-2
Added Net: Name=NetR41_balancer14_1
Added Pin To Net: NetName=NetR41_balancer15_1 Pin=R41_balancer15-1
Added Pin To Net: NetName=NetR41_balancer15_1 Pin=R43_balancer15-2
Added Net: Name=NetR41_balancer15_1
Added Pin To Net: NetName=NetR41_balancer16_1 Pin=R41_balancer16-1
Added Pin To Net: NetName=NetR41_balancer16_1 Pin=R43_balancer16-2
Added Net: Name=NetR41_balancer16_1
Added Pin To Net: NetName=NetR42_balancer1_1 Pin=R42_balancer1-1
Added Pin To Net: NetName=NetR42_balancer1_1 Pin=R44_balancer1-2
Added Net: Name=NetR42_balancer1_1
Added Pin To Net: NetName=NetR42_balancer2_1 Pin=R42_balancer2-1
Added Pin To Net: NetName=NetR42_balancer2_1 Pin=R44_balancer2-2
Added Net: Name=NetR42_balancer2_1
Added Pin To Net: NetName=NetR42_balancer3_1 Pin=R42_balancer3-1
Added Pin To Net: NetName=NetR42_balancer3_1 Pin=R44_balancer3-2
Added Net: Name=NetR42_balancer3_1
Added Pin To Net: NetName=NetR42_balancer4_1 Pin=R42_balancer4-1
Added Pin To Net: NetName=NetR42_balancer4_1 Pin=R44_balancer4-2
Added Net: Name=NetR42_balancer4_1
Added Pin To Net: NetName=NetR42_balancer5_1 Pin=R42_balancer5-1
Added Pin To Net: NetName=NetR42_balancer5_1 Pin=R44_balancer5-2
Added Net: Name=NetR42_balancer5_1
Added Pin To Net: NetName=NetR42_balancer6_1 Pin=R42_balancer6-1
Added Pin To Net: NetName=NetR42_balancer6_1 Pin=R44_balancer6-2
Added Net: Name=NetR42_balancer6_1
Added Pin To Net: NetName=NetR42_balancer7_1 Pin=R42_balancer7-1
Added Pin To Net: NetName=NetR42_balancer7_1 Pin=R44_balancer7-2
Added Net: Name=NetR42_balancer7_1
Added Pin To Net: NetName=NetR42_balancer8_1 Pin=R42_balancer8-1
Added Pin To Net: NetName=NetR42_balancer8_1 Pin=R44_balancer8-2
Added Net: Name=NetR42_balancer8_1
Added Pin To Net: NetName=NetR42_balancer9_1 Pin=R42_balancer9-1
Added Pin To Net: NetName=NetR42_balancer9_1 Pin=R44_balancer9-2
Added Net: Name=NetR42_balancer9_1
Added Pin To Net: NetName=NetR42_balancer10_1 Pin=R42_balancer10-1
Added Pin To Net: NetName=NetR42_balancer10_1 Pin=R44_balancer10-2
Added Net: Name=NetR42_balancer10_1
Added Pin To Net: NetName=NetR42_balancer11_1 Pin=R42_balancer11-1
Added Pin To Net: NetName=NetR42_balancer11_1 Pin=R44_balancer11-2
Added Net: Name=NetR42_balancer11_1
Added Pin To Net: NetName=NetR42_balancer12_1 Pin=R42_balancer12-1
Added Pin To Net: NetName=NetR42_balancer12_1 Pin=R44_balancer12-2
Added Net: Name=NetR42_balancer12_1
Added Pin To Net: NetName=NetR42_balancer13_1 Pin=R42_balancer13-1
Added Pin To Net: NetName=NetR42_balancer13_1 Pin=R44_balancer13-2
Added Net: Name=NetR42_balancer13_1
Added Pin To Net: NetName=NetR42_balancer14_1 Pin=R42_balancer14-1
Added Pin To Net: NetName=NetR42_balancer14_1 Pin=R44_balancer14-2
Added Net: Name=NetR42_balancer14_1
Added Pin To Net: NetName=NetR42_balancer15_1 Pin=R42_balancer15-1
Added Pin To Net: NetName=NetR42_balancer15_1 Pin=R44_balancer15-2
Added Net: Name=NetR42_balancer15_1
Added Pin To Net: NetName=NetR42_balancer16_1 Pin=R42_balancer16-1
Added Pin To Net: NetName=NetR42_balancer16_1 Pin=R44_balancer16-2
Added Net: Name=NetR42_balancer16_1
Added Pin To Net: NetName=NetR52_1 Pin=R52-1
Added Pin To Net: NetName=NetR52_1 Pin=U6-1
Added Net: Name=NetR52_1
Added Pin To Net: NetName=NetR55_2 Pin=R55-2
Added Pin To Net: NetName=NetR55_2 Pin=U1-38
Added Net: Name=NetR55_2
Added Pin To Net: NetName=NetR56_2 Pin=R56-2
Added Pin To Net: NetName=NetR56_2 Pin=U6-3
Added Net: Name=NetR56_2
Added Pin To Net: NetName=NetR58_Fan1_1 Pin=R58_Fan1-1
Added Pin To Net: NetName=NetR58_Fan1_1 Pin=U8_Fan1-1
Added Net: Name=NetR58_Fan1_1
Added Pin To Net: NetName=NetR58_Fan2_1 Pin=R58_Fan2-1
Added Pin To Net: NetName=NetR58_Fan2_1 Pin=U8_Fan2-1
Added Net: Name=NetR58_Fan2_1
Added Pin To Net: NetName=NetR59_Fan1_1 Pin=R59_Fan1-1
Added Pin To Net: NetName=NetR59_Fan1_1 Pin=U8_Fan1-4
Added Net: Name=NetR59_Fan1_1
Added Pin To Net: NetName=NetR59_Fan2_1 Pin=R59_Fan2-1
Added Pin To Net: NetName=NetR59_Fan2_1 Pin=U8_Fan2-4
Added Net: Name=NetR59_Fan2_1
Added Pin To Net: NetName=NetT2_2 Pin=T2-2
Added Pin To Net: NetName=NetT2_2 Pin=TP5-1
Added Pin To Net: NetName=NetT2_2 Pin=U2-21
Added Net: Name=NetT2_2
Added Pin To Net: NetName=NetT6_2 Pin=T6-2
Added Pin To Net: NetName=NetT6_2 Pin=TP6-1
Added Pin To Net: NetName=NetT6_2 Pin=U2-23
Added Net: Name=NetT6_2
Added Pin To Net: NetName=NetT7_2 Pin=T7-2
Added Pin To Net: NetName=NetT7_2 Pin=U1-10
Added Net: Name=NetT7_2
Added Pin To Net: NetName=NetT8_2 Pin=T8-2
Added Pin To Net: NetName=NetT8_2 Pin=U1-11
Added Net: Name=NetT8_2
Added Pin To Net: NetName=NetT9_2 Pin=T9-2
Added Pin To Net: NetName=NetT9_2 Pin=U1-12
Added Net: Name=NetT9_2
Added Pin To Net: NetName=NetT10_2 Pin=T10-2
Added Pin To Net: NetName=NetT10_2 Pin=U1-13
Added Net: Name=NetT10_2
Added Pin To Net: NetName=NetU1_14 Pin=U1-14
Added Pin To Net: NetName=NetU1_14 Pin=U2-29
Added Net: Name=NetU1_14
Added Pin To Net: NetName=NetU1_15 Pin=U1-15
Added Pin To Net: NetName=NetU1_15 Pin=U2-26
Added Net: Name=NetU1_15
Added Pin To Net: NetName=NetU1_16 Pin=U1-16
Added Pin To Net: NetName=NetU1_16 Pin=U2-27
Added Net: Name=NetU1_16
Added Pin To Net: NetName=NetU1_17 Pin=U1-17
Added Pin To Net: NetName=NetU1_17 Pin=U2-28
Added Net: Name=NetU1_17
Added Pin To Net: NetName=NetU1_21 Pin=U1-21
Added Pin To Net: NetName=NetU1_21 Pin=U2-25
Added Net: Name=NetU1_21
Added Pin To Net: NetName=NRST Pin=C2-1
Added Pin To Net: NetName=NRST Pin=R10-1
Added Pin To Net: NetName=NRST Pin=RST1-1
Added Pin To Net: NetName=NRST Pin=RST1-1
Added Pin To Net: NetName=NRST Pin=SWD1-3
Added Pin To Net: NetName=NRST Pin=U1-7
Added Net: Name=NRST
Added Pin To Net: NetName=PH0-OSC_IN Pin=C1-2
Added Pin To Net: NetName=PH0-OSC_IN Pin=U1-5
Added Pin To Net: NetName=PH0-OSC_IN Pin=Y1-1
Added Net: Name=PH0-OSC_IN
Added Pin To Net: NetName=PH1-OSC_OUT Pin=C3-2
Added Pin To Net: NetName=PH1-OSC_OUT Pin=U1-6
Added Pin To Net: NetName=PH1-OSC_OUT Pin=Y1-2
Added Net: Name=PH1-OSC_OUT
Added Pin To Net: NetName=REG1 Pin=C21-1
Added Pin To Net: NetName=REG1 Pin=PB1-2
Added Pin To Net: NetName=REG1 Pin=PB1-2
Added Pin To Net: NetName=REG1 Pin=R39-2
Added Pin To Net: NetName=REG1 Pin=R51-2
Added Pin To Net: NetName=REG1 Pin=U2-35
Added Net: Name=REG1
Added Pin To Net: NetName=REG2 Pin=C32-1
Added Pin To Net: NetName=REG2 Pin=R54-2
Added Pin To Net: NetName=REG2 Pin=U2-34
Added Net: Name=REG2
Added Pin To Net: NetName=REGIN Pin=C16-2
Added Pin To Net: NetName=REGIN Pin=C18-2
Added Pin To Net: NetName=REGIN Pin=C19-2
Added Pin To Net: NetName=REGIN Pin=Q1-2
Added Pin To Net: NetName=REGIN Pin=TP4-1
Added Pin To Net: NetName=REGIN Pin=U2-36
Added Pin To Net: NetName=REGIN Pin=U3-3
Added Net: Name=REGIN
Added Pin To Net: NetName=SW1 Pin=R4-1
Added Pin To Net: NetName=SW1 Pin=SWL-5
Added Pin To Net: NetName=SW1 Pin=U1-18
Added Net: Name=SW1
Added Pin To Net: NetName=SW2 Pin=R3-1
Added Pin To Net: NetName=SW2 Pin=SWL-6
Added Pin To Net: NetName=SW2 Pin=U1-19
Added Net: Name=SW2
Added Pin To Net: NetName=SW3 Pin=R2-1
Added Pin To Net: NetName=SW3 Pin=SWL-7
Added Pin To Net: NetName=SW3 Pin=U1-20
Added Net: Name=SW3
Added Pin To Net: NetName=SW4 Pin=R1-1
Added Pin To Net: NetName=SW4 Pin=SWL-8
Added Pin To Net: NetName=SW4 Pin=U1-39
Added Net: Name=SW4
Added Pin To Net: NetName=SW5 Pin=R64-1
Added Pin To Net: NetName=SW5 Pin=SWH-5
Added Pin To Net: NetName=SW5 Pin=U1-28
Added Net: Name=SW5
Added Pin To Net: NetName=SW6 Pin=R63-1
Added Pin To Net: NetName=SW6 Pin=SWH-6
Added Pin To Net: NetName=SW6 Pin=U1-27
Added Net: Name=SW6
Added Pin To Net: NetName=SW7 Pin=R62-1
Added Pin To Net: NetName=SW7 Pin=SWH-7
Added Pin To Net: NetName=SW7 Pin=U1-26
Added Net: Name=SW7
Added Pin To Net: NetName=SW8 Pin=R60-1
Added Pin To Net: NetName=SW8 Pin=SWH-8
Added Pin To Net: NetName=SW8 Pin=U1-25
Added Net: Name=SW8
Added Pin To Net: NetName=SWCLK Pin=SWD1-2
Added Pin To Net: NetName=SWCLK Pin=U1-37
Added Net: Name=SWCLK
Added Pin To Net: NetName=SWDIO Pin=SWD1-1
Added Pin To Net: NetName=SWDIO Pin=U1-34
Added Net: Name=SWDIO
Added Pin To Net: NetName=TS2 Pin=T4-2
Added Pin To Net: NetName=TS2 Pin=U2-22
Added Net: Name=TS2
Added Pin To Net: NetName=TS4 Pin=T1-2
Added Pin To Net: NetName=TS4 Pin=U2-32
Added Net: Name=TS4
Added Pin To Net: NetName=TS5 Pin=T3-2
Added Pin To Net: NetName=TS5 Pin=U2-31
Added Net: Name=TS5
Added Pin To Net: NetName=TS6 Pin=T5-2
Added Pin To Net: NetName=TS6 Pin=U2-30
Added Net: Name=TS6
Added Pin To Net: NetName=VCC-CAN Pin=C26-2
Added Pin To Net: NetName=VCC-CAN Pin=C31-2
Added Pin To Net: NetName=VCC-CAN Pin=R35-1
Added Pin To Net: NetName=VCC-CAN Pin=U4-2
Added Pin To Net: NetName=VCC-CAN Pin=U5-8
Added Net: Name=VCC-CAN
Added Class: Name=balancer1
Added Class: Name=balancer2
Added Class: Name=balancer3
Added Class: Name=balancer4
Added Class: Name=balancer5
Added Class: Name=balancer6
Added Class: Name=balancer7
Added Class: Name=balancer8
Added Class: Name=balancer9
Added Class: Name=balancer10
Added Class: Name=balancer11
Added Class: Name=balancer12
Added Class: Name=balancer13
Added Class: Name=balancer14
Added Class: Name=balancer15
Added Class: Name=balancer16
Added Class: Name=Fan1
Added Class: Name=Fan2
Added Class: Name=U_BMS
Added Class: Name=U_Communication
Added Class: Name=U_MCU
Added Class: Name=U_relay and contactor
Added Class: Name=+BalanceCommand_[1..16]
Added Class: Name=+Cell_[1..16]
Added Class: Name=-BalanceCommand_[1..16]
Added Class: Name=-Cell_[1..16]
Added Class: Name=FAN_Feedback_[1..2]
Added Class: Name=FAN_PWM_[1..2]
Added Differential Pair: Name=CANIN
Added Differential Pair: Name=CAN
Added Class: Name=balancer
Added Class: Name=Fan
Added Rule: Name=Schematic Supply Nets
Added Rule: Name=Schematic Supply Nets_1
Added Rule: Name=Schematic Supply Nets_2
Added Rule: Name=Schematic Supply Nets_3
Added Rule: Name=Schematic Supply Nets_4
Added Rule: Name=Schematic Supply Nets_5
Added Rule: Name=Schematic Supply Nets_6
Added Rule: Name=Schematic Supply Nets_7
Added Rule: Name=Schematic Supply Nets_8
