Added Component: Designator=C1(CAPC0603)
Add component (AddParameter): Name = "LatestRevisionDate"; Value = "17-Jul-2002"; VariantName = "[No Variations]"
Add component (AddParameter): Name = "LatestRevisionNote"; Value = "Re-released for DXP Platform."; VariantName = "[No Variations]"
Add component (AddParameter): Name = "PackageReference"; Value = "C0805"; VariantName = "[No Variations]"
Add component (AddParameter): Name = "Published"; Value = "8-Jun-2000"; VariantName = "[No Variations]"
Add component (AddParameter): Name = "Publisher"; Value = "Altium Limited"; VariantName = "[No Variations]"
Add component (AddParameter): Name = "Value"; Value = "20pF"; VariantName = "[No Variations]"
Added Component: Designator=C2(CAPC0603)
Add component (AddParameter): Name = "LatestRevisionDate"; Value = "17-Jul-2002"; VariantName = "[No Variations]"
Add component (AddParameter): Name = "LatestRevisionNote"; Value = "Re-released for DXP Platform."; VariantName = "[No Variations]"
Add component (AddParameter): Name = "PackageReference"; Value = "C0805"; VariantName = "[No Variations]"
Add component (AddParameter): Name = "Published"; Value = "8-Jun-2000"; VariantName = "[No Variations]"
Add component (AddParameter): Name = "Publisher"; Value = "Altium Limited"; VariantName = "[No Variations]"
Add component (AddParameter): Name = "Value"; Value = "100nF"; VariantName = "[No Variations]"
Added Component: Designator=C3(CAPC0603)
Add component (AddParameter): Name = "LatestRevisionDate"; Value = "17-Jul-2002"; VariantName = "[No Variations]"
Add component (AddParameter): Name = "LatestRevisionNote"; Value = "Re-released for DXP Platform."; VariantName = "[No Variations]"
Add component (AddParameter): Name = "PackageReference"; Value = "C0805"; VariantName = "[No Variations]"
Add component (AddParameter): Name = "Published"; Value = "8-Jun-2000"; VariantName = "[No Variations]"
Add component (AddParameter): Name = "Publisher"; Value = "Altium Limited"; VariantName = "[No Variations]"
Add component (AddParameter): Name = "Value"; Value = "20pF"; VariantName = "[No Variations]"
Added Component: Designator=C4(CAPC0603)
Add component (AddParameter): Name = "LatestRevisionDate"; Value = "17-Jul-2002"; VariantName = "[No Variations]"
Add component (AddParameter): Name = "LatestRevisionNote"; Value = "Re-released for DXP Platform."; VariantName = "[No Variations]"
Add component (AddParameter): Name = "PackageReference"; Value = "C0805"; VariantName = "[No Variations]"
Add component (AddParameter): Name = "Published"; Value = "8-Jun-2000"; VariantName = "[No Variations]"
Add component (AddParameter): Name = "Publisher"; Value = "Altium Limited"; VariantName = "[No Variations]"
Add component (AddParameter): Name = "Value"; Value = "100nF"; VariantName = "[No Variations]"
Added Component: Designator=C5(CAPC0603)
Add component (AddParameter): Name = "LatestRevisionDate"; Value = "17-Jul-2002"; VariantName = "[No Variations]"
Add component (AddParameter): Name = "LatestRevisionNote"; Value = "Re-released for DXP Platform."; VariantName = "[No Variations]"
Add component (AddParameter): Name = "PackageReference"; Value = "C0805"; VariantName = "[No Variations]"
Add component (AddParameter): Name = "Published"; Value = "8-Jun-2000"; VariantName = "[No Variations]"
Add component (AddParameter): Name = "Publisher"; Value = "Altium Limited"; VariantName = "[No Variations]"
Add component (AddParameter): Name = "Value"; Value = "100nF"; VariantName = "[No Variations]"
Added Component: Designator=C6(CAPC0603)
Add component (AddParameter): Name = "LatestRevisionDate"; Value = "17-Jul-2002"; VariantName = "[No Variations]"
Add component (AddParameter): Name = "LatestRevisionNote"; Value = "Re-released for DXP Platform."; VariantName = "[No Variations]"
Add component (AddParameter): Name = "PackageReference"; Value = "C0805"; VariantName = "[No Variations]"
Add component (AddParameter): Name = "Published"; Value = "8-Jun-2000"; VariantName = "[No Variations]"
Add component (AddParameter): Name = "Publisher"; Value = "Altium Limited"; VariantName = "[No Variations]"
Add component (AddParameter): Name = "Value"; Value = "100nF"; VariantName = "[No Variations]"
Added Component: Designator=C7(CAPC0603)
Add component (AddParameter): Name = "LatestRevisionDate"; Value = "17-Jul-2002"; VariantName = "[No Variations]"
Add component (AddParameter): Name = "LatestRevisionNote"; Value = "Re-released for DXP Platform."; VariantName = "[No Variations]"
Add component (AddParameter): Name = "PackageReference"; Value = "C0805"; VariantName = "[No Variations]"
Add component (AddParameter): Name = "Published"; Value = "8-Jun-2000"; VariantName = "[No Variations]"
Add component (AddParameter): Name = "Publisher"; Value = "Altium Limited"; VariantName = "[No Variations]"
Add component (AddParameter): Name = "Value"; Value = "100nF"; VariantName = "[No Variations]"
Added Component: Designator=C8(cap1206)
Add component (AddParameter): Name = "LatestRevisionDate"; Value = "17-Jul-2002"; VariantName = "[No Variations]"
Add component (AddParameter): Name = "LatestRevisionNote"; Value = "Re-released for DXP Platform."; VariantName = "[No Variations]"
Add component (AddParameter): Name = "PackageReference"; Value = "C0805"; VariantName = "[No Variations]"
Add component (AddParameter): Name = "Published"; Value = "8-Jun-2000"; VariantName = "[No Variations]"
Add component (AddParameter): Name = "Publisher"; Value = "Altium Limited"; VariantName = "[No Variations]"
Added Component: Designator=C9(cap1206)
Add component (AddParameter): Name = "LatestRevisionDate"; Value = "17-Jul-2002"; VariantName = "[No Variations]"
Add component (AddParameter): Name = "LatestRevisionNote"; Value = "Re-released for DXP Platform."; VariantName = "[No Variations]"
Add component (AddParameter): Name = "PackageReference"; Value = "C0805"; VariantName = "[No Variations]"
Add component (AddParameter): Name = "Published"; Value = "8-Jun-2000"; VariantName = "[No Variations]"
Add component (AddParameter): Name = "Publisher"; Value = "Altium Limited"; VariantName = "[No Variations]"
Added Component: Designator=C10(CAPC0603)
Add component (AddParameter): Name = "LatestRevisionDate"; Value = "17-Jul-2002"; VariantName = "[No Variations]"
Add component (AddParameter): Name = "LatestRevisionNote"; Value = "Re-released for DXP Platform."; VariantName = "[No Variations]"
Add component (AddParameter): Name = "PackageReference"; Value = "C0805"; VariantName = "[No Variations]"
Add component (AddParameter): Name = "Published"; Value = "8-Jun-2000"; VariantName = "[No Variations]"
Add component (AddParameter): Name = "Publisher"; Value = "Altium Limited"; VariantName = "[No Variations]"
Add component (AddParameter): Name = "Value"; Value = "100nF"; VariantName = "[No Variations]"
Added Component: Designator=C11(cap1206)
Add component (AddParameter): Name = "LatestRevisionDate"; Value = "17-Jul-2002"; VariantName = "[No Variations]"
Add component (AddParameter): Name = "LatestRevisionNote"; Value = "Re-released for DXP Platform."; VariantName = "[No Variations]"
Add component (AddParameter): Name = "PackageReference"; Value = "C0805"; VariantName = "[No Variations]"
Add component (AddParameter): Name = "Published"; Value = "8-Jun-2000"; VariantName = "[No Variations]"
Add component (AddParameter): Name = "Publisher"; Value = "Altium Limited"; VariantName = "[No Variations]"
Add component (AddParameter): Name = "Value"; Value = "2.2uF"; VariantName = "[No Variations]"
Added Component: Designator=C12(CAPC0603)
Add component (AddParameter): Name = "LatestRevisionDate"; Value = "17-Jul-2002"; VariantName = "[No Variations]"
Add component (AddParameter): Name = "LatestRevisionNote"; Value = "Re-released for DXP Platform."; VariantName = "[No Variations]"
Add component (AddParameter): Name = "PackageReference"; Value = "C0805"; VariantName = "[No Variations]"
Add component (AddParameter): Name = "Published"; Value = "8-Jun-2000"; VariantName = "[No Variations]"
Add component (AddParameter): Name = "Publisher"; Value = "Altium Limited"; VariantName = "[No Variations]"
Add component (AddParameter): Name = "Value"; Value = "100nF"; VariantName = "[No Variations]"
Added Component: Designator=C13(CAPC0603)
Add component (AddParameter): Name = "LatestRevisionDate"; Value = "17-Jul-2002"; VariantName = "[No Variations]"
Add component (AddParameter): Name = "LatestRevisionNote"; Value = "Re-released for DXP Platform."; VariantName = "[No Variations]"
Add component (AddParameter): Name = "PackageReference"; Value = "C0805"; VariantName = "[No Variations]"
Add component (AddParameter): Name = "Published"; Value = "8-Jun-2000"; VariantName = "[No Variations]"
Add component (AddParameter): Name = "Publisher"; Value = "Altium Limited"; VariantName = "[No Variations]"
Add component (AddParameter): Name = "Value"; Value = "100nF"; VariantName = "[No Variations]"
Added Component: Designator=C14(CAPC0603)
Add component (AddParameter): Name = "LatestRevisionDate"; Value = "17-Jul-2002"; VariantName = "[No Variations]"
Add component (AddParameter): Name = "LatestRevisionNote"; Value = "Re-released for DXP Platform."; VariantName = "[No Variations]"
Add component (AddParameter): Name = "PackageReference"; Value = "C0805"; VariantName = "[No Variations]"
Add component (AddParameter): Name = "Published"; Value = "8-Jun-2000"; VariantName = "[No Variations]"
Add component (AddParameter): Name = "Publisher"; Value = "Altium Limited"; VariantName = "[No Variations]"
Add component (AddParameter): Name = "Value"; Value = "22pF"; VariantName = "[No Variations]"
Added Component: Designator=C15(cap1206)
Add component (AddParameter): Name = "LatestRevisionDate"; Value = "17-Jul-2002"; VariantName = "[No Variations]"
Add component (AddParameter): Name = "LatestRevisionNote"; Value = "Re-released for DXP Platform."; VariantName = "[No Variations]"
Add component (AddParameter): Name = "PackageReference"; Value = "C0805"; VariantName = "[No Variations]"
Add component (AddParameter): Name = "Published"; Value = "8-Jun-2000"; VariantName = "[No Variations]"
Add component (AddParameter): Name = "Publisher"; Value = "Altium Limited"; VariantName = "[No Variations]"
Add component (AddParameter): Name = "Value"; Value = "2.2uF"; VariantName = "[No Variations]"
Added Component: Designator=C16(CAPC0603)
Add component (AddParameter): Name = "LatestRevisionDate"; Value = "17-Jul-2002"; VariantName = "[No Variations]"
Add component (AddParameter): Name = "LatestRevisionNote"; Value = "Re-released for DXP Platform."; VariantName = "[No Variations]"
Add component (AddParameter): Name = "PackageReference"; Value = "C0805"; VariantName = "[No Variations]"
Add component (AddParameter): Name = "Published"; Value = "8-Jun-2000"; VariantName = "[No Variations]"
Add component (AddParameter): Name = "Publisher"; Value = "Altium Limited"; VariantName = "[No Variations]"
Add component (AddParameter): Name = "Value"; Value = "100nF"; VariantName = "[No Variations]"
Added Component: Designator=C17(CAPC0603)
Add component (AddParameter): Name = "LatestRevisionDate"; Value = "17-Jul-2002"; VariantName = "[No Variations]"
Add component (AddParameter): Name = "LatestRevisionNote"; Value = "Re-released for DXP Platform."; VariantName = "[No Variations]"
Add component (AddParameter): Name = "PackageReference"; Value = "C0805"; VariantName = "[No Variations]"
Add component (AddParameter): Name = "Published"; Value = "8-Jun-2000"; VariantName = "[No Variations]"
Add component (AddParameter): Name = "Publisher"; Value = "Altium Limited"; VariantName = "[No Variations]"
Add component (AddParameter): Name = "Value"; Value = "100nF"; VariantName = "[No Variations]"
Added Component: Designator=C18(CAPC0603)
Add component (AddParameter): Name = "LatestRevisionDate"; Value = "17-Jul-2002"; VariantName = "[No Variations]"
Add component (AddParameter): Name = "LatestRevisionNote"; Value = "Re-released for DXP Platform."; VariantName = "[No Variations]"
Add component (AddParameter): Name = "PackageReference"; Value = "C0805"; VariantName = "[No Variations]"
Add component (AddParameter): Name = "Published"; Value = "8-Jun-2000"; VariantName = "[No Variations]"
Add component (AddParameter): Name = "Publisher"; Value = "Altium Limited"; VariantName = "[No Variations]"
Add component (AddParameter): Name = "Value"; Value = "22nF"; VariantName = "[No Variations]"
Added Component: Designator=C19(CAPC0603)
Add component (AddParameter): Name = "LatestRevisionDate"; Value = "17-Jul-2002"; VariantName = "[No Variations]"
Add component (AddParameter): Name = "LatestRevisionNote"; Value = "Re-released for DXP Platform."; VariantName = "[No Variations]"
Add component (AddParameter): Name = "PackageReference"; Value = "C0805"; VariantName = "[No Variations]"
Add component (AddParameter): Name = "Published"; Value = "8-Jun-2000"; VariantName = "[No Variations]"
Add component (AddParameter): Name = "Publisher"; Value = "Altium Limited"; VariantName = "[No Variations]"
Add component (AddParameter): Name = "Value"; Value = "100nF"; VariantName = "[No Variations]"
Added Component: Designator=C20(cap1206)
Add component (AddParameter): Name = "LatestRevisionDate"; Value = "17-Jul-2002"; VariantName = "[No Variations]"
Add component (AddParameter): Name = "LatestRevisionNote"; Value = "Re-released for DXP Platform."; VariantName = "[No Variations]"
Add component (AddParameter): Name = "PackageReference"; Value = "C0805"; VariantName = "[No Variations]"
Add component (AddParameter): Name = "Published"; Value = "8-Jun-2000"; VariantName = "[No Variations]"
Add component (AddParameter): Name = "Publisher"; Value = "Altium Limited"; VariantName = "[No Variations]"
Add component (AddParameter): Name = "Value"; Value = "470nF"; VariantName = "[No Variations]"
Added Component: Designator=C21(CAPC0603)
Add component (AddParameter): Name = "LatestRevisionDate"; Value = "17-Jul-2002"; VariantName = "[No Variations]"
Add component (AddParameter): Name = "LatestRevisionNote"; Value = "Re-released for DXP Platform."; VariantName = "[No Variations]"
Add component (AddParameter): Name = "PackageReference"; Value = "C0805"; VariantName = "[No Variations]"
Add component (AddParameter): Name = "Published"; Value = "8-Jun-2000"; VariantName = "[No Variations]"
Add component (AddParameter): Name = "Publisher"; Value = "Altium Limited"; VariantName = "[No Variations]"
Add component (AddParameter): Name = "Value"; Value = "100nF"; VariantName = "[No Variations]"
Added Component: Designator=C22(CAPC0603)
Add component (AddParameter): Name = "LatestRevisionDate"; Value = "17-Jul-2002"; VariantName = "[No Variations]"
Add component (AddParameter): Name = "LatestRevisionNote"; Value = "Re-released for DXP Platform."; VariantName = "[No Variations]"
Add component (AddParameter): Name = "PackageReference"; Value = "C0805"; VariantName = "[No Variations]"
Add component (AddParameter): Name = "Published"; Value = "8-Jun-2000"; VariantName = "[No Variations]"
Add component (AddParameter): Name = "Publisher"; Value = "Altium Limited"; VariantName = "[No Variations]"
Add component (AddParameter): Name = "Value"; Value = "100nF"; VariantName = "[No Variations]"
Added Component: Designator=C23(cap1206)
Add component (AddParameter): Name = "LatestRevisionDate"; Value = "17-Jul-2002"; VariantName = "[No Variations]"
Add component (AddParameter): Name = "LatestRevisionNote"; Value = "Re-released for DXP Platform."; VariantName = "[No Variations]"
Add component (AddParameter): Name = "PackageReference"; Value = "C0805"; VariantName = "[No Variations]"
Add component (AddParameter): Name = "Published"; Value = "8-Jun-2000"; VariantName = "[No Variations]"
Add component (AddParameter): Name = "Publisher"; Value = "Altium Limited"; VariantName = "[No Variations]"
Add component (AddParameter): Name = "Value"; Value = "2.2uF"; VariantName = "[No Variations]"
Added Component: Designator=C24(CAPC0603)
Add component (AddParameter): Name = "LatestRevisionDate"; Value = "17-Jul-2002"; VariantName = "[No Variations]"
Add component (AddParameter): Name = "LatestRevisionNote"; Value = "Re-released for DXP Platform."; VariantName = "[No Variations]"
Add component (AddParameter): Name = "PackageReference"; Value = "C0805"; VariantName = "[No Variations]"
Add component (AddParameter): Name = "Published"; Value = "8-Jun-2000"; VariantName = "[No Variations]"
Add component (AddParameter): Name = "Publisher"; Value = "Altium Limited"; VariantName = "[No Variations]"
Add component (AddParameter): Name = "Value"; Value = "100nF"; VariantName = "[No Variations]"
Added Component: Designator=C25_1(CAPC0603)
Add component (AddParameter): Name = "LatestRevisionDate"; Value = "17-Jul-2002"; VariantName = "[No Variations]"
Add component (AddParameter): Name = "LatestRevisionNote"; Value = "Re-released for DXP Platform."; VariantName = "[No Variations]"
Add component (AddParameter): Name = "PackageReference"; Value = "C0805"; VariantName = "[No Variations]"
Add component (AddParameter): Name = "Published"; Value = "8-Jun-2000"; VariantName = "[No Variations]"
Add component (AddParameter): Name = "Publisher"; Value = "Altium Limited"; VariantName = "[No Variations]"
Add component (AddParameter): Name = "Value"; Value = "0.22µF"; VariantName = "[No Variations]"
Added Component: Designator=C25_2(CAPC0603)
Add component (AddParameter): Name = "LatestRevisionDate"; Value = "17-Jul-2002"; VariantName = "[No Variations]"
Add component (AddParameter): Name = "LatestRevisionNote"; Value = "Re-released for DXP Platform."; VariantName = "[No Variations]"
Add component (AddParameter): Name = "PackageReference"; Value = "C0805"; VariantName = "[No Variations]"
Add component (AddParameter): Name = "Published"; Value = "8-Jun-2000"; VariantName = "[No Variations]"
Add component (AddParameter): Name = "Publisher"; Value = "Altium Limited"; VariantName = "[No Variations]"
Add component (AddParameter): Name = "Value"; Value = "0.22µF"; VariantName = "[No Variations]"
Added Component: Designator=C25_3(CAPC0603)
Add component (AddParameter): Name = "LatestRevisionDate"; Value = "17-Jul-2002"; VariantName = "[No Variations]"
Add component (AddParameter): Name = "LatestRevisionNote"; Value = "Re-released for DXP Platform."; VariantName = "[No Variations]"
Add component (AddParameter): Name = "PackageReference"; Value = "C0805"; VariantName = "[No Variations]"
Add component (AddParameter): Name = "Published"; Value = "8-Jun-2000"; VariantName = "[No Variations]"
Add component (AddParameter): Name = "Publisher"; Value = "Altium Limited"; VariantName = "[No Variations]"
Add component (AddParameter): Name = "Value"; Value = "0.22µF"; VariantName = "[No Variations]"
Added Component: Designator=C25_4(CAPC0603)
Add component (AddParameter): Name = "LatestRevisionDate"; Value = "17-Jul-2002"; VariantName = "[No Variations]"
Add component (AddParameter): Name = "LatestRevisionNote"; Value = "Re-released for DXP Platform."; VariantName = "[No Variations]"
Add component (AddParameter): Name = "PackageReference"; Value = "C0805"; VariantName = "[No Variations]"
Add component (AddParameter): Name = "Published"; Value = "8-Jun-2000"; VariantName = "[No Variations]"
Add component (AddParameter): Name = "Publisher"; Value = "Altium Limited"; VariantName = "[No Variations]"
Add component (AddParameter): Name = "Value"; Value = "0.22µF"; VariantName = "[No Variations]"
Added Component: Designator=C25_5(CAPC0603)
Add component (AddParameter): Name = "LatestRevisionDate"; Value = "17-Jul-2002"; VariantName = "[No Variations]"
Add component (AddParameter): Name = "LatestRevisionNote"; Value = "Re-released for DXP Platform."; VariantName = "[No Variations]"
Add component (AddParameter): Name = "PackageReference"; Value = "C0805"; VariantName = "[No Variations]"
Add component (AddParameter): Name = "Published"; Value = "8-Jun-2000"; VariantName = "[No Variations]"
Add component (AddParameter): Name = "Publisher"; Value = "Altium Limited"; VariantName = "[No Variations]"
Add component (AddParameter): Name = "Value"; Value = "0.22µF"; VariantName = "[No Variations]"
Added Component: Designator=C25_6(CAPC0603)
Add component (AddParameter): Name = "LatestRevisionDate"; Value = "17-Jul-2002"; VariantName = "[No Variations]"
Add component (AddParameter): Name = "LatestRevisionNote"; Value = "Re-released for DXP Platform."; VariantName = "[No Variations]"
Add component (AddParameter): Name = "PackageReference"; Value = "C0805"; VariantName = "[No Variations]"
Add component (AddParameter): Name = "Published"; Value = "8-Jun-2000"; VariantName = "[No Variations]"
Add component (AddParameter): Name = "Publisher"; Value = "Altium Limited"; VariantName = "[No Variations]"
Add component (AddParameter): Name = "Value"; Value = "0.22µF"; VariantName = "[No Variations]"
Added Component: Designator=C25_7(CAPC0603)
Add component (AddParameter): Name = "LatestRevisionDate"; Value = "17-Jul-2002"; VariantName = "[No Variations]"
Add component (AddParameter): Name = "LatestRevisionNote"; Value = "Re-released for DXP Platform."; VariantName = "[No Variations]"
Add component (AddParameter): Name = "PackageReference"; Value = "C0805"; VariantName = "[No Variations]"
Add component (AddParameter): Name = "Published"; Value = "8-Jun-2000"; VariantName = "[No Variations]"
Add component (AddParameter): Name = "Publisher"; Value = "Altium Limited"; VariantName = "[No Variations]"
Add component (AddParameter): Name = "Value"; Value = "0.22µF"; VariantName = "[No Variations]"
Added Component: Designator=C25_8(CAPC0603)
Add component (AddParameter): Name = "LatestRevisionDate"; Value = "17-Jul-2002"; VariantName = "[No Variations]"
Add component (AddParameter): Name = "LatestRevisionNote"; Value = "Re-released for DXP Platform."; VariantName = "[No Variations]"
Add component (AddParameter): Name = "PackageReference"; Value = "C0805"; VariantName = "[No Variations]"
Add component (AddParameter): Name = "Published"; Value = "8-Jun-2000"; VariantName = "[No Variations]"
Add component (AddParameter): Name = "Publisher"; Value = "Altium Limited"; VariantName = "[No Variations]"
Add component (AddParameter): Name = "Value"; Value = "0.22µF"; VariantName = "[No Variations]"
Added Component: Designator=C25_9(CAPC0603)
Add component (AddParameter): Name = "LatestRevisionDate"; Value = "17-Jul-2002"; VariantName = "[No Variations]"
Add component (AddParameter): Name = "LatestRevisionNote"; Value = "Re-released for DXP Platform."; VariantName = "[No Variations]"
Add component (AddParameter): Name = "PackageReference"; Value = "C0805"; VariantName = "[No Variations]"
Add component (AddParameter): Name = "Published"; Value = "8-Jun-2000"; VariantName = "[No Variations]"
Add component (AddParameter): Name = "Publisher"; Value = "Altium Limited"; VariantName = "[No Variations]"
Add component (AddParameter): Name = "Value"; Value = "0.22µF"; VariantName = "[No Variations]"
Added Component: Designator=C25_10(CAPC0603)
Add component (AddParameter): Name = "LatestRevisionDate"; Value = "17-Jul-2002"; VariantName = "[No Variations]"
Add component (AddParameter): Name = "LatestRevisionNote"; Value = "Re-released for DXP Platform."; VariantName = "[No Variations]"
Add component (AddParameter): Name = "PackageReference"; Value = "C0805"; VariantName = "[No Variations]"
Add component (AddParameter): Name = "Published"; Value = "8-Jun-2000"; VariantName = "[No Variations]"
Add component (AddParameter): Name = "Publisher"; Value = "Altium Limited"; VariantName = "[No Variations]"
Add component (AddParameter): Name = "Value"; Value = "0.22µF"; VariantName = "[No Variations]"
Added Component: Designator=C25_11(CAPC0603)
Add component (AddParameter): Name = "LatestRevisionDate"; Value = "17-Jul-2002"; VariantName = "[No Variations]"
Add component (AddParameter): Name = "LatestRevisionNote"; Value = "Re-released for DXP Platform."; VariantName = "[No Variations]"
Add component (AddParameter): Name = "PackageReference"; Value = "C0805"; VariantName = "[No Variations]"
Add component (AddParameter): Name = "Published"; Value = "8-Jun-2000"; VariantName = "[No Variations]"
Add component (AddParameter): Name = "Publisher"; Value = "Altium Limited"; VariantName = "[No Variations]"
Add component (AddParameter): Name = "Value"; Value = "0.22µF"; VariantName = "[No Variations]"
Added Component: Designator=C25_12(CAPC0603)
Add component (AddParameter): Name = "LatestRevisionDate"; Value = "17-Jul-2002"; VariantName = "[No Variations]"
Add component (AddParameter): Name = "LatestRevisionNote"; Value = "Re-released for DXP Platform."; VariantName = "[No Variations]"
Add component (AddParameter): Name = "PackageReference"; Value = "C0805"; VariantName = "[No Variations]"
Add component (AddParameter): Name = "Published"; Value = "8-Jun-2000"; VariantName = "[No Variations]"
Add component (AddParameter): Name = "Publisher"; Value = "Altium Limited"; VariantName = "[No Variations]"
Add component (AddParameter): Name = "Value"; Value = "0.22µF"; VariantName = "[No Variations]"
Added Component: Designator=C25_13(CAPC0603)
Add component (AddParameter): Name = "LatestRevisionDate"; Value = "17-Jul-2002"; VariantName = "[No Variations]"
Add component (AddParameter): Name = "LatestRevisionNote"; Value = "Re-released for DXP Platform."; VariantName = "[No Variations]"
Add component (AddParameter): Name = "PackageReference"; Value = "C0805"; VariantName = "[No Variations]"
Add component (AddParameter): Name = "Published"; Value = "8-Jun-2000"; VariantName = "[No Variations]"
Add component (AddParameter): Name = "Publisher"; Value = "Altium Limited"; VariantName = "[No Variations]"
Add component (AddParameter): Name = "Value"; Value = "0.22µF"; VariantName = "[No Variations]"
Added Component: Designator=C25_14(CAPC0603)
Add component (AddParameter): Name = "LatestRevisionDate"; Value = "17-Jul-2002"; VariantName = "[No Variations]"
Add component (AddParameter): Name = "LatestRevisionNote"; Value = "Re-released for DXP Platform."; VariantName = "[No Variations]"
Add component (AddParameter): Name = "PackageReference"; Value = "C0805"; VariantName = "[No Variations]"
Add component (AddParameter): Name = "Published"; Value = "8-Jun-2000"; VariantName = "[No Variations]"
Add component (AddParameter): Name = "Publisher"; Value = "Altium Limited"; VariantName = "[No Variations]"
Add component (AddParameter): Name = "Value"; Value = "0.22µF"; VariantName = "[No Variations]"
Added Component: Designator=C25_15(CAPC0603)
Add component (AddParameter): Name = "LatestRevisionDate"; Value = "17-Jul-2002"; VariantName = "[No Variations]"
Add component (AddParameter): Name = "LatestRevisionNote"; Value = "Re-released for DXP Platform."; VariantName = "[No Variations]"
Add component (AddParameter): Name = "PackageReference"; Value = "C0805"; VariantName = "[No Variations]"
Add component (AddParameter): Name = "Published"; Value = "8-Jun-2000"; VariantName = "[No Variations]"
Add component (AddParameter): Name = "Publisher"; Value = "Altium Limited"; VariantName = "[No Variations]"
Add component (AddParameter): Name = "Value"; Value = "0.22µF"; VariantName = "[No Variations]"
Added Component: Designator=C25_16(CAPC0603)
Add component (AddParameter): Name = "LatestRevisionDate"; Value = "17-Jul-2002"; VariantName = "[No Variations]"
Add component (AddParameter): Name = "LatestRevisionNote"; Value = "Re-released for DXP Platform."; VariantName = "[No Variations]"
Add component (AddParameter): Name = "PackageReference"; Value = "C0805"; VariantName = "[No Variations]"
Add component (AddParameter): Name = "Published"; Value = "8-Jun-2000"; VariantName = "[No Variations]"
Add component (AddParameter): Name = "Publisher"; Value = "Altium Limited"; VariantName = "[No Variations]"
Add component (AddParameter): Name = "Value"; Value = "0.22µF"; VariantName = "[No Variations]"
Added Component: Designator=C26(CAPC0603)
Add component (AddParameter): Name = "LatestRevisionDate"; Value = "17-Jul-2002"; VariantName = "[No Variations]"
Add component (AddParameter): Name = "LatestRevisionNote"; Value = "Re-released for DXP Platform."; VariantName = "[No Variations]"
Add component (AddParameter): Name = "PackageReference"; Value = "C0805"; VariantName = "[No Variations]"
Add component (AddParameter): Name = "Published"; Value = "8-Jun-2000"; VariantName = "[No Variations]"
Add component (AddParameter): Name = "Publisher"; Value = "Altium Limited"; VariantName = "[No Variations]"
Add component (AddParameter): Name = "Value"; Value = "100nF"; VariantName = "[No Variations]"
Added Component: Designator=C27(cap1206)
Add component (AddParameter): Name = "LatestRevisionDate"; Value = "17-Jul-2002"; VariantName = "[No Variations]"
Add component (AddParameter): Name = "LatestRevisionNote"; Value = "Re-released for DXP Platform."; VariantName = "[No Variations]"
Add component (AddParameter): Name = "PackageReference"; Value = "C0805"; VariantName = "[No Variations]"
Add component (AddParameter): Name = "Published"; Value = "8-Jun-2000"; VariantName = "[No Variations]"
Add component (AddParameter): Name = "Publisher"; Value = "Altium Limited"; VariantName = "[No Variations]"
Add component (AddParameter): Name = "Value"; Value = "2.2uF"; VariantName = "[No Variations]"
Added Component: Designator=C28(CAP0603)
Add component (AddParameter): Name = "LatestRevisionDate"; Value = "29-May-2009"; VariantName = "[No Variations]"
Add component (AddParameter): Name = "LatestRevisionNote"; Value = "IPC-7351 Footprint Added."; VariantName = "[No Variations]"
Add component (AddParameter): Name = "PackageDescription"; Value = "Chip Capacitor"; VariantName = "[No Variations]"
Add component (AddParameter): Name = "PackageReference"; Value = "C1206"; VariantName = "[No Variations]"
Add component (AddParameter): Name = "Published"; Value = "8-Jun-2000"; VariantName = "[No Variations]"
Add component (AddParameter): Name = "Publisher"; Value = "Altium Limited"; VariantName = "[No Variations]"
Add component (AddParameter): Name = "Value"; Value = "1nF"; VariantName = "[No Variations]"
Added Component: Designator=C29(CAPC0603)
Add component (AddParameter): Name = "LatestRevisionDate"; Value = "17-Jul-2002"; VariantName = "[No Variations]"
Add component (AddParameter): Name = "LatestRevisionNote"; Value = "Re-released for DXP Platform."; VariantName = "[No Variations]"
Add component (AddParameter): Name = "PackageReference"; Value = "C0805"; VariantName = "[No Variations]"
Add component (AddParameter): Name = "Published"; Value = "8-Jun-2000"; VariantName = "[No Variations]"
Add component (AddParameter): Name = "Publisher"; Value = "Altium Limited"; VariantName = "[No Variations]"
Add component (AddParameter): Name = "Value"; Value = "100nF"; VariantName = "[No Variations]"
Added Component: Designator=C30(CAPC0603)
Add component (AddParameter): Name = "LatestRevisionDate"; Value = "17-Jul-2002"; VariantName = "[No Variations]"
Add component (AddParameter): Name = "LatestRevisionNote"; Value = "Re-released for DXP Platform."; VariantName = "[No Variations]"
Add component (AddParameter): Name = "PackageReference"; Value = "C0805"; VariantName = "[No Variations]"
Add component (AddParameter): Name = "Published"; Value = "8-Jun-2000"; VariantName = "[No Variations]"
Add component (AddParameter): Name = "Publisher"; Value = "Altium Limited"; VariantName = "[No Variations]"
Add component (AddParameter): Name = "Value"; Value = "100nF"; VariantName = "[No Variations]"
Added Component: Designator=C31(CAPC0603)
Add component (AddParameter): Name = "LatestRevisionDate"; Value = "17-Jul-2002"; VariantName = "[No Variations]"
Add component (AddParameter): Name = "LatestRevisionNote"; Value = "Re-released for DXP Platform."; VariantName = "[No Variations]"
Add component (AddParameter): Name = "PackageReference"; Value = "C0805"; VariantName = "[No Variations]"
Add component (AddParameter): Name = "Published"; Value = "8-Jun-2000"; VariantName = "[No Variations]"
Add component (AddParameter): Name = "Publisher"; Value = "Altium Limited"; VariantName = "[No Variations]"
Add component (AddParameter): Name = "Value"; Value = "100nF"; VariantName = "[No Variations]"
Added Component: Designator=C32(CAPC0603)
Add component (AddParameter): Name = "LatestRevisionDate"; Value = "17-Jul-2002"; VariantName = "[No Variations]"
Add component (AddParameter): Name = "LatestRevisionNote"; Value = "Re-released for DXP Platform."; VariantName = "[No Variations]"
Add component (AddParameter): Name = "PackageReference"; Value = "C0805"; VariantName = "[No Variations]"
Add component (AddParameter): Name = "Published"; Value = "8-Jun-2000"; VariantName = "[No Variations]"
Add component (AddParameter): Name = "Publisher"; Value = "Altium Limited"; VariantName = "[No Variations]"
Add component (AddParameter): Name = "Value"; Value = "100nF"; VariantName = "[No Variations]"
Added Component: Designator=CNT(HEADER1*2)
Added Component: Designator=D1(SS36)
Added Component: Designator=D2(SS36)
Added Component: Designator=D3(ZENER)
Add component (AddParameter): Name = "AEC Category"; Value = "Q101"; VariantName = "[No Variations]"
Add component (AddParameter): Name = "AEC Qualified"; Value = "?"; VariantName = "[No Variations]"
Add component (AddParameter): Name = "Alternate Manufacturer"; Value = ""; VariantName = "[No Variations]"
Add component (AddParameter): Name = "Alternate PartNumber"; Value = ""; VariantName = "[No Variations]"
Add component (AddParameter): Name = "ComponentLink1Description"; Value = "Datasheet link"; VariantName = "[No Variations]"
Add component (AddParameter): Name = "ComponentLink1URL"; Value = "http://www.onsemi.com/pub_link/Collateral/MMSZ4678T1-D.PDF"; VariantName = "[No Variations]"
Add component (AddParameter): Name = "CompType"; Value = "Zener"; VariantName = "[No Variations]"
Add component (AddParameter): Name = "Green_EU RoHS"; Value = ""; VariantName = "[No Variations]"
Add component (AddParameter): Name = "Green_EU RoHS-2"; Value = ""; VariantName = "[No Variations]"
Add component (AddParameter): Name = "Green_Lifecycle"; Value = ""; VariantName = "[No Variations]"
Add component (AddParameter): Name = "Green_REACh"; Value = ""; VariantName = "[No Variations]"
Add component (AddParameter): Name = "Manufacturer"; Value = "ON Semiconductor"; VariantName = "[No Variations]"
Add component (AddParameter): Name = "MountType"; Value = "SMT"; VariantName = "[No Variations]"
Add component (AddParameter): Name = "PackageReference"; Value = "SOD-123"; VariantName = "[No Variations]"
Add component (AddParameter): Name = "PartNumber"; Value = "MMSZ4697T1G"; VariantName = "[No Variations]"
Add component (AddParameter): Name = "Power_W"; Value = "500mW"; VariantName = "[No Variations]"
Add component (AddParameter): Name = "RJA_CperW"; Value = "340"; VariantName = "[No Variations]"
Add component (AddParameter): Name = "RoHS"; Value = "Y"; VariantName = "[No Variations]"
Add component (AddParameter): Name = "SizeArea_mm2"; Value = "6.545"; VariantName = "[No Variations]"
Add component (AddParameter): Name = "SizeAreaWB_mm2"; Value = "13.095"; VariantName = "[No Variations]"
Add component (AddParameter): Name = "SizeX_mm"; Value = "3.85"; VariantName = "[No Variations]"
Add component (AddParameter): Name = "SizeY_mm"; Value = "1.7"; VariantName = "[No Variations]"
Add component (AddParameter): Name = "SizeZ_mm"; Value = "1.35"; VariantName = "[No Variations]"
Add component (AddParameter): Name = "Value"; Value = "4.7V"; VariantName = "[No Variations]"
Add component (AddParameter): Name = "Value1"; Value = "0.5W"; VariantName = "[No Variations]"
Add component (AddParameter): Name = "Vz_V"; Value = "10V"; VariantName = "[No Variations]"
Added Component: Designator=D4(NPN)
Added Component: Designator=D5(SMA)
Add component (AddParameter): Name = "Code_JEDEC"; Value = "DO-214-AA"; VariantName = "[No Variations]"
Add component (AddParameter): Name = "LatestRevisionDate"; Value = "17-Jul-2002"; VariantName = "[No Variations]"
Add component (AddParameter): Name = "LatestRevisionNote"; Value = "Re-released for DXP Platform."; VariantName = "[No Variations]"
Add component (AddParameter): Name = "PackageReference"; Value = "SMB"; VariantName = "[No Variations]"
Add component (AddParameter): Name = "Published"; Value = "8-Jun-2000"; VariantName = "[No Variations]"
Add component (AddParameter): Name = "Publisher"; Value = "Altium Limited"; VariantName = "[No Variations]"
Added Component: Designator=D6_1(SMA)
Add component (AddParameter): Name = "Code_JEDEC"; Value = "DO-214-AA"; VariantName = "[No Variations]"
Add component (AddParameter): Name = "LatestRevisionDate"; Value = "17-Jul-2002"; VariantName = "[No Variations]"
Add component (AddParameter): Name = "LatestRevisionNote"; Value = "Re-released for DXP Platform."; VariantName = "[No Variations]"
Add component (AddParameter): Name = "PackageReference"; Value = "SMB"; VariantName = "[No Variations]"
Add component (AddParameter): Name = "Published"; Value = "8-Jun-2000"; VariantName = "[No Variations]"
Add component (AddParameter): Name = "Publisher"; Value = "Altium Limited"; VariantName = "[No Variations]"
Added Component: Designator=D6_2(SMA)
Add component (AddParameter): Name = "Code_JEDEC"; Value = "DO-214-AA"; VariantName = "[No Variations]"
Add component (AddParameter): Name = "LatestRevisionDate"; Value = "17-Jul-2002"; VariantName = "[No Variations]"
Add component (AddParameter): Name = "LatestRevisionNote"; Value = "Re-released for DXP Platform."; VariantName = "[No Variations]"
Add component (AddParameter): Name = "PackageReference"; Value = "SMB"; VariantName = "[No Variations]"
Add component (AddParameter): Name = "Published"; Value = "8-Jun-2000"; VariantName = "[No Variations]"
Add component (AddParameter): Name = "Publisher"; Value = "Altium Limited"; VariantName = "[No Variations]"
Added Component: Designator=FN1_1(HEADER1*2)
Added Component: Designator=FN1_2(HEADER1*2)
Added Component: Designator=H?(miniATX 2 × 7)
Added Component: Designator=J1(HDR2X16)
Added Component: Designator=J2(TBG_8)
Add component (AddParameter): Name = "ASSEMBLY"; Value = ""; VariantName = "[No Variations]"
Add component (AddParameter): Name = "DESC"; Value = ""; VariantName = "[No Variations]"
Add component (AddParameter): Name = "DIST#"; Value = ""; VariantName = "[No Variations]"
Add component (AddParameter): Name = "MANF"; Value = ""; VariantName = "[No Variations]"
Add component (AddParameter): Name = "MANF_P#"; Value = ""; VariantName = "[No Variations]"
Add component (AddParameter): Name = "PARAM"; Value = ""; VariantName = "[No Variations]"
Add component (AddParameter): Name = "PARAM2"; Value = ""; VariantName = "[No Variations]"
Add component (AddParameter): Name = "PRICE"; Value = ""; VariantName = "[No Variations]"
Add component (AddParameter): Name = "VALUE"; Value = "CONN_TB8"; VariantName = "[No Variations]"
Added Component: Designator=J3(TBG_8)
Add component (AddParameter): Name = "ASSEMBLY"; Value = ""; VariantName = "[No Variations]"
Add component (AddParameter): Name = "DESC"; Value = ""; VariantName = "[No Variations]"
Add component (AddParameter): Name = "DIST#"; Value = ""; VariantName = "[No Variations]"
Add component (AddParameter): Name = "MANF"; Value = ""; VariantName = "[No Variations]"
Add component (AddParameter): Name = "MANF_P#"; Value = ""; VariantName = "[No Variations]"
Add component (AddParameter): Name = "PARAM"; Value = ""; VariantName = "[No Variations]"
Add component (AddParameter): Name = "PARAM2"; Value = ""; VariantName = "[No Variations]"
Add component (AddParameter): Name = "PRICE"; Value = ""; VariantName = "[No Variations]"
Add component (AddParameter): Name = "VALUE"; Value = "CONN_TB8"; VariantName = "[No Variations]"
Added Component: Designator=J4(terminal block - 2828372)
Add component (AddParameter): Name = "ASSEMBLY"; Value = ""; VariantName = "[No Variations]"
Add component (AddParameter): Name = "DESC"; Value = ""; VariantName = "[No Variations]"
Add component (AddParameter): Name = "DIST#"; Value = ""; VariantName = "[No Variations]"
Add component (AddParameter): Name = "MANF"; Value = ""; VariantName = "[No Variations]"
Add component (AddParameter): Name = "MANF_P#"; Value = ""; VariantName = "[No Variations]"
Add component (AddParameter): Name = "PARAM"; Value = ""; VariantName = "[No Variations]"
Add component (AddParameter): Name = "PARAM2"; Value = ""; VariantName = "[No Variations]"
Add component (AddParameter): Name = "PRICE"; Value = ""; VariantName = "[No Variations]"
Add component (AddParameter): Name = "VALUE"; Value = "CONN_TB8"; VariantName = "[No Variations]"
Added Component: Designator=L1(RES1206)
Add component (AddParameter): Name = "Code_IEC"; Value = "1005"; VariantName = "[No Variations]"
Add component (AddParameter): Name = "Code_JEITA"; Value = "0402"; VariantName = "[No Variations]"
Add component (AddParameter): Name = "LatestRevisionDate"; Value = "17-Jul-2002"; VariantName = "[No Variations]"
Add component (AddParameter): Name = "LatestRevisionNote"; Value = "Re-released for DXP Platform."; VariantName = "[No Variations]"
Add component (AddParameter): Name = "PackageReference"; Value = "0402-A"; VariantName = "[No Variations]"
Add component (AddParameter): Name = "Published"; Value = "8-Jun-2000"; VariantName = "[No Variations]"
Add component (AddParameter): Name = "Publisher"; Value = "Altium Limited"; VariantName = "[No Variations]"
Add component (AddParameter): Name = "Value"; Value = "68uH"; VariantName = "[No Variations]"
Added Component: Designator=L?(FP-ACT1210L-MFG)
Add component (AddParameter): Name = "Automotive"; Value = "Yes"; VariantName = "[No Variations]"
Add component (AddParameter): Name = "Automotive Grade"; Value = "Grade 1"; VariantName = "[No Variations]"
Add component (AddParameter): Name = "Category"; Value = "Ind"; VariantName = "[No Variations]"
Add component (AddParameter): Name = "ComponentLink2Description"; Value = "Datasheet"; VariantName = "[No Variations]"
Add component (AddParameter): Name = "ComponentLink2URL"; Value = "https://product.tdk.com/info/en/catalog/datasheets/cmf_automotive_signal_act1210l-201_en.pdf"; VariantName = "[No Variations]"
Add component (AddParameter): Name = "Composition"; Value = "Wirewound"; VariantName = "[No Variations]"
Add component (AddParameter): Name = "Device Class L1"; Value = "Passive Components"; VariantName = "[No Variations]"
Add component (AddParameter): Name = "Device Class L2"; Value = "EMI / RFI Components"; VariantName = "[No Variations]"
Add component (AddParameter): Name = "Device Class L3"; Value = "Common Mode Chokes"; VariantName = "[No Variations]"
Add component (AddParameter): Name = "Digikey Description"; Value = "CMC 200UH 70MA 2LN SMD"; VariantName = "[No Variations]"
Add component (AddParameter): Name = "Height"; Value = "2.5mm"; VariantName = "[No Variations]"
Add component (AddParameter): Name = "Impedance At Frequency"; Value = "9.5k? @ 10MHz"; VariantName = "[No Variations]"
Add component (AddParameter): Name = "Inductance"; Value = "200uH"; VariantName = "[No Variations]"
Add component (AddParameter): Name = "Lead Free"; Value = "Yes"; VariantName = "[No Variations]"
Add component (AddParameter): Name = "Manufacturer"; Value = "TDK"; VariantName = "[No Variations]"
Add component (AddParameter): Name = "Manufacturer Part Number"; Value = "ACT1210L-201-2P-TL00"; VariantName = "[No Variations]"
Add component (AddParameter): Name = "Mouser Description"; Value = "Ind Common Mode Choke 200uH 9.5KOhm 70mA 5.5Ohm -10% to 30% Wirewound 4-Pin 1210"; VariantName = "[No Variations]"
Add component (AddParameter): Name = "Octopart"; Value = "https://octopart.com/act1210l-201-2p-tl00-tdk-81014617"; VariantName = "[No Variations]"
Add component (AddParameter): Name = "Package"; Value = "ACT1210L"; VariantName = "[No Variations]"
Add component (AddParameter): Name = "Rms Current"; Value = "70mA"; VariantName = "[No Variations]"
Add component (AddParameter): Name = "RoHS"; Value = "TRUE"; VariantName = "[No Variations]"
Add component (AddParameter): Name = "Series Resistance"; Value = "5.5?"; VariantName = "[No Variations]"
Add component (AddParameter): Name = "Temperature"; Value = "-40°C to +125°C"; VariantName = "[No Variations]"
Add component (AddParameter): Name = "Temperature Range High"; Value = "+125°C"; VariantName = "[No Variations]"
Add component (AddParameter): Name = "Temperature Range Low"; Value = "-40°C"; VariantName = "[No Variations]"
Add component (AddParameter): Name = "Test Frequency"; Value = "100kHz"; VariantName = "[No Variations]"
Add component (AddParameter): Name = "Tolerance"; Value = "-10/30%"; VariantName = "[No Variations]"
Add component (AddParameter): Name = "Value"; Value = "200uH"; VariantName = "[No Variations]"
Added Component: Designator=LED1(LED)
Add component (AddParameter): Name = "Adding Date"; Value = "1387/12/22"; VariantName = "[No Variations]"
Add component (AddParameter): Name = "Color"; Value = "Red"; VariantName = "[No Variations]"
Add component (AddParameter): Name = "Designer"; Value = "Saeid Jorablo"; VariantName = "[No Variations]"
Add component (AddParameter): Name = "Organazation"; Value = "ControTec"; VariantName = "[No Variations]"
Add component (AddParameter): Name = "Size"; Value = "SMD 0603"; VariantName = "[No Variations]"
Added Component: Designator=LED2(LED)
Add component (AddParameter): Name = "Adding Date"; Value = "1387/12/22"; VariantName = "[No Variations]"
Add component (AddParameter): Name = "Color"; Value = "Red"; VariantName = "[No Variations]"
Add component (AddParameter): Name = "Designer"; Value = "Saeid Jorablo"; VariantName = "[No Variations]"
Add component (AddParameter): Name = "Organazation"; Value = "ControTec"; VariantName = "[No Variations]"
Add component (AddParameter): Name = "Size"; Value = "SMD 0603"; VariantName = "[No Variations]"
Added Component: Designator=LED3(LED)
Add component (AddParameter): Name = "Adding Date"; Value = "1387/12/22"; VariantName = "[No Variations]"
Add component (AddParameter): Name = "Color"; Value = "Red"; VariantName = "[No Variations]"
Add component (AddParameter): Name = "Designer"; Value = "Saeid Jorablo"; VariantName = "[No Variations]"
Add component (AddParameter): Name = "Organazation"; Value = "ControTec"; VariantName = "[No Variations]"
Add component (AddParameter): Name = "Size"; Value = "SMD 0603"; VariantName = "[No Variations]"
Added Component: Designator=LED4(LED)
Add component (AddParameter): Name = "Adding Date"; Value = "1387/12/22"; VariantName = "[No Variations]"
Add component (AddParameter): Name = "Color"; Value = "Red"; VariantName = "[No Variations]"
Add component (AddParameter): Name = "Designer"; Value = "Saeid Jorablo"; VariantName = "[No Variations]"
Add component (AddParameter): Name = "Organazation"; Value = "ControTec"; VariantName = "[No Variations]"
Add component (AddParameter): Name = "Size"; Value = "SMD 0603"; VariantName = "[No Variations]"
Added Component: Designator=LED5(led)
Add component (AddParameter): Name = "Adding Date"; Value = "1387/12/22"; VariantName = "[No Variations]"
Add component (AddParameter): Name = "Color"; Value = "Red"; VariantName = "[No Variations]"
Add component (AddParameter): Name = "Designer"; Value = "Saeid Jorablo"; VariantName = "[No Variations]"
Add component (AddParameter): Name = "Organazation"; Value = "ControTec"; VariantName = "[No Variations]"
Add component (AddParameter): Name = "Size"; Value = "SMD 0603"; VariantName = "[No Variations]"
Added Component: Designator=LED6(led)
Add component (AddParameter): Name = "Adding Date"; Value = "1387/12/22"; VariantName = "[No Variations]"
Add component (AddParameter): Name = "Color"; Value = "Red"; VariantName = "[No Variations]"
Add component (AddParameter): Name = "Designer"; Value = "Saeid Jorablo"; VariantName = "[No Variations]"
Add component (AddParameter): Name = "Organazation"; Value = "ControTec"; VariantName = "[No Variations]"
Add component (AddParameter): Name = "Size"; Value = "SMD 0603"; VariantName = "[No Variations]"
Added Component: Designator=NT1(Net-Tie_10milWide_30milLong)
Add component (AddParameter): Name = "Alternate Manufacturer"; Value = ""; VariantName = "[No Variations]"
Add component (AddParameter): Name = "Alternate PartNumber"; Value = ""; VariantName = "[No Variations]"
Add component (AddParameter): Name = "ClassName"; Value = ""; VariantName = "[No Variations]"
Add component (AddParameter): Name = "ComponentLink1Description"; Value = ""; VariantName = "[No Variations]"
Add component (AddParameter): Name = "ComponentLink1URL"; Value = ""; VariantName = "[No Variations]"
Add component (AddParameter): Name = "CompType"; Value = "Net-Tie"; VariantName = "[No Variations]"
Add component (AddParameter): Name = "Green_EU RoHS"; Value = ""; VariantName = "[No Variations]"
Add component (AddParameter): Name = "Green_EU RoHS-2"; Value = ""; VariantName = "[No Variations]"
Add component (AddParameter): Name = "Green_Lifecycle"; Value = ""; VariantName = "[No Variations]"
Add component (AddParameter): Name = "Green_REACh"; Value = ""; VariantName = "[No Variations]"
Add component (AddParameter): Name = "Manufacturer"; Value = "N/A"; VariantName = "[No Variations]"
Add component (AddParameter): Name = "MountType"; Value = "SMT"; VariantName = "[No Variations]"
Add component (AddParameter): Name = "Note"; Value = ""; VariantName = "[No Variations]"
Add component (AddParameter): Name = "PackageReference"; Value = "N/A"; VariantName = "[No Variations]"
Add component (AddParameter): Name = "PartNumber"; Value = "N/A"; VariantName = "[No Variations]"
Add component (AddParameter): Name = "RoHS"; Value = ""; VariantName = "[No Variations]"
Add component (AddParameter): Name = "Supplier 1"; Value = ""; VariantName = "[No Variations]"
Add component (AddParameter): Name = "Supplier 2"; Value = ""; VariantName = "[No Variations]"
Add component (AddParameter): Name = "Supplier 3"; Value = ""; VariantName = "[No Variations]"
Add component (AddParameter): Name = "Supplier Part Number 1"; Value = ""; VariantName = "[No Variations]"
Add component (AddParameter): Name = "Supplier Part Number 2"; Value = ""; VariantName = "[No Variations]"
Add component (AddParameter): Name = "Supplier Part Number 3"; Value = ""; VariantName = "[No Variations]"
Add component (AddParameter): Name = "Value"; Value = ""; VariantName = "[No Variations]"
Added Component: Designator=PB1(SWITCH-PB4)
Added Component: Designator=Q1(dpak)
Add component (AddParameter): Name = "Transistor"; Value = "MJE13005"; VariantName = "[No Variations]"
Added Component: Designator=Q2_1(dpak)
Add component (AddParameter): Name = "AEC Category"; Value = "Q101"; VariantName = "[No Variations]"
Add component (AddParameter): Name = "AEC Qualified"; Value = "?"; VariantName = "[No Variations]"
Add component (AddParameter): Name = "Alternate Manufacturer"; Value = ""; VariantName = "[No Variations]"
Add component (AddParameter): Name = "Alternate PartNumber"; Value = ""; VariantName = "[No Variations]"
Add component (AddParameter): Name = "ComponentLink1Description"; Value = "Datasheet link"; VariantName = "[No Variations]"
Add component (AddParameter): Name = "ComponentLink1URL"; Value = "http://www.nexperia.com/documents/data_sheet/BSR13_BSR14.pdf"; VariantName = "[No Variations]"
Add component (AddParameter): Name = "CompType"; Value = "BJT"; VariantName = "[No Variations]"
Add component (AddParameter): Name = "Green_EU RoHS"; Value = ""; VariantName = "[No Variations]"
Add component (AddParameter): Name = "Green_EU RoHS-2"; Value = ""; VariantName = "[No Variations]"
Add component (AddParameter): Name = "Green_Lifecycle"; Value = ""; VariantName = "[No Variations]"
Add component (AddParameter): Name = "Green_REACh"; Value = ""; VariantName = "[No Variations]"
Add component (AddParameter): Name = "HfeMax"; Value = "300"; VariantName = "[No Variations]"
Add component (AddParameter): Name = "IcRated_A"; Value = "0.8"; VariantName = "[No Variations]"
Add component (AddParameter): Name = "LatestRevisionDate"; Value = "2017-06-09"; VariantName = "[No Variations]"
Add component (AddParameter): Name = "Manufacturer"; Value = "Nexperia"; VariantName = "[No Variations]"
Add component (AddParameter): Name = "MountType"; Value = "SMT"; VariantName = "[No Variations]"
Add component (AddParameter): Name = "NPN"; Value = "1"; VariantName = "[No Variations]"
Add component (AddParameter): Name = "PackageReference"; Value = "SOT-23"; VariantName = "[No Variations]"
Add component (AddParameter): Name = "PartNumber"; Value = "BSR14"; VariantName = "[No Variations]"
Add component (AddParameter): Name = "PNP"; Value = "0"; VariantName = "[No Variations]"
Add component (AddParameter): Name = "Published"; Value = "2008-07-31"; VariantName = "[No Variations]"
Add component (AddParameter): Name = "Publisher"; Value = "Texas Instruments"; VariantName = "[No Variations]"
Add component (AddParameter): Name = "RoHS"; Value = "Y"; VariantName = "[No Variations]"
Add component (AddParameter): Name = "SizeArea_mm2"; Value = "7.5"; VariantName = "[No Variations]"
Add component (AddParameter): Name = "SizeAreaWB_mm2"; Value = "14"; VariantName = "[No Variations]"
Add component (AddParameter): Name = "SizeX_mm"; Value = "2.5"; VariantName = "[No Variations]"
Add component (AddParameter): Name = "SizeY_mm"; Value = "3"; VariantName = "[No Variations]"
Add component (AddParameter): Name = "SizeZ_mm"; Value = "1.1"; VariantName = "[No Variations]"
Add component (AddParameter): Name = "Supplier 1"; Value = "Digi-Key"; VariantName = "[No Variations]"
Add component (AddParameter): Name = "Supplier 2"; Value = ""; VariantName = "[No Variations]"
Add component (AddParameter): Name = "Supplier 3"; Value = ""; VariantName = "[No Variations]"
Add component (AddParameter): Name = "Supplier Part Number 1"; Value = "568-6225-1-ND"; VariantName = "[No Variations]"
Add component (AddParameter): Name = "Supplier Part Number 2"; Value = ""; VariantName = "[No Variations]"
Add component (AddParameter): Name = "Supplier Part Number 3"; Value = ""; VariantName = "[No Variations]"
Add component (AddParameter): Name = "SymbolVersion"; Value = "2008-07-31"; VariantName = "[No Variations]"
Add component (AddParameter): Name = "TaMax_C"; Value = "150"; VariantName = "[No Variations]"
Add component (AddParameter): Name = "TaMin_C"; Value = "-65"; VariantName = "[No Variations]"
Add component (AddParameter): Name = "U/M"; Value = "EA"; VariantName = "[No Variations]"
Add component (AddParameter): Name = "Value"; Value = "40 V"; VariantName = "[No Variations]"
Add component (AddParameter): Name = "Value1"; Value = "0.8 A"; VariantName = "[No Variations]"
Add component (AddParameter): Name = "Value2"; Value = "300"; VariantName = "[No Variations]"
Add component (AddParameter): Name = "Vceo_V"; Value = "40"; VariantName = "[No Variations]"
Add component (AddParameter): Name = "Vcesat1_V"; Value = "0.3"; VariantName = "[No Variations]"
Added Component: Designator=Q2_2(dpak)
Add component (AddParameter): Name = "AEC Category"; Value = "Q101"; VariantName = "[No Variations]"
Add component (AddParameter): Name = "AEC Qualified"; Value = "?"; VariantName = "[No Variations]"
Add component (AddParameter): Name = "Alternate Manufacturer"; Value = ""; VariantName = "[No Variations]"
Add component (AddParameter): Name = "Alternate PartNumber"; Value = ""; VariantName = "[No Variations]"
Add component (AddParameter): Name = "ComponentLink1Description"; Value = "Datasheet link"; VariantName = "[No Variations]"
Add component (AddParameter): Name = "ComponentLink1URL"; Value = "http://www.nexperia.com/documents/data_sheet/BSR13_BSR14.pdf"; VariantName = "[No Variations]"
Add component (AddParameter): Name = "CompType"; Value = "BJT"; VariantName = "[No Variations]"
Add component (AddParameter): Name = "Green_EU RoHS"; Value = ""; VariantName = "[No Variations]"
Add component (AddParameter): Name = "Green_EU RoHS-2"; Value = ""; VariantName = "[No Variations]"
Add component (AddParameter): Name = "Green_Lifecycle"; Value = ""; VariantName = "[No Variations]"
Add component (AddParameter): Name = "Green_REACh"; Value = ""; VariantName = "[No Variations]"
Add component (AddParameter): Name = "HfeMax"; Value = "300"; VariantName = "[No Variations]"
Add component (AddParameter): Name = "IcRated_A"; Value = "0.8"; VariantName = "[No Variations]"
Add component (AddParameter): Name = "LatestRevisionDate"; Value = "2017-06-09"; VariantName = "[No Variations]"
Add component (AddParameter): Name = "Manufacturer"; Value = "Nexperia"; VariantName = "[No Variations]"
Add component (AddParameter): Name = "MountType"; Value = "SMT"; VariantName = "[No Variations]"
Add component (AddParameter): Name = "NPN"; Value = "1"; VariantName = "[No Variations]"
Add component (AddParameter): Name = "PackageReference"; Value = "SOT-23"; VariantName = "[No Variations]"
Add component (AddParameter): Name = "PartNumber"; Value = "BSR14"; VariantName = "[No Variations]"
Add component (AddParameter): Name = "PNP"; Value = "0"; VariantName = "[No Variations]"
Add component (AddParameter): Name = "Published"; Value = "2008-07-31"; VariantName = "[No Variations]"
Add component (AddParameter): Name = "Publisher"; Value = "Texas Instruments"; VariantName = "[No Variations]"
Add component (AddParameter): Name = "RoHS"; Value = "Y"; VariantName = "[No Variations]"
Add component (AddParameter): Name = "SizeArea_mm2"; Value = "7.5"; VariantName = "[No Variations]"
Add component (AddParameter): Name = "SizeAreaWB_mm2"; Value = "14"; VariantName = "[No Variations]"
Add component (AddParameter): Name = "SizeX_mm"; Value = "2.5"; VariantName = "[No Variations]"
Add component (AddParameter): Name = "SizeY_mm"; Value = "3"; VariantName = "[No Variations]"
Add component (AddParameter): Name = "SizeZ_mm"; Value = "1.1"; VariantName = "[No Variations]"
Add component (AddParameter): Name = "Supplier 1"; Value = "Digi-Key"; VariantName = "[No Variations]"
Add component (AddParameter): Name = "Supplier 2"; Value = ""; VariantName = "[No Variations]"
Add component (AddParameter): Name = "Supplier 3"; Value = ""; VariantName = "[No Variations]"
Add component (AddParameter): Name = "Supplier Part Number 1"; Value = "568-6225-1-ND"; VariantName = "[No Variations]"
Add component (AddParameter): Name = "Supplier Part Number 2"; Value = ""; VariantName = "[No Variations]"
Add component (AddParameter): Name = "Supplier Part Number 3"; Value = ""; VariantName = "[No Variations]"
Add component (AddParameter): Name = "SymbolVersion"; Value = "2008-07-31"; VariantName = "[No Variations]"
Add component (AddParameter): Name = "TaMax_C"; Value = "150"; VariantName = "[No Variations]"
Add component (AddParameter): Name = "TaMin_C"; Value = "-65"; VariantName = "[No Variations]"
Add component (AddParameter): Name = "U/M"; Value = "EA"; VariantName = "[No Variations]"
Add component (AddParameter): Name = "Value"; Value = "40 V"; VariantName = "[No Variations]"
Add component (AddParameter): Name = "Value1"; Value = "0.8 A"; VariantName = "[No Variations]"
Add component (AddParameter): Name = "Value2"; Value = "300"; VariantName = "[No Variations]"
Add component (AddParameter): Name = "Vceo_V"; Value = "40"; VariantName = "[No Variations]"
Add component (AddParameter): Name = "Vcesat1_V"; Value = "0.3"; VariantName = "[No Variations]"
Added Component: Designator=Q2_3(dpak)
Add component (AddParameter): Name = "AEC Category"; Value = "Q101"; VariantName = "[No Variations]"
Add component (AddParameter): Name = "AEC Qualified"; Value = "?"; VariantName = "[No Variations]"
Add component (AddParameter): Name = "Alternate Manufacturer"; Value = ""; VariantName = "[No Variations]"
Add component (AddParameter): Name = "Alternate PartNumber"; Value = ""; VariantName = "[No Variations]"
Add component (AddParameter): Name = "ComponentLink1Description"; Value = "Datasheet link"; VariantName = "[No Variations]"
Add component (AddParameter): Name = "ComponentLink1URL"; Value = "http://www.nexperia.com/documents/data_sheet/BSR13_BSR14.pdf"; VariantName = "[No Variations]"
Add component (AddParameter): Name = "CompType"; Value = "BJT"; VariantName = "[No Variations]"
Add component (AddParameter): Name = "Green_EU RoHS"; Value = ""; VariantName = "[No Variations]"
Add component (AddParameter): Name = "Green_EU RoHS-2"; Value = ""; VariantName = "[No Variations]"
Add component (AddParameter): Name = "Green_Lifecycle"; Value = ""; VariantName = "[No Variations]"
Add component (AddParameter): Name = "Green_REACh"; Value = ""; VariantName = "[No Variations]"
Add component (AddParameter): Name = "HfeMax"; Value = "300"; VariantName = "[No Variations]"
Add component (AddParameter): Name = "IcRated_A"; Value = "0.8"; VariantName = "[No Variations]"
Add component (AddParameter): Name = "LatestRevisionDate"; Value = "2017-06-09"; VariantName = "[No Variations]"
Add component (AddParameter): Name = "Manufacturer"; Value = "Nexperia"; VariantName = "[No Variations]"
Add component (AddParameter): Name = "MountType"; Value = "SMT"; VariantName = "[No Variations]"
Add component (AddParameter): Name = "NPN"; Value = "1"; VariantName = "[No Variations]"
Add component (AddParameter): Name = "PackageReference"; Value = "SOT-23"; VariantName = "[No Variations]"
Add component (AddParameter): Name = "PartNumber"; Value = "BSR14"; VariantName = "[No Variations]"
Add component (AddParameter): Name = "PNP"; Value = "0"; VariantName = "[No Variations]"
Add component (AddParameter): Name = "Published"; Value = "2008-07-31"; VariantName = "[No Variations]"
Add component (AddParameter): Name = "Publisher"; Value = "Texas Instruments"; VariantName = "[No Variations]"
Add component (AddParameter): Name = "RoHS"; Value = "Y"; VariantName = "[No Variations]"
Add component (AddParameter): Name = "SizeArea_mm2"; Value = "7.5"; VariantName = "[No Variations]"
Add component (AddParameter): Name = "SizeAreaWB_mm2"; Value = "14"; VariantName = "[No Variations]"
Add component (AddParameter): Name = "SizeX_mm"; Value = "2.5"; VariantName = "[No Variations]"
Add component (AddParameter): Name = "SizeY_mm"; Value = "3"; VariantName = "[No Variations]"
Add component (AddParameter): Name = "SizeZ_mm"; Value = "1.1"; VariantName = "[No Variations]"
Add component (AddParameter): Name = "Supplier 1"; Value = "Digi-Key"; VariantName = "[No Variations]"
Add component (AddParameter): Name = "Supplier 2"; Value = ""; VariantName = "[No Variations]"
Add component (AddParameter): Name = "Supplier 3"; Value = ""; VariantName = "[No Variations]"
Add component (AddParameter): Name = "Supplier Part Number 1"; Value = "568-6225-1-ND"; VariantName = "[No Variations]"
Add component (AddParameter): Name = "Supplier Part Number 2"; Value = ""; VariantName = "[No Variations]"
Add component (AddParameter): Name = "Supplier Part Number 3"; Value = ""; VariantName = "[No Variations]"
Add component (AddParameter): Name = "SymbolVersion"; Value = "2008-07-31"; VariantName = "[No Variations]"
Add component (AddParameter): Name = "TaMax_C"; Value = "150"; VariantName = "[No Variations]"
Add component (AddParameter): Name = "TaMin_C"; Value = "-65"; VariantName = "[No Variations]"
Add component (AddParameter): Name = "U/M"; Value = "EA"; VariantName = "[No Variations]"
Add component (AddParameter): Name = "Value"; Value = "40 V"; VariantName = "[No Variations]"
Add component (AddParameter): Name = "Value1"; Value = "0.8 A"; VariantName = "[No Variations]"
Add component (AddParameter): Name = "Value2"; Value = "300"; VariantName = "[No Variations]"
Add component (AddParameter): Name = "Vceo_V"; Value = "40"; VariantName = "[No Variations]"
Add component (AddParameter): Name = "Vcesat1_V"; Value = "0.3"; VariantName = "[No Variations]"
Added Component: Designator=Q2_4(dpak)
Add component (AddParameter): Name = "AEC Category"; Value = "Q101"; VariantName = "[No Variations]"
Add component (AddParameter): Name = "AEC Qualified"; Value = "?"; VariantName = "[No Variations]"
Add component (AddParameter): Name = "Alternate Manufacturer"; Value = ""; VariantName = "[No Variations]"
Add component (AddParameter): Name = "Alternate PartNumber"; Value = ""; VariantName = "[No Variations]"
Add component (AddParameter): Name = "ComponentLink1Description"; Value = "Datasheet link"; VariantName = "[No Variations]"
Add component (AddParameter): Name = "ComponentLink1URL"; Value = "http://www.nexperia.com/documents/data_sheet/BSR13_BSR14.pdf"; VariantName = "[No Variations]"
Add component (AddParameter): Name = "CompType"; Value = "BJT"; VariantName = "[No Variations]"
Add component (AddParameter): Name = "Green_EU RoHS"; Value = ""; VariantName = "[No Variations]"
Add component (AddParameter): Name = "Green_EU RoHS-2"; Value = ""; VariantName = "[No Variations]"
Add component (AddParameter): Name = "Green_Lifecycle"; Value = ""; VariantName = "[No Variations]"
Add component (AddParameter): Name = "Green_REACh"; Value = ""; VariantName = "[No Variations]"
Add component (AddParameter): Name = "HfeMax"; Value = "300"; VariantName = "[No Variations]"
Add component (AddParameter): Name = "IcRated_A"; Value = "0.8"; VariantName = "[No Variations]"
Add component (AddParameter): Name = "LatestRevisionDate"; Value = "2017-06-09"; VariantName = "[No Variations]"
Add component (AddParameter): Name = "Manufacturer"; Value = "Nexperia"; VariantName = "[No Variations]"
Add component (AddParameter): Name = "MountType"; Value = "SMT"; VariantName = "[No Variations]"
Add component (AddParameter): Name = "NPN"; Value = "1"; VariantName = "[No Variations]"
Add component (AddParameter): Name = "PackageReference"; Value = "SOT-23"; VariantName = "[No Variations]"
Add component (AddParameter): Name = "PartNumber"; Value = "BSR14"; VariantName = "[No Variations]"
Add component (AddParameter): Name = "PNP"; Value = "0"; VariantName = "[No Variations]"
Add component (AddParameter): Name = "Published"; Value = "2008-07-31"; VariantName = "[No Variations]"
Add component (AddParameter): Name = "Publisher"; Value = "Texas Instruments"; VariantName = "[No Variations]"
Add component (AddParameter): Name = "RoHS"; Value = "Y"; VariantName = "[No Variations]"
Add component (AddParameter): Name = "SizeArea_mm2"; Value = "7.5"; VariantName = "[No Variations]"
Add component (AddParameter): Name = "SizeAreaWB_mm2"; Value = "14"; VariantName = "[No Variations]"
Add component (AddParameter): Name = "SizeX_mm"; Value = "2.5"; VariantName = "[No Variations]"
Add component (AddParameter): Name = "SizeY_mm"; Value = "3"; VariantName = "[No Variations]"
Add component (AddParameter): Name = "SizeZ_mm"; Value = "1.1"; VariantName = "[No Variations]"
Add component (AddParameter): Name = "Supplier 1"; Value = "Digi-Key"; VariantName = "[No Variations]"
Add component (AddParameter): Name = "Supplier 2"; Value = ""; VariantName = "[No Variations]"
Add component (AddParameter): Name = "Supplier 3"; Value = ""; VariantName = "[No Variations]"
Add component (AddParameter): Name = "Supplier Part Number 1"; Value = "568-6225-1-ND"; VariantName = "[No Variations]"
Add component (AddParameter): Name = "Supplier Part Number 2"; Value = ""; VariantName = "[No Variations]"
Add component (AddParameter): Name = "Supplier Part Number 3"; Value = ""; VariantName = "[No Variations]"
Add component (AddParameter): Name = "SymbolVersion"; Value = "2008-07-31"; VariantName = "[No Variations]"
Add component (AddParameter): Name = "TaMax_C"; Value = "150"; VariantName = "[No Variations]"
Add component (AddParameter): Name = "TaMin_C"; Value = "-65"; VariantName = "[No Variations]"
Add component (AddParameter): Name = "U/M"; Value = "EA"; VariantName = "[No Variations]"
Add component (AddParameter): Name = "Value"; Value = "40 V"; VariantName = "[No Variations]"
Add component (AddParameter): Name = "Value1"; Value = "0.8 A"; VariantName = "[No Variations]"
Add component (AddParameter): Name = "Value2"; Value = "300"; VariantName = "[No Variations]"
Add component (AddParameter): Name = "Vceo_V"; Value = "40"; VariantName = "[No Variations]"
Add component (AddParameter): Name = "Vcesat1_V"; Value = "0.3"; VariantName = "[No Variations]"
Added Component: Designator=Q2_5(dpak)
Add component (AddParameter): Name = "AEC Category"; Value = "Q101"; VariantName = "[No Variations]"
Add component (AddParameter): Name = "AEC Qualified"; Value = "?"; VariantName = "[No Variations]"
Add component (AddParameter): Name = "Alternate Manufacturer"; Value = ""; VariantName = "[No Variations]"
Add component (AddParameter): Name = "Alternate PartNumber"; Value = ""; VariantName = "[No Variations]"
Add component (AddParameter): Name = "ComponentLink1Description"; Value = "Datasheet link"; VariantName = "[No Variations]"
Add component (AddParameter): Name = "ComponentLink1URL"; Value = "http://www.nexperia.com/documents/data_sheet/BSR13_BSR14.pdf"; VariantName = "[No Variations]"
Add component (AddParameter): Name = "CompType"; Value = "BJT"; VariantName = "[No Variations]"
Add component (AddParameter): Name = "Green_EU RoHS"; Value = ""; VariantName = "[No Variations]"
Add component (AddParameter): Name = "Green_EU RoHS-2"; Value = ""; VariantName = "[No Variations]"
Add component (AddParameter): Name = "Green_Lifecycle"; Value = ""; VariantName = "[No Variations]"
Add component (AddParameter): Name = "Green_REACh"; Value = ""; VariantName = "[No Variations]"
Add component (AddParameter): Name = "HfeMax"; Value = "300"; VariantName = "[No Variations]"
Add component (AddParameter): Name = "IcRated_A"; Value = "0.8"; VariantName = "[No Variations]"
Add component (AddParameter): Name = "LatestRevisionDate"; Value = "2017-06-09"; VariantName = "[No Variations]"
Add component (AddParameter): Name = "Manufacturer"; Value = "Nexperia"; VariantName = "[No Variations]"
Add component (AddParameter): Name = "MountType"; Value = "SMT"; VariantName = "[No Variations]"
Add component (AddParameter): Name = "NPN"; Value = "1"; VariantName = "[No Variations]"
Add component (AddParameter): Name = "PackageReference"; Value = "SOT-23"; VariantName = "[No Variations]"
Add component (AddParameter): Name = "PartNumber"; Value = "BSR14"; VariantName = "[No Variations]"
Add component (AddParameter): Name = "PNP"; Value = "0"; VariantName = "[No Variations]"
Add component (AddParameter): Name = "Published"; Value = "2008-07-31"; VariantName = "[No Variations]"
Add component (AddParameter): Name = "Publisher"; Value = "Texas Instruments"; VariantName = "[No Variations]"
Add component (AddParameter): Name = "RoHS"; Value = "Y"; VariantName = "[No Variations]"
Add component (AddParameter): Name = "SizeArea_mm2"; Value = "7.5"; VariantName = "[No Variations]"
Add component (AddParameter): Name = "SizeAreaWB_mm2"; Value = "14"; VariantName = "[No Variations]"
Add component (AddParameter): Name = "SizeX_mm"; Value = "2.5"; VariantName = "[No Variations]"
Add component (AddParameter): Name = "SizeY_mm"; Value = "3"; VariantName = "[No Variations]"
Add component (AddParameter): Name = "SizeZ_mm"; Value = "1.1"; VariantName = "[No Variations]"
Add component (AddParameter): Name = "Supplier 1"; Value = "Digi-Key"; VariantName = "[No Variations]"
Add component (AddParameter): Name = "Supplier 2"; Value = ""; VariantName = "[No Variations]"
Add component (AddParameter): Name = "Supplier 3"; Value = ""; VariantName = "[No Variations]"
Add component (AddParameter): Name = "Supplier Part Number 1"; Value = "568-6225-1-ND"; VariantName = "[No Variations]"
Add component (AddParameter): Name = "Supplier Part Number 2"; Value = ""; VariantName = "[No Variations]"
Add component (AddParameter): Name = "Supplier Part Number 3"; Value = ""; VariantName = "[No Variations]"
Add component (AddParameter): Name = "SymbolVersion"; Value = "2008-07-31"; VariantName = "[No Variations]"
Add component (AddParameter): Name = "TaMax_C"; Value = "150"; VariantName = "[No Variations]"
Add component (AddParameter): Name = "TaMin_C"; Value = "-65"; VariantName = "[No Variations]"
Add component (AddParameter): Name = "U/M"; Value = "EA"; VariantName = "[No Variations]"
Add component (AddParameter): Name = "Value"; Value = "40 V"; VariantName = "[No Variations]"
Add component (AddParameter): Name = "Value1"; Value = "0.8 A"; VariantName = "[No Variations]"
Add component (AddParameter): Name = "Value2"; Value = "300"; VariantName = "[No Variations]"
Add component (AddParameter): Name = "Vceo_V"; Value = "40"; VariantName = "[No Variations]"
Add component (AddParameter): Name = "Vcesat1_V"; Value = "0.3"; VariantName = "[No Variations]"
Added Component: Designator=Q2_6(dpak)
Add component (AddParameter): Name = "AEC Category"; Value = "Q101"; VariantName = "[No Variations]"
Add component (AddParameter): Name = "AEC Qualified"; Value = "?"; VariantName = "[No Variations]"
Add component (AddParameter): Name = "Alternate Manufacturer"; Value = ""; VariantName = "[No Variations]"
Add component (AddParameter): Name = "Alternate PartNumber"; Value = ""; VariantName = "[No Variations]"
Add component (AddParameter): Name = "ComponentLink1Description"; Value = "Datasheet link"; VariantName = "[No Variations]"
Add component (AddParameter): Name = "ComponentLink1URL"; Value = "http://www.nexperia.com/documents/data_sheet/BSR13_BSR14.pdf"; VariantName = "[No Variations]"
Add component (AddParameter): Name = "CompType"; Value = "BJT"; VariantName = "[No Variations]"
Add component (AddParameter): Name = "Green_EU RoHS"; Value = ""; VariantName = "[No Variations]"
Add component (AddParameter): Name = "Green_EU RoHS-2"; Value = ""; VariantName = "[No Variations]"
Add component (AddParameter): Name = "Green_Lifecycle"; Value = ""; VariantName = "[No Variations]"
Add component (AddParameter): Name = "Green_REACh"; Value = ""; VariantName = "[No Variations]"
Add component (AddParameter): Name = "HfeMax"; Value = "300"; VariantName = "[No Variations]"
Add component (AddParameter): Name = "IcRated_A"; Value = "0.8"; VariantName = "[No Variations]"
Add component (AddParameter): Name = "LatestRevisionDate"; Value = "2017-06-09"; VariantName = "[No Variations]"
Add component (AddParameter): Name = "Manufacturer"; Value = "Nexperia"; VariantName = "[No Variations]"
Add component (AddParameter): Name = "MountType"; Value = "SMT"; VariantName = "[No Variations]"
Add component (AddParameter): Name = "NPN"; Value = "1"; VariantName = "[No Variations]"
Add component (AddParameter): Name = "PackageReference"; Value = "SOT-23"; VariantName = "[No Variations]"
Add component (AddParameter): Name = "PartNumber"; Value = "BSR14"; VariantName = "[No Variations]"
Add component (AddParameter): Name = "PNP"; Value = "0"; VariantName = "[No Variations]"
Add component (AddParameter): Name = "Published"; Value = "2008-07-31"; VariantName = "[No Variations]"
Add component (AddParameter): Name = "Publisher"; Value = "Texas Instruments"; VariantName = "[No Variations]"
Add component (AddParameter): Name = "RoHS"; Value = "Y"; VariantName = "[No Variations]"
Add component (AddParameter): Name = "SizeArea_mm2"; Value = "7.5"; VariantName = "[No Variations]"
Add component (AddParameter): Name = "SizeAreaWB_mm2"; Value = "14"; VariantName = "[No Variations]"
Add component (AddParameter): Name = "SizeX_mm"; Value = "2.5"; VariantName = "[No Variations]"
Add component (AddParameter): Name = "SizeY_mm"; Value = "3"; VariantName = "[No Variations]"
Add component (AddParameter): Name = "SizeZ_mm"; Value = "1.1"; VariantName = "[No Variations]"
Add component (AddParameter): Name = "Supplier 1"; Value = "Digi-Key"; VariantName = "[No Variations]"
Add component (AddParameter): Name = "Supplier 2"; Value = ""; VariantName = "[No Variations]"
Add component (AddParameter): Name = "Supplier 3"; Value = ""; VariantName = "[No Variations]"
Add component (AddParameter): Name = "Supplier Part Number 1"; Value = "568-6225-1-ND"; VariantName = "[No Variations]"
Add component (AddParameter): Name = "Supplier Part Number 2"; Value = ""; VariantName = "[No Variations]"
Add component (AddParameter): Name = "Supplier Part Number 3"; Value = ""; VariantName = "[No Variations]"
Add component (AddParameter): Name = "SymbolVersion"; Value = "2008-07-31"; VariantName = "[No Variations]"
Add component (AddParameter): Name = "TaMax_C"; Value = "150"; VariantName = "[No Variations]"
Add component (AddParameter): Name = "TaMin_C"; Value = "-65"; VariantName = "[No Variations]"
Add component (AddParameter): Name = "U/M"; Value = "EA"; VariantName = "[No Variations]"
Add component (AddParameter): Name = "Value"; Value = "40 V"; VariantName = "[No Variations]"
Add component (AddParameter): Name = "Value1"; Value = "0.8 A"; VariantName = "[No Variations]"
Add component (AddParameter): Name = "Value2"; Value = "300"; VariantName = "[No Variations]"
Add component (AddParameter): Name = "Vceo_V"; Value = "40"; VariantName = "[No Variations]"
Add component (AddParameter): Name = "Vcesat1_V"; Value = "0.3"; VariantName = "[No Variations]"
Added Component: Designator=Q2_7(dpak)
Add component (AddParameter): Name = "AEC Category"; Value = "Q101"; VariantName = "[No Variations]"
Add component (AddParameter): Name = "AEC Qualified"; Value = "?"; VariantName = "[No Variations]"
Add component (AddParameter): Name = "Alternate Manufacturer"; Value = ""; VariantName = "[No Variations]"
Add component (AddParameter): Name = "Alternate PartNumber"; Value = ""; VariantName = "[No Variations]"
Add component (AddParameter): Name = "ComponentLink1Description"; Value = "Datasheet link"; VariantName = "[No Variations]"
Add component (AddParameter): Name = "ComponentLink1URL"; Value = "http://www.nexperia.com/documents/data_sheet/BSR13_BSR14.pdf"; VariantName = "[No Variations]"
Add component (AddParameter): Name = "CompType"; Value = "BJT"; VariantName = "[No Variations]"
Add component (AddParameter): Name = "Green_EU RoHS"; Value = ""; VariantName = "[No Variations]"
Add component (AddParameter): Name = "Green_EU RoHS-2"; Value = ""; VariantName = "[No Variations]"
Add component (AddParameter): Name = "Green_Lifecycle"; Value = ""; VariantName = "[No Variations]"
Add component (AddParameter): Name = "Green_REACh"; Value = ""; VariantName = "[No Variations]"
Add component (AddParameter): Name = "HfeMax"; Value = "300"; VariantName = "[No Variations]"
Add component (AddParameter): Name = "IcRated_A"; Value = "0.8"; VariantName = "[No Variations]"
Add component (AddParameter): Name = "LatestRevisionDate"; Value = "2017-06-09"; VariantName = "[No Variations]"
Add component (AddParameter): Name = "Manufacturer"; Value = "Nexperia"; VariantName = "[No Variations]"
Add component (AddParameter): Name = "MountType"; Value = "SMT"; VariantName = "[No Variations]"
Add component (AddParameter): Name = "NPN"; Value = "1"; VariantName = "[No Variations]"
Add component (AddParameter): Name = "PackageReference"; Value = "SOT-23"; VariantName = "[No Variations]"
Add component (AddParameter): Name = "PartNumber"; Value = "BSR14"; VariantName = "[No Variations]"
Add component (AddParameter): Name = "PNP"; Value = "0"; VariantName = "[No Variations]"
Add component (AddParameter): Name = "Published"; Value = "2008-07-31"; VariantName = "[No Variations]"
Add component (AddParameter): Name = "Publisher"; Value = "Texas Instruments"; VariantName = "[No Variations]"
Add component (AddParameter): Name = "RoHS"; Value = "Y"; VariantName = "[No Variations]"
Add component (AddParameter): Name = "SizeArea_mm2"; Value = "7.5"; VariantName = "[No Variations]"
Add component (AddParameter): Name = "SizeAreaWB_mm2"; Value = "14"; VariantName = "[No Variations]"
Add component (AddParameter): Name = "SizeX_mm"; Value = "2.5"; VariantName = "[No Variations]"
Add component (AddParameter): Name = "SizeY_mm"; Value = "3"; VariantName = "[No Variations]"
Add component (AddParameter): Name = "SizeZ_mm"; Value = "1.1"; VariantName = "[No Variations]"
Add component (AddParameter): Name = "Supplier 1"; Value = "Digi-Key"; VariantName = "[No Variations]"
Add component (AddParameter): Name = "Supplier 2"; Value = ""; VariantName = "[No Variations]"
Add component (AddParameter): Name = "Supplier 3"; Value = ""; VariantName = "[No Variations]"
Add component (AddParameter): Name = "Supplier Part Number 1"; Value = "568-6225-1-ND"; VariantName = "[No Variations]"
Add component (AddParameter): Name = "Supplier Part Number 2"; Value = ""; VariantName = "[No Variations]"
Add component (AddParameter): Name = "Supplier Part Number 3"; Value = ""; VariantName = "[No Variations]"
Add component (AddParameter): Name = "SymbolVersion"; Value = "2008-07-31"; VariantName = "[No Variations]"
Add component (AddParameter): Name = "TaMax_C"; Value = "150"; VariantName = "[No Variations]"
Add component (AddParameter): Name = "TaMin_C"; Value = "-65"; VariantName = "[No Variations]"
Add component (AddParameter): Name = "U/M"; Value = "EA"; VariantName = "[No Variations]"
Add component (AddParameter): Name = "Value"; Value = "40 V"; VariantName = "[No Variations]"
Add component (AddParameter): Name = "Value1"; Value = "0.8 A"; VariantName = "[No Variations]"
Add component (AddParameter): Name = "Value2"; Value = "300"; VariantName = "[No Variations]"
Add component (AddParameter): Name = "Vceo_V"; Value = "40"; VariantName = "[No Variations]"
Add component (AddParameter): Name = "Vcesat1_V"; Value = "0.3"; VariantName = "[No Variations]"
Added Component: Designator=Q2_8(dpak)
Add component (AddParameter): Name = "AEC Category"; Value = "Q101"; VariantName = "[No Variations]"
Add component (AddParameter): Name = "AEC Qualified"; Value = "?"; VariantName = "[No Variations]"
Add component (AddParameter): Name = "Alternate Manufacturer"; Value = ""; VariantName = "[No Variations]"
Add component (AddParameter): Name = "Alternate PartNumber"; Value = ""; VariantName = "[No Variations]"
Add component (AddParameter): Name = "ComponentLink1Description"; Value = "Datasheet link"; VariantName = "[No Variations]"
Add component (AddParameter): Name = "ComponentLink1URL"; Value = "http://www.nexperia.com/documents/data_sheet/BSR13_BSR14.pdf"; VariantName = "[No Variations]"
Add component (AddParameter): Name = "CompType"; Value = "BJT"; VariantName = "[No Variations]"
Add component (AddParameter): Name = "Green_EU RoHS"; Value = ""; VariantName = "[No Variations]"
Add component (AddParameter): Name = "Green_EU RoHS-2"; Value = ""; VariantName = "[No Variations]"
Add component (AddParameter): Name = "Green_Lifecycle"; Value = ""; VariantName = "[No Variations]"
Add component (AddParameter): Name = "Green_REACh"; Value = ""; VariantName = "[No Variations]"
Add component (AddParameter): Name = "HfeMax"; Value = "300"; VariantName = "[No Variations]"
Add component (AddParameter): Name = "IcRated_A"; Value = "0.8"; VariantName = "[No Variations]"
Add component (AddParameter): Name = "LatestRevisionDate"; Value = "2017-06-09"; VariantName = "[No Variations]"
Add component (AddParameter): Name = "Manufacturer"; Value = "Nexperia"; VariantName = "[No Variations]"
Add component (AddParameter): Name = "MountType"; Value = "SMT"; VariantName = "[No Variations]"
Add component (AddParameter): Name = "NPN"; Value = "1"; VariantName = "[No Variations]"
Add component (AddParameter): Name = "PackageReference"; Value = "SOT-23"; VariantName = "[No Variations]"
Add component (AddParameter): Name = "PartNumber"; Value = "BSR14"; VariantName = "[No Variations]"
Add component (AddParameter): Name = "PNP"; Value = "0"; VariantName = "[No Variations]"
Add component (AddParameter): Name = "Published"; Value = "2008-07-31"; VariantName = "[No Variations]"
Add component (AddParameter): Name = "Publisher"; Value = "Texas Instruments"; VariantName = "[No Variations]"
Add component (AddParameter): Name = "RoHS"; Value = "Y"; VariantName = "[No Variations]"
Add component (AddParameter): Name = "SizeArea_mm2"; Value = "7.5"; VariantName = "[No Variations]"
Add component (AddParameter): Name = "SizeAreaWB_mm2"; Value = "14"; VariantName = "[No Variations]"
Add component (AddParameter): Name = "SizeX_mm"; Value = "2.5"; VariantName = "[No Variations]"
Add component (AddParameter): Name = "SizeY_mm"; Value = "3"; VariantName = "[No Variations]"
Add component (AddParameter): Name = "SizeZ_mm"; Value = "1.1"; VariantName = "[No Variations]"
Add component (AddParameter): Name = "Supplier 1"; Value = "Digi-Key"; VariantName = "[No Variations]"
Add component (AddParameter): Name = "Supplier 2"; Value = ""; VariantName = "[No Variations]"
Add component (AddParameter): Name = "Supplier 3"; Value = ""; VariantName = "[No Variations]"
Add component (AddParameter): Name = "Supplier Part Number 1"; Value = "568-6225-1-ND"; VariantName = "[No Variations]"
Add component (AddParameter): Name = "Supplier Part Number 2"; Value = ""; VariantName = "[No Variations]"
Add component (AddParameter): Name = "Supplier Part Number 3"; Value = ""; VariantName = "[No Variations]"
Add component (AddParameter): Name = "SymbolVersion"; Value = "2008-07-31"; VariantName = "[No Variations]"
Add component (AddParameter): Name = "TaMax_C"; Value = "150"; VariantName = "[No Variations]"
Add component (AddParameter): Name = "TaMin_C"; Value = "-65"; VariantName = "[No Variations]"
Add component (AddParameter): Name = "U/M"; Value = "EA"; VariantName = "[No Variations]"
Add component (AddParameter): Name = "Value"; Value = "40 V"; VariantName = "[No Variations]"
Add component (AddParameter): Name = "Value1"; Value = "0.8 A"; VariantName = "[No Variations]"
Add component (AddParameter): Name = "Value2"; Value = "300"; VariantName = "[No Variations]"
Add component (AddParameter): Name = "Vceo_V"; Value = "40"; VariantName = "[No Variations]"
Add component (AddParameter): Name = "Vcesat1_V"; Value = "0.3"; VariantName = "[No Variations]"
Added Component: Designator=Q2_9(dpak)
Add component (AddParameter): Name = "AEC Category"; Value = "Q101"; VariantName = "[No Variations]"
Add component (AddParameter): Name = "AEC Qualified"; Value = "?"; VariantName = "[No Variations]"
Add component (AddParameter): Name = "Alternate Manufacturer"; Value = ""; VariantName = "[No Variations]"
Add component (AddParameter): Name = "Alternate PartNumber"; Value = ""; VariantName = "[No Variations]"
Add component (AddParameter): Name = "ComponentLink1Description"; Value = "Datasheet link"; VariantName = "[No Variations]"
Add component (AddParameter): Name = "ComponentLink1URL"; Value = "http://www.nexperia.com/documents/data_sheet/BSR13_BSR14.pdf"; VariantName = "[No Variations]"
Add component (AddParameter): Name = "CompType"; Value = "BJT"; VariantName = "[No Variations]"
Add component (AddParameter): Name = "Green_EU RoHS"; Value = ""; VariantName = "[No Variations]"
Add component (AddParameter): Name = "Green_EU RoHS-2"; Value = ""; VariantName = "[No Variations]"
Add component (AddParameter): Name = "Green_Lifecycle"; Value = ""; VariantName = "[No Variations]"
Add component (AddParameter): Name = "Green_REACh"; Value = ""; VariantName = "[No Variations]"
Add component (AddParameter): Name = "HfeMax"; Value = "300"; VariantName = "[No Variations]"
Add component (AddParameter): Name = "IcRated_A"; Value = "0.8"; VariantName = "[No Variations]"
Add component (AddParameter): Name = "LatestRevisionDate"; Value = "2017-06-09"; VariantName = "[No Variations]"
Add component (AddParameter): Name = "Manufacturer"; Value = "Nexperia"; VariantName = "[No Variations]"
Add component (AddParameter): Name = "MountType"; Value = "SMT"; VariantName = "[No Variations]"
Add component (AddParameter): Name = "NPN"; Value = "1"; VariantName = "[No Variations]"
Add component (AddParameter): Name = "PackageReference"; Value = "SOT-23"; VariantName = "[No Variations]"
Add component (AddParameter): Name = "PartNumber"; Value = "BSR14"; VariantName = "[No Variations]"
Add component (AddParameter): Name = "PNP"; Value = "0"; VariantName = "[No Variations]"
Add component (AddParameter): Name = "Published"; Value = "2008-07-31"; VariantName = "[No Variations]"
Add component (AddParameter): Name = "Publisher"; Value = "Texas Instruments"; VariantName = "[No Variations]"
Add component (AddParameter): Name = "RoHS"; Value = "Y"; VariantName = "[No Variations]"
Add component (AddParameter): Name = "SizeArea_mm2"; Value = "7.5"; VariantName = "[No Variations]"
Add component (AddParameter): Name = "SizeAreaWB_mm2"; Value = "14"; VariantName = "[No Variations]"
Add component (AddParameter): Name = "SizeX_mm"; Value = "2.5"; VariantName = "[No Variations]"
Add component (AddParameter): Name = "SizeY_mm"; Value = "3"; VariantName = "[No Variations]"
Add component (AddParameter): Name = "SizeZ_mm"; Value = "1.1"; VariantName = "[No Variations]"
Add component (AddParameter): Name = "Supplier 1"; Value = "Digi-Key"; VariantName = "[No Variations]"
Add component (AddParameter): Name = "Supplier 2"; Value = ""; VariantName = "[No Variations]"
Add component (AddParameter): Name = "Supplier 3"; Value = ""; VariantName = "[No Variations]"
Add component (AddParameter): Name = "Supplier Part Number 1"; Value = "568-6225-1-ND"; VariantName = "[No Variations]"
Add component (AddParameter): Name = "Supplier Part Number 2"; Value = ""; VariantName = "[No Variations]"
Add component (AddParameter): Name = "Supplier Part Number 3"; Value = ""; VariantName = "[No Variations]"
Add component (AddParameter): Name = "SymbolVersion"; Value = "2008-07-31"; VariantName = "[No Variations]"
Add component (AddParameter): Name = "TaMax_C"; Value = "150"; VariantName = "[No Variations]"
Add component (AddParameter): Name = "TaMin_C"; Value = "-65"; VariantName = "[No Variations]"
Add component (AddParameter): Name = "U/M"; Value = "EA"; VariantName = "[No Variations]"
Add component (AddParameter): Name = "Value"; Value = "40 V"; VariantName = "[No Variations]"
Add component (AddParameter): Name = "Value1"; Value = "0.8 A"; VariantName = "[No Variations]"
Add component (AddParameter): Name = "Value2"; Value = "300"; VariantName = "[No Variations]"
Add component (AddParameter): Name = "Vceo_V"; Value = "40"; VariantName = "[No Variations]"
Add component (AddParameter): Name = "Vcesat1_V"; Value = "0.3"; VariantName = "[No Variations]"
Added Component: Designator=Q2_10(dpak)
Add component (AddParameter): Name = "AEC Category"; Value = "Q101"; VariantName = "[No Variations]"
Add component (AddParameter): Name = "AEC Qualified"; Value = "?"; VariantName = "[No Variations]"
Add component (AddParameter): Name = "Alternate Manufacturer"; Value = ""; VariantName = "[No Variations]"
Add component (AddParameter): Name = "Alternate PartNumber"; Value = ""; VariantName = "[No Variations]"
Add component (AddParameter): Name = "ComponentLink1Description"; Value = "Datasheet link"; VariantName = "[No Variations]"
Add component (AddParameter): Name = "ComponentLink1URL"; Value = "http://www.nexperia.com/documents/data_sheet/BSR13_BSR14.pdf"; VariantName = "[No Variations]"
Add component (AddParameter): Name = "CompType"; Value = "BJT"; VariantName = "[No Variations]"
Add component (AddParameter): Name = "Green_EU RoHS"; Value = ""; VariantName = "[No Variations]"
Add component (AddParameter): Name = "Green_EU RoHS-2"; Value = ""; VariantName = "[No Variations]"
Add component (AddParameter): Name = "Green_Lifecycle"; Value = ""; VariantName = "[No Variations]"
Add component (AddParameter): Name = "Green_REACh"; Value = ""; VariantName = "[No Variations]"
Add component (AddParameter): Name = "HfeMax"; Value = "300"; VariantName = "[No Variations]"
Add component (AddParameter): Name = "IcRated_A"; Value = "0.8"; VariantName = "[No Variations]"
Add component (AddParameter): Name = "LatestRevisionDate"; Value = "2017-06-09"; VariantName = "[No Variations]"
Add component (AddParameter): Name = "Manufacturer"; Value = "Nexperia"; VariantName = "[No Variations]"
Add component (AddParameter): Name = "MountType"; Value = "SMT"; VariantName = "[No Variations]"
Add component (AddParameter): Name = "NPN"; Value = "1"; VariantName = "[No Variations]"
Add component (AddParameter): Name = "PackageReference"; Value = "SOT-23"; VariantName = "[No Variations]"
Add component (AddParameter): Name = "PartNumber"; Value = "BSR14"; VariantName = "[No Variations]"
Add component (AddParameter): Name = "PNP"; Value = "0"; VariantName = "[No Variations]"
Add component (AddParameter): Name = "Published"; Value = "2008-07-31"; VariantName = "[No Variations]"
Add component (AddParameter): Name = "Publisher"; Value = "Texas Instruments"; VariantName = "[No Variations]"
Add component (AddParameter): Name = "RoHS"; Value = "Y"; VariantName = "[No Variations]"
Add component (AddParameter): Name = "SizeArea_mm2"; Value = "7.5"; VariantName = "[No Variations]"
Add component (AddParameter): Name = "SizeAreaWB_mm2"; Value = "14"; VariantName = "[No Variations]"
Add component (AddParameter): Name = "SizeX_mm"; Value = "2.5"; VariantName = "[No Variations]"
Add component (AddParameter): Name = "SizeY_mm"; Value = "3"; VariantName = "[No Variations]"
Add component (AddParameter): Name = "SizeZ_mm"; Value = "1.1"; VariantName = "[No Variations]"
Add component (AddParameter): Name = "Supplier 1"; Value = "Digi-Key"; VariantName = "[No Variations]"
Add component (AddParameter): Name = "Supplier 2"; Value = ""; VariantName = "[No Variations]"
Add component (AddParameter): Name = "Supplier 3"; Value = ""; VariantName = "[No Variations]"
Add component (AddParameter): Name = "Supplier Part Number 1"; Value = "568-6225-1-ND"; VariantName = "[No Variations]"
Add component (AddParameter): Name = "Supplier Part Number 2"; Value = ""; VariantName = "[No Variations]"
Add component (AddParameter): Name = "Supplier Part Number 3"; Value = ""; VariantName = "[No Variations]"
Add component (AddParameter): Name = "SymbolVersion"; Value = "2008-07-31"; VariantName = "[No Variations]"
Add component (AddParameter): Name = "TaMax_C"; Value = "150"; VariantName = "[No Variations]"
Add component (AddParameter): Name = "TaMin_C"; Value = "-65"; VariantName = "[No Variations]"
Add component (AddParameter): Name = "U/M"; Value = "EA"; VariantName = "[No Variations]"
Add component (AddParameter): Name = "Value"; Value = "40 V"; VariantName = "[No Variations]"
Add component (AddParameter): Name = "Value1"; Value = "0.8 A"; VariantName = "[No Variations]"
Add component (AddParameter): Name = "Value2"; Value = "300"; VariantName = "[No Variations]"
Add component (AddParameter): Name = "Vceo_V"; Value = "40"; VariantName = "[No Variations]"
Add component (AddParameter): Name = "Vcesat1_V"; Value = "0.3"; VariantName = "[No Variations]"
Added Component: Designator=Q2_11(dpak)
Add component (AddParameter): Name = "AEC Category"; Value = "Q101"; VariantName = "[No Variations]"
Add component (AddParameter): Name = "AEC Qualified"; Value = "?"; VariantName = "[No Variations]"
Add component (AddParameter): Name = "Alternate Manufacturer"; Value = ""; VariantName = "[No Variations]"
Add component (AddParameter): Name = "Alternate PartNumber"; Value = ""; VariantName = "[No Variations]"
Add component (AddParameter): Name = "ComponentLink1Description"; Value = "Datasheet link"; VariantName = "[No Variations]"
Add component (AddParameter): Name = "ComponentLink1URL"; Value = "http://www.nexperia.com/documents/data_sheet/BSR13_BSR14.pdf"; VariantName = "[No Variations]"
Add component (AddParameter): Name = "CompType"; Value = "BJT"; VariantName = "[No Variations]"
Add component (AddParameter): Name = "Green_EU RoHS"; Value = ""; VariantName = "[No Variations]"
Add component (AddParameter): Name = "Green_EU RoHS-2"; Value = ""; VariantName = "[No Variations]"
Add component (AddParameter): Name = "Green_Lifecycle"; Value = ""; VariantName = "[No Variations]"
Add component (AddParameter): Name = "Green_REACh"; Value = ""; VariantName = "[No Variations]"
Add component (AddParameter): Name = "HfeMax"; Value = "300"; VariantName = "[No Variations]"
Add component (AddParameter): Name = "IcRated_A"; Value = "0.8"; VariantName = "[No Variations]"
Add component (AddParameter): Name = "LatestRevisionDate"; Value = "2017-06-09"; VariantName = "[No Variations]"
Add component (AddParameter): Name = "Manufacturer"; Value = "Nexperia"; VariantName = "[No Variations]"
Add component (AddParameter): Name = "MountType"; Value = "SMT"; VariantName = "[No Variations]"
Add component (AddParameter): Name = "NPN"; Value = "1"; VariantName = "[No Variations]"
Add component (AddParameter): Name = "PackageReference"; Value = "SOT-23"; VariantName = "[No Variations]"
Add component (AddParameter): Name = "PartNumber"; Value = "BSR14"; VariantName = "[No Variations]"
Add component (AddParameter): Name = "PNP"; Value = "0"; VariantName = "[No Variations]"
Add component (AddParameter): Name = "Published"; Value = "2008-07-31"; VariantName = "[No Variations]"
Add component (AddParameter): Name = "Publisher"; Value = "Texas Instruments"; VariantName = "[No Variations]"
Add component (AddParameter): Name = "RoHS"; Value = "Y"; VariantName = "[No Variations]"
Add component (AddParameter): Name = "SizeArea_mm2"; Value = "7.5"; VariantName = "[No Variations]"
Add component (AddParameter): Name = "SizeAreaWB_mm2"; Value = "14"; VariantName = "[No Variations]"
Add component (AddParameter): Name = "SizeX_mm"; Value = "2.5"; VariantName = "[No Variations]"
Add component (AddParameter): Name = "SizeY_mm"; Value = "3"; VariantName = "[No Variations]"
Add component (AddParameter): Name = "SizeZ_mm"; Value = "1.1"; VariantName = "[No Variations]"
Add component (AddParameter): Name = "Supplier 1"; Value = "Digi-Key"; VariantName = "[No Variations]"
Add component (AddParameter): Name = "Supplier 2"; Value = ""; VariantName = "[No Variations]"
Add component (AddParameter): Name = "Supplier 3"; Value = ""; VariantName = "[No Variations]"
Add component (AddParameter): Name = "Supplier Part Number 1"; Value = "568-6225-1-ND"; VariantName = "[No Variations]"
Add component (AddParameter): Name = "Supplier Part Number 2"; Value = ""; VariantName = "[No Variations]"
Add component (AddParameter): Name = "Supplier Part Number 3"; Value = ""; VariantName = "[No Variations]"
Add component (AddParameter): Name = "SymbolVersion"; Value = "2008-07-31"; VariantName = "[No Variations]"
Add component (AddParameter): Name = "TaMax_C"; Value = "150"; VariantName = "[No Variations]"
Add component (AddParameter): Name = "TaMin_C"; Value = "-65"; VariantName = "[No Variations]"
Add component (AddParameter): Name = "U/M"; Value = "EA"; VariantName = "[No Variations]"
Add component (AddParameter): Name = "Value"; Value = "40 V"; VariantName = "[No Variations]"
Add component (AddParameter): Name = "Value1"; Value = "0.8 A"; VariantName = "[No Variations]"
Add component (AddParameter): Name = "Value2"; Value = "300"; VariantName = "[No Variations]"
Add component (AddParameter): Name = "Vceo_V"; Value = "40"; VariantName = "[No Variations]"
Add component (AddParameter): Name = "Vcesat1_V"; Value = "0.3"; VariantName = "[No Variations]"
Added Component: Designator=Q2_12(dpak)
Add component (AddParameter): Name = "AEC Category"; Value = "Q101"; VariantName = "[No Variations]"
Add component (AddParameter): Name = "AEC Qualified"; Value = "?"; VariantName = "[No Variations]"
Add component (AddParameter): Name = "Alternate Manufacturer"; Value = ""; VariantName = "[No Variations]"
Add component (AddParameter): Name = "Alternate PartNumber"; Value = ""; VariantName = "[No Variations]"
Add component (AddParameter): Name = "ComponentLink1Description"; Value = "Datasheet link"; VariantName = "[No Variations]"
Add component (AddParameter): Name = "ComponentLink1URL"; Value = "http://www.nexperia.com/documents/data_sheet/BSR13_BSR14.pdf"; VariantName = "[No Variations]"
Add component (AddParameter): Name = "CompType"; Value = "BJT"; VariantName = "[No Variations]"
Add component (AddParameter): Name = "Green_EU RoHS"; Value = ""; VariantName = "[No Variations]"
Add component (AddParameter): Name = "Green_EU RoHS-2"; Value = ""; VariantName = "[No Variations]"
Add component (AddParameter): Name = "Green_Lifecycle"; Value = ""; VariantName = "[No Variations]"
Add component (AddParameter): Name = "Green_REACh"; Value = ""; VariantName = "[No Variations]"
Add component (AddParameter): Name = "HfeMax"; Value = "300"; VariantName = "[No Variations]"
Add component (AddParameter): Name = "IcRated_A"; Value = "0.8"; VariantName = "[No Variations]"
Add component (AddParameter): Name = "LatestRevisionDate"; Value = "2017-06-09"; VariantName = "[No Variations]"
Add component (AddParameter): Name = "Manufacturer"; Value = "Nexperia"; VariantName = "[No Variations]"
Add component (AddParameter): Name = "MountType"; Value = "SMT"; VariantName = "[No Variations]"
Add component (AddParameter): Name = "NPN"; Value = "1"; VariantName = "[No Variations]"
Add component (AddParameter): Name = "PackageReference"; Value = "SOT-23"; VariantName = "[No Variations]"
Add component (AddParameter): Name = "PartNumber"; Value = "BSR14"; VariantName = "[No Variations]"
Add component (AddParameter): Name = "PNP"; Value = "0"; VariantName = "[No Variations]"
Add component (AddParameter): Name = "Published"; Value = "2008-07-31"; VariantName = "[No Variations]"
Add component (AddParameter): Name = "Publisher"; Value = "Texas Instruments"; VariantName = "[No Variations]"
Add component (AddParameter): Name = "RoHS"; Value = "Y"; VariantName = "[No Variations]"
Add component (AddParameter): Name = "SizeArea_mm2"; Value = "7.5"; VariantName = "[No Variations]"
Add component (AddParameter): Name = "SizeAreaWB_mm2"; Value = "14"; VariantName = "[No Variations]"
Add component (AddParameter): Name = "SizeX_mm"; Value = "2.5"; VariantName = "[No Variations]"
Add component (AddParameter): Name = "SizeY_mm"; Value = "3"; VariantName = "[No Variations]"
Add component (AddParameter): Name = "SizeZ_mm"; Value = "1.1"; VariantName = "[No Variations]"
Add component (AddParameter): Name = "Supplier 1"; Value = "Digi-Key"; VariantName = "[No Variations]"
Add component (AddParameter): Name = "Supplier 2"; Value = ""; VariantName = "[No Variations]"
Add component (AddParameter): Name = "Supplier 3"; Value = ""; VariantName = "[No Variations]"
Add component (AddParameter): Name = "Supplier Part Number 1"; Value = "568-6225-1-ND"; VariantName = "[No Variations]"
Add component (AddParameter): Name = "Supplier Part Number 2"; Value = ""; VariantName = "[No Variations]"
Add component (AddParameter): Name = "Supplier Part Number 3"; Value = ""; VariantName = "[No Variations]"
Add component (AddParameter): Name = "SymbolVersion"; Value = "2008-07-31"; VariantName = "[No Variations]"
Add component (AddParameter): Name = "TaMax_C"; Value = "150"; VariantName = "[No Variations]"
Add component (AddParameter): Name = "TaMin_C"; Value = "-65"; VariantName = "[No Variations]"
Add component (AddParameter): Name = "U/M"; Value = "EA"; VariantName = "[No Variations]"
Add component (AddParameter): Name = "Value"; Value = "40 V"; VariantName = "[No Variations]"
Add component (AddParameter): Name = "Value1"; Value = "0.8 A"; VariantName = "[No Variations]"
Add component (AddParameter): Name = "Value2"; Value = "300"; VariantName = "[No Variations]"
Add component (AddParameter): Name = "Vceo_V"; Value = "40"; VariantName = "[No Variations]"
Add component (AddParameter): Name = "Vcesat1_V"; Value = "0.3"; VariantName = "[No Variations]"
Added Component: Designator=Q2_13(dpak)
Add component (AddParameter): Name = "AEC Category"; Value = "Q101"; VariantName = "[No Variations]"
Add component (AddParameter): Name = "AEC Qualified"; Value = "?"; VariantName = "[No Variations]"
Add component (AddParameter): Name = "Alternate Manufacturer"; Value = ""; VariantName = "[No Variations]"
Add component (AddParameter): Name = "Alternate PartNumber"; Value = ""; VariantName = "[No Variations]"
Add component (AddParameter): Name = "ComponentLink1Description"; Value = "Datasheet link"; VariantName = "[No Variations]"
Add component (AddParameter): Name = "ComponentLink1URL"; Value = "http://www.nexperia.com/documents/data_sheet/BSR13_BSR14.pdf"; VariantName = "[No Variations]"
Add component (AddParameter): Name = "CompType"; Value = "BJT"; VariantName = "[No Variations]"
Add component (AddParameter): Name = "Green_EU RoHS"; Value = ""; VariantName = "[No Variations]"
Add component (AddParameter): Name = "Green_EU RoHS-2"; Value = ""; VariantName = "[No Variations]"
Add component (AddParameter): Name = "Green_Lifecycle"; Value = ""; VariantName = "[No Variations]"
Add component (AddParameter): Name = "Green_REACh"; Value = ""; VariantName = "[No Variations]"
Add component (AddParameter): Name = "HfeMax"; Value = "300"; VariantName = "[No Variations]"
Add component (AddParameter): Name = "IcRated_A"; Value = "0.8"; VariantName = "[No Variations]"
Add component (AddParameter): Name = "LatestRevisionDate"; Value = "2017-06-09"; VariantName = "[No Variations]"
Add component (AddParameter): Name = "Manufacturer"; Value = "Nexperia"; VariantName = "[No Variations]"
Add component (AddParameter): Name = "MountType"; Value = "SMT"; VariantName = "[No Variations]"
Add component (AddParameter): Name = "NPN"; Value = "1"; VariantName = "[No Variations]"
Add component (AddParameter): Name = "PackageReference"; Value = "SOT-23"; VariantName = "[No Variations]"
Add component (AddParameter): Name = "PartNumber"; Value = "BSR14"; VariantName = "[No Variations]"
Add component (AddParameter): Name = "PNP"; Value = "0"; VariantName = "[No Variations]"
Add component (AddParameter): Name = "Published"; Value = "2008-07-31"; VariantName = "[No Variations]"
Add component (AddParameter): Name = "Publisher"; Value = "Texas Instruments"; VariantName = "[No Variations]"
Add component (AddParameter): Name = "RoHS"; Value = "Y"; VariantName = "[No Variations]"
Add component (AddParameter): Name = "SizeArea_mm2"; Value = "7.5"; VariantName = "[No Variations]"
Add component (AddParameter): Name = "SizeAreaWB_mm2"; Value = "14"; VariantName = "[No Variations]"
Add component (AddParameter): Name = "SizeX_mm"; Value = "2.5"; VariantName = "[No Variations]"
Add component (AddParameter): Name = "SizeY_mm"; Value = "3"; VariantName = "[No Variations]"
Add component (AddParameter): Name = "SizeZ_mm"; Value = "1.1"; VariantName = "[No Variations]"
Add component (AddParameter): Name = "Supplier 1"; Value = "Digi-Key"; VariantName = "[No Variations]"
Add component (AddParameter): Name = "Supplier 2"; Value = ""; VariantName = "[No Variations]"
Add component (AddParameter): Name = "Supplier 3"; Value = ""; VariantName = "[No Variations]"
Add component (AddParameter): Name = "Supplier Part Number 1"; Value = "568-6225-1-ND"; VariantName = "[No Variations]"
Add component (AddParameter): Name = "Supplier Part Number 2"; Value = ""; VariantName = "[No Variations]"
Add component (AddParameter): Name = "Supplier Part Number 3"; Value = ""; VariantName = "[No Variations]"
Add component (AddParameter): Name = "SymbolVersion"; Value = "2008-07-31"; VariantName = "[No Variations]"
Add component (AddParameter): Name = "TaMax_C"; Value = "150"; VariantName = "[No Variations]"
Add component (AddParameter): Name = "TaMin_C"; Value = "-65"; VariantName = "[No Variations]"
Add component (AddParameter): Name = "U/M"; Value = "EA"; VariantName = "[No Variations]"
Add component (AddParameter): Name = "Value"; Value = "40 V"; VariantName = "[No Variations]"
Add component (AddParameter): Name = "Value1"; Value = "0.8 A"; VariantName = "[No Variations]"
Add component (AddParameter): Name = "Value2"; Value = "300"; VariantName = "[No Variations]"
Add component (AddParameter): Name = "Vceo_V"; Value = "40"; VariantName = "[No Variations]"
Add component (AddParameter): Name = "Vcesat1_V"; Value = "0.3"; VariantName = "[No Variations]"
Added Component: Designator=Q2_14(dpak)
Add component (AddParameter): Name = "AEC Category"; Value = "Q101"; VariantName = "[No Variations]"
Add component (AddParameter): Name = "AEC Qualified"; Value = "?"; VariantName = "[No Variations]"
Add component (AddParameter): Name = "Alternate Manufacturer"; Value = ""; VariantName = "[No Variations]"
Add component (AddParameter): Name = "Alternate PartNumber"; Value = ""; VariantName = "[No Variations]"
Add component (AddParameter): Name = "ComponentLink1Description"; Value = "Datasheet link"; VariantName = "[No Variations]"
Add component (AddParameter): Name = "ComponentLink1URL"; Value = "http://www.nexperia.com/documents/data_sheet/BSR13_BSR14.pdf"; VariantName = "[No Variations]"
Add component (AddParameter): Name = "CompType"; Value = "BJT"; VariantName = "[No Variations]"
Add component (AddParameter): Name = "Green_EU RoHS"; Value = ""; VariantName = "[No Variations]"
Add component (AddParameter): Name = "Green_EU RoHS-2"; Value = ""; VariantName = "[No Variations]"
Add component (AddParameter): Name = "Green_Lifecycle"; Value = ""; VariantName = "[No Variations]"
Add component (AddParameter): Name = "Green_REACh"; Value = ""; VariantName = "[No Variations]"
Add component (AddParameter): Name = "HfeMax"; Value = "300"; VariantName = "[No Variations]"
Add component (AddParameter): Name = "IcRated_A"; Value = "0.8"; VariantName = "[No Variations]"
Add component (AddParameter): Name = "LatestRevisionDate"; Value = "2017-06-09"; VariantName = "[No Variations]"
Add component (AddParameter): Name = "Manufacturer"; Value = "Nexperia"; VariantName = "[No Variations]"
Add component (AddParameter): Name = "MountType"; Value = "SMT"; VariantName = "[No Variations]"
Add component (AddParameter): Name = "NPN"; Value = "1"; VariantName = "[No Variations]"
Add component (AddParameter): Name = "PackageReference"; Value = "SOT-23"; VariantName = "[No Variations]"
Add component (AddParameter): Name = "PartNumber"; Value = "BSR14"; VariantName = "[No Variations]"
Add component (AddParameter): Name = "PNP"; Value = "0"; VariantName = "[No Variations]"
Add component (AddParameter): Name = "Published"; Value = "2008-07-31"; VariantName = "[No Variations]"
Add component (AddParameter): Name = "Publisher"; Value = "Texas Instruments"; VariantName = "[No Variations]"
Add component (AddParameter): Name = "RoHS"; Value = "Y"; VariantName = "[No Variations]"
Add component (AddParameter): Name = "SizeArea_mm2"; Value = "7.5"; VariantName = "[No Variations]"
Add component (AddParameter): Name = "SizeAreaWB_mm2"; Value = "14"; VariantName = "[No Variations]"
Add component (AddParameter): Name = "SizeX_mm"; Value = "2.5"; VariantName = "[No Variations]"
Add component (AddParameter): Name = "SizeY_mm"; Value = "3"; VariantName = "[No Variations]"
Add component (AddParameter): Name = "SizeZ_mm"; Value = "1.1"; VariantName = "[No Variations]"
Add component (AddParameter): Name = "Supplier 1"; Value = "Digi-Key"; VariantName = "[No Variations]"
Add component (AddParameter): Name = "Supplier 2"; Value = ""; VariantName = "[No Variations]"
Add component (AddParameter): Name = "Supplier 3"; Value = ""; VariantName = "[No Variations]"
Add component (AddParameter): Name = "Supplier Part Number 1"; Value = "568-6225-1-ND"; VariantName = "[No Variations]"
Add component (AddParameter): Name = "Supplier Part Number 2"; Value = ""; VariantName = "[No Variations]"
Add component (AddParameter): Name = "Supplier Part Number 3"; Value = ""; VariantName = "[No Variations]"
Add component (AddParameter): Name = "SymbolVersion"; Value = "2008-07-31"; VariantName = "[No Variations]"
Add component (AddParameter): Name = "TaMax_C"; Value = "150"; VariantName = "[No Variations]"
Add component (AddParameter): Name = "TaMin_C"; Value = "-65"; VariantName = "[No Variations]"
Add component (AddParameter): Name = "U/M"; Value = "EA"; VariantName = "[No Variations]"
Add component (AddParameter): Name = "Value"; Value = "40 V"; VariantName = "[No Variations]"
Add component (AddParameter): Name = "Value1"; Value = "0.8 A"; VariantName = "[No Variations]"
Add component (AddParameter): Name = "Value2"; Value = "300"; VariantName = "[No Variations]"
Add component (AddParameter): Name = "Vceo_V"; Value = "40"; VariantName = "[No Variations]"
Add component (AddParameter): Name = "Vcesat1_V"; Value = "0.3"; VariantName = "[No Variations]"
Added Component: Designator=Q2_15(dpak)
Add component (AddParameter): Name = "AEC Category"; Value = "Q101"; VariantName = "[No Variations]"
Add component (AddParameter): Name = "AEC Qualified"; Value = "?"; VariantName = "[No Variations]"
Add component (AddParameter): Name = "Alternate Manufacturer"; Value = ""; VariantName = "[No Variations]"
Add component (AddParameter): Name = "Alternate PartNumber"; Value = ""; VariantName = "[No Variations]"
Add component (AddParameter): Name = "ComponentLink1Description"; Value = "Datasheet link"; VariantName = "[No Variations]"
Add component (AddParameter): Name = "ComponentLink1URL"; Value = "http://www.nexperia.com/documents/data_sheet/BSR13_BSR14.pdf"; VariantName = "[No Variations]"
Add component (AddParameter): Name = "CompType"; Value = "BJT"; VariantName = "[No Variations]"
Add component (AddParameter): Name = "Green_EU RoHS"; Value = ""; VariantName = "[No Variations]"
Add component (AddParameter): Name = "Green_EU RoHS-2"; Value = ""; VariantName = "[No Variations]"
Add component (AddParameter): Name = "Green_Lifecycle"; Value = ""; VariantName = "[No Variations]"
Add component (AddParameter): Name = "Green_REACh"; Value = ""; VariantName = "[No Variations]"
Add component (AddParameter): Name = "HfeMax"; Value = "300"; VariantName = "[No Variations]"
Add component (AddParameter): Name = "IcRated_A"; Value = "0.8"; VariantName = "[No Variations]"
Add component (AddParameter): Name = "LatestRevisionDate"; Value = "2017-06-09"; VariantName = "[No Variations]"
Add component (AddParameter): Name = "Manufacturer"; Value = "Nexperia"; VariantName = "[No Variations]"
Add component (AddParameter): Name = "MountType"; Value = "SMT"; VariantName = "[No Variations]"
Add component (AddParameter): Name = "NPN"; Value = "1"; VariantName = "[No Variations]"
Add component (AddParameter): Name = "PackageReference"; Value = "SOT-23"; VariantName = "[No Variations]"
Add component (AddParameter): Name = "PartNumber"; Value = "BSR14"; VariantName = "[No Variations]"
Add component (AddParameter): Name = "PNP"; Value = "0"; VariantName = "[No Variations]"
Add component (AddParameter): Name = "Published"; Value = "2008-07-31"; VariantName = "[No Variations]"
Add component (AddParameter): Name = "Publisher"; Value = "Texas Instruments"; VariantName = "[No Variations]"
Add component (AddParameter): Name = "RoHS"; Value = "Y"; VariantName = "[No Variations]"
Add component (AddParameter): Name = "SizeArea_mm2"; Value = "7.5"; VariantName = "[No Variations]"
Add component (AddParameter): Name = "SizeAreaWB_mm2"; Value = "14"; VariantName = "[No Variations]"
Add component (AddParameter): Name = "SizeX_mm"; Value = "2.5"; VariantName = "[No Variations]"
Add component (AddParameter): Name = "SizeY_mm"; Value = "3"; VariantName = "[No Variations]"
Add component (AddParameter): Name = "SizeZ_mm"; Value = "1.1"; VariantName = "[No Variations]"
Add component (AddParameter): Name = "Supplier 1"; Value = "Digi-Key"; VariantName = "[No Variations]"
Add component (AddParameter): Name = "Supplier 2"; Value = ""; VariantName = "[No Variations]"
Add component (AddParameter): Name = "Supplier 3"; Value = ""; VariantName = "[No Variations]"
Add component (AddParameter): Name = "Supplier Part Number 1"; Value = "568-6225-1-ND"; VariantName = "[No Variations]"
Add component (AddParameter): Name = "Supplier Part Number 2"; Value = ""; VariantName = "[No Variations]"
Add component (AddParameter): Name = "Supplier Part Number 3"; Value = ""; VariantName = "[No Variations]"
Add component (AddParameter): Name = "SymbolVersion"; Value = "2008-07-31"; VariantName = "[No Variations]"
Add component (AddParameter): Name = "TaMax_C"; Value = "150"; VariantName = "[No Variations]"
Add component (AddParameter): Name = "TaMin_C"; Value = "-65"; VariantName = "[No Variations]"
Add component (AddParameter): Name = "U/M"; Value = "EA"; VariantName = "[No Variations]"
Add component (AddParameter): Name = "Value"; Value = "40 V"; VariantName = "[No Variations]"
Add component (AddParameter): Name = "Value1"; Value = "0.8 A"; VariantName = "[No Variations]"
Add component (AddParameter): Name = "Value2"; Value = "300"; VariantName = "[No Variations]"
Add component (AddParameter): Name = "Vceo_V"; Value = "40"; VariantName = "[No Variations]"
Add component (AddParameter): Name = "Vcesat1_V"; Value = "0.3"; VariantName = "[No Variations]"
Added Component: Designator=Q2_16(dpak)
Add component (AddParameter): Name = "AEC Category"; Value = "Q101"; VariantName = "[No Variations]"
Add component (AddParameter): Name = "AEC Qualified"; Value = "?"; VariantName = "[No Variations]"
Add component (AddParameter): Name = "Alternate Manufacturer"; Value = ""; VariantName = "[No Variations]"
Add component (AddParameter): Name = "Alternate PartNumber"; Value = ""; VariantName = "[No Variations]"
Add component (AddParameter): Name = "ComponentLink1Description"; Value = "Datasheet link"; VariantName = "[No Variations]"
Add component (AddParameter): Name = "ComponentLink1URL"; Value = "http://www.nexperia.com/documents/data_sheet/BSR13_BSR14.pdf"; VariantName = "[No Variations]"
Add component (AddParameter): Name = "CompType"; Value = "BJT"; VariantName = "[No Variations]"
Add component (AddParameter): Name = "Green_EU RoHS"; Value = ""; VariantName = "[No Variations]"
Add component (AddParameter): Name = "Green_EU RoHS-2"; Value = ""; VariantName = "[No Variations]"
Add component (AddParameter): Name = "Green_Lifecycle"; Value = ""; VariantName = "[No Variations]"
Add component (AddParameter): Name = "Green_REACh"; Value = ""; VariantName = "[No Variations]"
Add component (AddParameter): Name = "HfeMax"; Value = "300"; VariantName = "[No Variations]"
Add component (AddParameter): Name = "IcRated_A"; Value = "0.8"; VariantName = "[No Variations]"
Add component (AddParameter): Name = "LatestRevisionDate"; Value = "2017-06-09"; VariantName = "[No Variations]"
Add component (AddParameter): Name = "Manufacturer"; Value = "Nexperia"; VariantName = "[No Variations]"
Add component (AddParameter): Name = "MountType"; Value = "SMT"; VariantName = "[No Variations]"
Add component (AddParameter): Name = "NPN"; Value = "1"; VariantName = "[No Variations]"
Add component (AddParameter): Name = "PackageReference"; Value = "SOT-23"; VariantName = "[No Variations]"
Add component (AddParameter): Name = "PartNumber"; Value = "BSR14"; VariantName = "[No Variations]"
Add component (AddParameter): Name = "PNP"; Value = "0"; VariantName = "[No Variations]"
Add component (AddParameter): Name = "Published"; Value = "2008-07-31"; VariantName = "[No Variations]"
Add component (AddParameter): Name = "Publisher"; Value = "Texas Instruments"; VariantName = "[No Variations]"
Add component (AddParameter): Name = "RoHS"; Value = "Y"; VariantName = "[No Variations]"
Add component (AddParameter): Name = "SizeArea_mm2"; Value = "7.5"; VariantName = "[No Variations]"
Add component (AddParameter): Name = "SizeAreaWB_mm2"; Value = "14"; VariantName = "[No Variations]"
Add component (AddParameter): Name = "SizeX_mm"; Value = "2.5"; VariantName = "[No Variations]"
Add component (AddParameter): Name = "SizeY_mm"; Value = "3"; VariantName = "[No Variations]"
Add component (AddParameter): Name = "SizeZ_mm"; Value = "1.1"; VariantName = "[No Variations]"
Add component (AddParameter): Name = "Supplier 1"; Value = "Digi-Key"; VariantName = "[No Variations]"
Add component (AddParameter): Name = "Supplier 2"; Value = ""; VariantName = "[No Variations]"
Add component (AddParameter): Name = "Supplier 3"; Value = ""; VariantName = "[No Variations]"
Add component (AddParameter): Name = "Supplier Part Number 1"; Value = "568-6225-1-ND"; VariantName = "[No Variations]"
Add component (AddParameter): Name = "Supplier Part Number 2"; Value = ""; VariantName = "[No Variations]"
Add component (AddParameter): Name = "Supplier Part Number 3"; Value = ""; VariantName = "[No Variations]"
Add component (AddParameter): Name = "SymbolVersion"; Value = "2008-07-31"; VariantName = "[No Variations]"
Add component (AddParameter): Name = "TaMax_C"; Value = "150"; VariantName = "[No Variations]"
Add component (AddParameter): Name = "TaMin_C"; Value = "-65"; VariantName = "[No Variations]"
Add component (AddParameter): Name = "U/M"; Value = "EA"; VariantName = "[No Variations]"
Add component (AddParameter): Name = "Value"; Value = "40 V"; VariantName = "[No Variations]"
Add component (AddParameter): Name = "Value1"; Value = "0.8 A"; VariantName = "[No Variations]"
Add component (AddParameter): Name = "Value2"; Value = "300"; VariantName = "[No Variations]"
Add component (AddParameter): Name = "Vceo_V"; Value = "40"; VariantName = "[No Variations]"
Add component (AddParameter): Name = "Vcesat1_V"; Value = "0.3"; VariantName = "[No Variations]"
Added Component: Designator=Q3(dpak)
Add component (AddParameter): Name = "ComponentLink1Description"; Value = "Manufacturer Link"; VariantName = "[No Variations]"
Add component (AddParameter): Name = "ComponentLink1URL"; Value = "http://www.irf.com/"; VariantName = "[No Variations]"
Add component (AddParameter): Name = "DatasheetVersion"; Value = "PD-9.814"; VariantName = "[No Variations]"
Add component (AddParameter): Name = "LatestRevisionDate"; Value = "17-Jul-2002"; VariantName = "[No Variations]"
Add component (AddParameter): Name = "LatestRevisionNote"; Value = "Re-released for DXP Platform."; VariantName = "[No Variations]"
Add component (AddParameter): Name = "Note"; Value = "Pin 2 is electrically connected to pin 4."; VariantName = "[No Variations]"
Add component (AddParameter): Name = "PackageDescription"; Value = "TO, Thru-Hole, Vertical, Heatsink Mounted; 3 In-Line Leads; Pitch 2.54 mm"; VariantName = "[No Variations]"
Add component (AddParameter): Name = "PackageReference"; Value = "TO-220AB"; VariantName = "[No Variations]"
Add component (AddParameter): Name = "PackageVersion"; Value = "Feb-1997"; VariantName = "[No Variations]"
Add component (AddParameter): Name = "Published"; Value = "8-Jun-2000"; VariantName = "[No Variations]"
Add component (AddParameter): Name = "Publisher"; Value = "Altium Limited"; VariantName = "[No Variations]"
Added Component: Designator=Q4(NPN)
Add component (AddParameter): Name = "Transistor"; Value = "BC817"; VariantName = "[No Variations]"
Added Component: Designator=Q5_1(NPN)
Add component (AddParameter): Name = "Transistor"; Value = "BC817"; VariantName = "[No Variations]"
Added Component: Designator=Q5_2(NPN)
Add component (AddParameter): Name = "Transistor"; Value = "BC817"; VariantName = "[No Variations]"
Added Component: Designator=Q6_1(dpak)
Add component (AddParameter): Name = "ComponentLink1Description"; Value = "Manufacturer Link"; VariantName = "[No Variations]"
Add component (AddParameter): Name = "ComponentLink1URL"; Value = "http://www.irf.com/"; VariantName = "[No Variations]"
Add component (AddParameter): Name = "DatasheetVersion"; Value = "PD-9.814"; VariantName = "[No Variations]"
Add component (AddParameter): Name = "LatestRevisionDate"; Value = "17-Jul-2002"; VariantName = "[No Variations]"
Add component (AddParameter): Name = "LatestRevisionNote"; Value = "Re-released for DXP Platform."; VariantName = "[No Variations]"
Add component (AddParameter): Name = "Note"; Value = "Pin 2 is electrically connected to pin 4."; VariantName = "[No Variations]"
Add component (AddParameter): Name = "PackageDescription"; Value = "TO, Thru-Hole, Vertical, Heatsink Mounted; 3 In-Line Leads; Pitch 2.54 mm"; VariantName = "[No Variations]"
Add component (AddParameter): Name = "PackageReference"; Value = "TO-220AB"; VariantName = "[No Variations]"
Add component (AddParameter): Name = "PackageVersion"; Value = "Feb-1997"; VariantName = "[No Variations]"
Add component (AddParameter): Name = "Published"; Value = "8-Jun-2000"; VariantName = "[No Variations]"
Add component (AddParameter): Name = "Publisher"; Value = "Altium Limited"; VariantName = "[No Variations]"
Added Component: Designator=Q6_2(dpak)
Add component (AddParameter): Name = "ComponentLink1Description"; Value = "Manufacturer Link"; VariantName = "[No Variations]"
Add component (AddParameter): Name = "ComponentLink1URL"; Value = "http://www.irf.com/"; VariantName = "[No Variations]"
Add component (AddParameter): Name = "DatasheetVersion"; Value = "PD-9.814"; VariantName = "[No Variations]"
Add component (AddParameter): Name = "LatestRevisionDate"; Value = "17-Jul-2002"; VariantName = "[No Variations]"
Add component (AddParameter): Name = "LatestRevisionNote"; Value = "Re-released for DXP Platform."; VariantName = "[No Variations]"
Add component (AddParameter): Name = "Note"; Value = "Pin 2 is electrically connected to pin 4."; VariantName = "[No Variations]"
Add component (AddParameter): Name = "PackageDescription"; Value = "TO, Thru-Hole, Vertical, Heatsink Mounted; 3 In-Line Leads; Pitch 2.54 mm"; VariantName = "[No Variations]"
Add component (AddParameter): Name = "PackageReference"; Value = "TO-220AB"; VariantName = "[No Variations]"
Add component (AddParameter): Name = "PackageVersion"; Value = "Feb-1997"; VariantName = "[No Variations]"
Add component (AddParameter): Name = "Published"; Value = "8-Jun-2000"; VariantName = "[No Variations]"
Add component (AddParameter): Name = "Publisher"; Value = "Altium Limited"; VariantName = "[No Variations]"
Added Component: Designator=R1(RESC0603)
Add component (AddParameter): Name = "LatestRevisionDate"; Value = "17-Jul-2002"; VariantName = "[No Variations]"
Add component (AddParameter): Name = "LatestRevisionNote"; Value = "Re-released for DXP Platform."; VariantName = "[No Variations]"
Add component (AddParameter): Name = "PackageReference"; Value = "AXIAL-0.5"; VariantName = "[No Variations]"
Add component (AddParameter): Name = "Published"; Value = "8-Jun-2000"; VariantName = "[No Variations]"
Add component (AddParameter): Name = "Publisher"; Value = "Altium Limited"; VariantName = "[No Variations]"
Add component (AddParameter): Name = "Value"; Value = "10K"; VariantName = "[No Variations]"
Added Component: Designator=R2(RESC0603)
Add component (AddParameter): Name = "LatestRevisionDate"; Value = "17-Jul-2002"; VariantName = "[No Variations]"
Add component (AddParameter): Name = "LatestRevisionNote"; Value = "Re-released for DXP Platform."; VariantName = "[No Variations]"
Add component (AddParameter): Name = "PackageReference"; Value = "AXIAL-0.5"; VariantName = "[No Variations]"
Add component (AddParameter): Name = "Published"; Value = "8-Jun-2000"; VariantName = "[No Variations]"
Add component (AddParameter): Name = "Publisher"; Value = "Altium Limited"; VariantName = "[No Variations]"
Add component (AddParameter): Name = "Value"; Value = "10K"; VariantName = "[No Variations]"
Added Component: Designator=R3(RESC0603)
Add component (AddParameter): Name = "LatestRevisionDate"; Value = "17-Jul-2002"; VariantName = "[No Variations]"
Add component (AddParameter): Name = "LatestRevisionNote"; Value = "Re-released for DXP Platform."; VariantName = "[No Variations]"
Add component (AddParameter): Name = "PackageReference"; Value = "AXIAL-0.5"; VariantName = "[No Variations]"
Add component (AddParameter): Name = "Published"; Value = "8-Jun-2000"; VariantName = "[No Variations]"
Add component (AddParameter): Name = "Publisher"; Value = "Altium Limited"; VariantName = "[No Variations]"
Add component (AddParameter): Name = "Value"; Value = "10K"; VariantName = "[No Variations]"
Added Component: Designator=R4(RESC0603)
Add component (AddParameter): Name = "LatestRevisionDate"; Value = "17-Jul-2002"; VariantName = "[No Variations]"
Add component (AddParameter): Name = "LatestRevisionNote"; Value = "Re-released for DXP Platform."; VariantName = "[No Variations]"
Add component (AddParameter): Name = "PackageReference"; Value = "AXIAL-0.5"; VariantName = "[No Variations]"
Add component (AddParameter): Name = "Published"; Value = "8-Jun-2000"; VariantName = "[No Variations]"
Add component (AddParameter): Name = "Publisher"; Value = "Altium Limited"; VariantName = "[No Variations]"
Add component (AddParameter): Name = "Value"; Value = "10K"; VariantName = "[No Variations]"
Added Component: Designator=R5(RESC0603)
Add component (AddParameter): Name = "LatestRevisionDate"; Value = "17-Jul-2002"; VariantName = "[No Variations]"
Add component (AddParameter): Name = "LatestRevisionNote"; Value = "Re-released for DXP Platform."; VariantName = "[No Variations]"
Add component (AddParameter): Name = "PackageReference"; Value = "AXIAL-0.5"; VariantName = "[No Variations]"
Add component (AddParameter): Name = "Published"; Value = "8-Jun-2000"; VariantName = "[No Variations]"
Add component (AddParameter): Name = "Publisher"; Value = "Altium Limited"; VariantName = "[No Variations]"
Add component (AddParameter): Name = "Value"; Value = "10K"; VariantName = "[No Variations]"
Added Component: Designator=R6(RESC0603)
Add component (AddParameter): Name = "LatestRevisionDate"; Value = "17-Jul-2002"; VariantName = "[No Variations]"
Add component (AddParameter): Name = "LatestRevisionNote"; Value = "Re-released for DXP Platform."; VariantName = "[No Variations]"
Add component (AddParameter): Name = "PackageReference"; Value = "AXIAL-0.5"; VariantName = "[No Variations]"
Add component (AddParameter): Name = "Published"; Value = "8-Jun-2000"; VariantName = "[No Variations]"
Add component (AddParameter): Name = "Publisher"; Value = "Altium Limited"; VariantName = "[No Variations]"
Add component (AddParameter): Name = "Value"; Value = "10K"; VariantName = "[No Variations]"
Added Component: Designator=R7(RESC0603)
Add component (AddParameter): Name = "LatestRevisionDate"; Value = "17-Jul-2002"; VariantName = "[No Variations]"
Add component (AddParameter): Name = "LatestRevisionNote"; Value = "Re-released for DXP Platform."; VariantName = "[No Variations]"
Add component (AddParameter): Name = "PackageReference"; Value = "AXIAL-0.5"; VariantName = "[No Variations]"
Add component (AddParameter): Name = "Published"; Value = "8-Jun-2000"; VariantName = "[No Variations]"
Add component (AddParameter): Name = "Publisher"; Value = "Altium Limited"; VariantName = "[No Variations]"
Add component (AddParameter): Name = "Value"; Value = "10K"; VariantName = "[No Variations]"
Added Component: Designator=R8(RESC0603)
Add component (AddParameter): Name = "LatestRevisionDate"; Value = "17-Jul-2002"; VariantName = "[No Variations]"
Add component (AddParameter): Name = "LatestRevisionNote"; Value = "Re-released for DXP Platform."; VariantName = "[No Variations]"
Add component (AddParameter): Name = "PackageReference"; Value = "AXIAL-0.5"; VariantName = "[No Variations]"
Add component (AddParameter): Name = "Published"; Value = "8-Jun-2000"; VariantName = "[No Variations]"
Add component (AddParameter): Name = "Publisher"; Value = "Altium Limited"; VariantName = "[No Variations]"
Add component (AddParameter): Name = "Value"; Value = "10K"; VariantName = "[No Variations]"
Added Component: Designator=R9(RESC0603)
Add component (AddParameter): Name = "LatestRevisionDate"; Value = "17-Jul-2002"; VariantName = "[No Variations]"
Add component (AddParameter): Name = "LatestRevisionNote"; Value = "Re-released for DXP Platform."; VariantName = "[No Variations]"
Add component (AddParameter): Name = "PackageReference"; Value = "AXIAL-0.5"; VariantName = "[No Variations]"
Add component (AddParameter): Name = "Published"; Value = "8-Jun-2000"; VariantName = "[No Variations]"
Add component (AddParameter): Name = "Publisher"; Value = "Altium Limited"; VariantName = "[No Variations]"
Add component (AddParameter): Name = "Value"; Value = "10K"; VariantName = "[No Variations]"
Added Component: Designator=R10(RESC0603)
Add component (AddParameter): Name = "LatestRevisionDate"; Value = "17-Jul-2002"; VariantName = "[No Variations]"
Add component (AddParameter): Name = "LatestRevisionNote"; Value = "Re-released for DXP Platform."; VariantName = "[No Variations]"
Add component (AddParameter): Name = "PackageReference"; Value = "AXIAL-0.5"; VariantName = "[No Variations]"
Add component (AddParameter): Name = "Published"; Value = "8-Jun-2000"; VariantName = "[No Variations]"
Add component (AddParameter): Name = "Publisher"; Value = "Altium Limited"; VariantName = "[No Variations]"
Add component (AddParameter): Name = "Value"; Value = "10K"; VariantName = "[No Variations]"
Added Component: Designator=R11(RESC0603)
Add component (AddParameter): Name = "LatestRevisionDate"; Value = "17-Jul-2002"; VariantName = "[No Variations]"
Add component (AddParameter): Name = "LatestRevisionNote"; Value = "Re-released for DXP Platform."; VariantName = "[No Variations]"
Add component (AddParameter): Name = "PackageReference"; Value = "AXIAL-0.5"; VariantName = "[No Variations]"
Add component (AddParameter): Name = "Published"; Value = "8-Jun-2000"; VariantName = "[No Variations]"
Add component (AddParameter): Name = "Publisher"; Value = "Altium Limited"; VariantName = "[No Variations]"
Add component (AddParameter): Name = "Value"; Value = "47"; VariantName = "[No Variations]"
Added Component: Designator=R12(RESC0603)
Add component (AddParameter): Name = "LatestRevisionDate"; Value = "17-Jul-2002"; VariantName = "[No Variations]"
Add component (AddParameter): Name = "LatestRevisionNote"; Value = "Re-released for DXP Platform."; VariantName = "[No Variations]"
Add component (AddParameter): Name = "PackageReference"; Value = "AXIAL-0.5"; VariantName = "[No Variations]"
Add component (AddParameter): Name = "Published"; Value = "8-Jun-2000"; VariantName = "[No Variations]"
Add component (AddParameter): Name = "Publisher"; Value = "Altium Limited"; VariantName = "[No Variations]"
Add component (AddParameter): Name = "Value"; Value = "200"; VariantName = "[No Variations]"
Added Component: Designator=R13(RESC0603)
Add component (AddParameter): Name = "LatestRevisionDate"; Value = "17-Jul-2002"; VariantName = "[No Variations]"
Add component (AddParameter): Name = "LatestRevisionNote"; Value = "Re-released for DXP Platform."; VariantName = "[No Variations]"
Add component (AddParameter): Name = "PackageReference"; Value = "AXIAL-0.5"; VariantName = "[No Variations]"
Add component (AddParameter): Name = "Published"; Value = "8-Jun-2000"; VariantName = "[No Variations]"
Add component (AddParameter): Name = "Publisher"; Value = "Altium Limited"; VariantName = "[No Variations]"
Add component (AddParameter): Name = "Value"; Value = "200"; VariantName = "[No Variations]"
Added Component: Designator=R14(RESC0603)
Add component (AddParameter): Name = "LatestRevisionDate"; Value = "17-Jul-2002"; VariantName = "[No Variations]"
Add component (AddParameter): Name = "LatestRevisionNote"; Value = "Re-released for DXP Platform."; VariantName = "[No Variations]"
Add component (AddParameter): Name = "PackageReference"; Value = "AXIAL-0.5"; VariantName = "[No Variations]"
Add component (AddParameter): Name = "Published"; Value = "8-Jun-2000"; VariantName = "[No Variations]"
Add component (AddParameter): Name = "Publisher"; Value = "Altium Limited"; VariantName = "[No Variations]"
Add component (AddParameter): Name = "Value"; Value = "200"; VariantName = "[No Variations]"
Added Component: Designator=R15(RESC0603)
Add component (AddParameter): Name = "LatestRevisionDate"; Value = "17-Jul-2002"; VariantName = "[No Variations]"
Add component (AddParameter): Name = "LatestRevisionNote"; Value = "Re-released for DXP Platform."; VariantName = "[No Variations]"
Add component (AddParameter): Name = "PackageReference"; Value = "AXIAL-0.5"; VariantName = "[No Variations]"
Add component (AddParameter): Name = "Published"; Value = "8-Jun-2000"; VariantName = "[No Variations]"
Add component (AddParameter): Name = "Publisher"; Value = "Altium Limited"; VariantName = "[No Variations]"
Add component (AddParameter): Name = "Value"; Value = "200"; VariantName = "[No Variations]"
Added Component: Designator=R16(RESC0603)
Add component (AddParameter): Name = "LatestRevisionDate"; Value = "17-Jul-2002"; VariantName = "[No Variations]"
Add component (AddParameter): Name = "LatestRevisionNote"; Value = "Re-released for DXP Platform."; VariantName = "[No Variations]"
Add component (AddParameter): Name = "PackageReference"; Value = "AXIAL-0.5"; VariantName = "[No Variations]"
Add component (AddParameter): Name = "Published"; Value = "8-Jun-2000"; VariantName = "[No Variations]"
Add component (AddParameter): Name = "Publisher"; Value = "Altium Limited"; VariantName = "[No Variations]"
Add component (AddParameter): Name = "Value"; Value = "200"; VariantName = "[No Variations]"
Added Component: Designator=R17(RESC0603)
Add component (AddParameter): Name = "LatestRevisionDate"; Value = "17-Jul-2002"; VariantName = "[No Variations]"
Add component (AddParameter): Name = "LatestRevisionNote"; Value = "Re-released for DXP Platform."; VariantName = "[No Variations]"
Add component (AddParameter): Name = "PackageReference"; Value = "AXIAL-0.5"; VariantName = "[No Variations]"
Add component (AddParameter): Name = "Published"; Value = "8-Jun-2000"; VariantName = "[No Variations]"
Add component (AddParameter): Name = "Publisher"; Value = "Altium Limited"; VariantName = "[No Variations]"
Add component (AddParameter): Name = "Value"; Value = "200"; VariantName = "[No Variations]"
Added Component: Designator=R18(RESC0603)
Add component (AddParameter): Name = "LatestRevisionDate"; Value = "17-Jul-2002"; VariantName = "[No Variations]"
Add component (AddParameter): Name = "LatestRevisionNote"; Value = "Re-released for DXP Platform."; VariantName = "[No Variations]"
Add component (AddParameter): Name = "PackageReference"; Value = "AXIAL-0.5"; VariantName = "[No Variations]"
Add component (AddParameter): Name = "Published"; Value = "8-Jun-2000"; VariantName = "[No Variations]"
Add component (AddParameter): Name = "Publisher"; Value = "Altium Limited"; VariantName = "[No Variations]"
Add component (AddParameter): Name = "Value"; Value = "200"; VariantName = "[No Variations]"
Added Component: Designator=R19(RESC0603)
Add component (AddParameter): Name = "LatestRevisionDate"; Value = "17-Jul-2002"; VariantName = "[No Variations]"
Add component (AddParameter): Name = "LatestRevisionNote"; Value = "Re-released for DXP Platform."; VariantName = "[No Variations]"
Add component (AddParameter): Name = "PackageReference"; Value = "AXIAL-0.5"; VariantName = "[No Variations]"
Add component (AddParameter): Name = "Published"; Value = "8-Jun-2000"; VariantName = "[No Variations]"
Add component (AddParameter): Name = "Publisher"; Value = "Altium Limited"; VariantName = "[No Variations]"
Add component (AddParameter): Name = "Value"; Value = "200"; VariantName = "[No Variations]"
Added Component: Designator=R20(RESC0603)
Add component (AddParameter): Name = "LatestRevisionDate"; Value = "17-Jul-2002"; VariantName = "[No Variations]"
Add component (AddParameter): Name = "LatestRevisionNote"; Value = "Re-released for DXP Platform."; VariantName = "[No Variations]"
Add component (AddParameter): Name = "PackageReference"; Value = "AXIAL-0.5"; VariantName = "[No Variations]"
Add component (AddParameter): Name = "Published"; Value = "8-Jun-2000"; VariantName = "[No Variations]"
Add component (AddParameter): Name = "Publisher"; Value = "Altium Limited"; VariantName = "[No Variations]"
Add component (AddParameter): Name = "Value"; Value = "200"; VariantName = "[No Variations]"
Added Component: Designator=R21(RESC0603)
Add component (AddParameter): Name = "LatestRevisionDate"; Value = "17-Jul-2002"; VariantName = "[No Variations]"
Add component (AddParameter): Name = "LatestRevisionNote"; Value = "Re-released for DXP Platform."; VariantName = "[No Variations]"
Add component (AddParameter): Name = "PackageReference"; Value = "AXIAL-0.5"; VariantName = "[No Variations]"
Add component (AddParameter): Name = "Published"; Value = "8-Jun-2000"; VariantName = "[No Variations]"
Add component (AddParameter): Name = "Publisher"; Value = "Altium Limited"; VariantName = "[No Variations]"
Add component (AddParameter): Name = "Value"; Value = "200"; VariantName = "[No Variations]"
Added Component: Designator=R22(RESC0603)
Add component (AddParameter): Name = "LatestRevisionDate"; Value = "17-Jul-2002"; VariantName = "[No Variations]"
Add component (AddParameter): Name = "LatestRevisionNote"; Value = "Re-released for DXP Platform."; VariantName = "[No Variations]"
Add component (AddParameter): Name = "PackageReference"; Value = "AXIAL-0.5"; VariantName = "[No Variations]"
Add component (AddParameter): Name = "Published"; Value = "8-Jun-2000"; VariantName = "[No Variations]"
Add component (AddParameter): Name = "Publisher"; Value = "Altium Limited"; VariantName = "[No Variations]"
Add component (AddParameter): Name = "Value"; Value = "200"; VariantName = "[No Variations]"
Added Component: Designator=R23(RESC0603)
Add component (AddParameter): Name = "LatestRevisionDate"; Value = "17-Jul-2002"; VariantName = "[No Variations]"
Add component (AddParameter): Name = "LatestRevisionNote"; Value = "Re-released for DXP Platform."; VariantName = "[No Variations]"
Add component (AddParameter): Name = "PackageReference"; Value = "AXIAL-0.5"; VariantName = "[No Variations]"
Add component (AddParameter): Name = "Published"; Value = "8-Jun-2000"; VariantName = "[No Variations]"
Add component (AddParameter): Name = "Publisher"; Value = "Altium Limited"; VariantName = "[No Variations]"
Add component (AddParameter): Name = "Value"; Value = "200"; VariantName = "[No Variations]"
Added Component: Designator=R24(RESC0603)
Add component (AddParameter): Name = "LatestRevisionDate"; Value = "17-Jul-2002"; VariantName = "[No Variations]"
Add component (AddParameter): Name = "LatestRevisionNote"; Value = "Re-released for DXP Platform."; VariantName = "[No Variations]"
Add component (AddParameter): Name = "PackageReference"; Value = "AXIAL-0.5"; VariantName = "[No Variations]"
Add component (AddParameter): Name = "Published"; Value = "8-Jun-2000"; VariantName = "[No Variations]"
Add component (AddParameter): Name = "Publisher"; Value = "Altium Limited"; VariantName = "[No Variations]"
Add component (AddParameter): Name = "Value"; Value = "200"; VariantName = "[No Variations]"
Added Component: Designator=R25(RESC0603)
Add component (AddParameter): Name = "LatestRevisionDate"; Value = "17-Jul-2002"; VariantName = "[No Variations]"
Add component (AddParameter): Name = "LatestRevisionNote"; Value = "Re-released for DXP Platform."; VariantName = "[No Variations]"
Add component (AddParameter): Name = "PackageReference"; Value = "AXIAL-0.5"; VariantName = "[No Variations]"
Add component (AddParameter): Name = "Published"; Value = "8-Jun-2000"; VariantName = "[No Variations]"
Add component (AddParameter): Name = "Publisher"; Value = "Altium Limited"; VariantName = "[No Variations]"
Add component (AddParameter): Name = "Value"; Value = "200"; VariantName = "[No Variations]"
Added Component: Designator=R26(RESC0603)
Add component (AddParameter): Name = "LatestRevisionDate"; Value = "17-Jul-2002"; VariantName = "[No Variations]"
Add component (AddParameter): Name = "LatestRevisionNote"; Value = "Re-released for DXP Platform."; VariantName = "[No Variations]"
Add component (AddParameter): Name = "PackageReference"; Value = "AXIAL-0.5"; VariantName = "[No Variations]"
Add component (AddParameter): Name = "Published"; Value = "8-Jun-2000"; VariantName = "[No Variations]"
Add component (AddParameter): Name = "Publisher"; Value = "Altium Limited"; VariantName = "[No Variations]"
Add component (AddParameter): Name = "Value"; Value = "200"; VariantName = "[No Variations]"
Added Component: Designator=R27(RESC0603)
Add component (AddParameter): Name = "LatestRevisionDate"; Value = "17-Jul-2002"; VariantName = "[No Variations]"
Add component (AddParameter): Name = "LatestRevisionNote"; Value = "Re-released for DXP Platform."; VariantName = "[No Variations]"
Add component (AddParameter): Name = "PackageReference"; Value = "AXIAL-0.5"; VariantName = "[No Variations]"
Add component (AddParameter): Name = "Published"; Value = "8-Jun-2000"; VariantName = "[No Variations]"
Add component (AddParameter): Name = "Publisher"; Value = "Altium Limited"; VariantName = "[No Variations]"
Add component (AddParameter): Name = "Value"; Value = "200"; VariantName = "[No Variations]"
Added Component: Designator=R28(RESC0603)
Add component (AddParameter): Name = "LatestRevisionDate"; Value = "17-Jul-2002"; VariantName = "[No Variations]"
Add component (AddParameter): Name = "LatestRevisionNote"; Value = "Re-released for DXP Platform."; VariantName = "[No Variations]"
Add component (AddParameter): Name = "PackageReference"; Value = "AXIAL-0.5"; VariantName = "[No Variations]"
Add component (AddParameter): Name = "Published"; Value = "8-Jun-2000"; VariantName = "[No Variations]"
Add component (AddParameter): Name = "Publisher"; Value = "Altium Limited"; VariantName = "[No Variations]"
Add component (AddParameter): Name = "Value"; Value = "100"; VariantName = "[No Variations]"
Added Component: Designator=R29(RES0603)
Add component (AddParameter): Name = "LatestRevisionDate"; Value = "17-Jul-2002"; VariantName = "[No Variations]"
Add component (AddParameter): Name = "LatestRevisionNote"; Value = "Re-released for DXP Platform."; VariantName = "[No Variations]"
Add component (AddParameter): Name = "PackageDescription"; Value = "Axial Device, Thru-Hole; 2 Leads; 0.3 in Pin Spacing"; VariantName = "[No Variations]"
Add component (AddParameter): Name = "PackageReference"; Value = "AXIAL-0.3"; VariantName = "[No Variations]"
Add component (AddParameter): Name = "Published"; Value = "8-Jun-2000"; VariantName = "[No Variations]"
Add component (AddParameter): Name = "Publisher"; Value = "Altium Limited"; VariantName = "[No Variations]"
Add component (AddParameter): Name = "Value"; Value = "10K"; VariantName = "[No Variations]"
Added Component: Designator=R30(RES2512)
Add component (AddParameter): Name = "LatestRevisionDate"; Value = "17-Jul-2002"; VariantName = "[No Variations]"
Add component (AddParameter): Name = "LatestRevisionNote"; Value = "Re-released for DXP Platform."; VariantName = "[No Variations]"
Add component (AddParameter): Name = "PackageReference"; Value = "AXIAL-0.5"; VariantName = "[No Variations]"
Add component (AddParameter): Name = "Published"; Value = "8-Jun-2000"; VariantName = "[No Variations]"
Add component (AddParameter): Name = "Publisher"; Value = "Altium Limited"; VariantName = "[No Variations]"
Add component (AddParameter): Name = "Value"; Value = "15"; VariantName = "[No Variations]"
Added Component: Designator=R31(RES2512)
Add component (AddParameter): Name = "LatestRevisionDate"; Value = "17-Jul-2002"; VariantName = "[No Variations]"
Add component (AddParameter): Name = "LatestRevisionNote"; Value = "Re-released for DXP Platform."; VariantName = "[No Variations]"
Add component (AddParameter): Name = "PackageReference"; Value = "AXIAL-0.5"; VariantName = "[No Variations]"
Add component (AddParameter): Name = "Published"; Value = "8-Jun-2000"; VariantName = "[No Variations]"
Add component (AddParameter): Name = "Publisher"; Value = "Altium Limited"; VariantName = "[No Variations]"
Add component (AddParameter): Name = "Value"; Value = "15"; VariantName = "[No Variations]"
Added Component: Designator=R32(RES2512)
Add component (AddParameter): Name = "LatestRevisionDate"; Value = "17-Jul-2002"; VariantName = "[No Variations]"
Add component (AddParameter): Name = "LatestRevisionNote"; Value = "Re-released for DXP Platform."; VariantName = "[No Variations]"
Add component (AddParameter): Name = "PackageReference"; Value = "AXIAL-0.5"; VariantName = "[No Variations]"
Add component (AddParameter): Name = "Published"; Value = "8-Jun-2000"; VariantName = "[No Variations]"
Add component (AddParameter): Name = "Publisher"; Value = "Altium Limited"; VariantName = "[No Variations]"
Add component (AddParameter): Name = "Value"; Value = "15"; VariantName = "[No Variations]"
Added Component: Designator=R33(RES2512)
Add component (AddParameter): Name = "LatestRevisionDate"; Value = "17-Jul-2002"; VariantName = "[No Variations]"
Add component (AddParameter): Name = "LatestRevisionNote"; Value = "Re-released for DXP Platform."; VariantName = "[No Variations]"
Add component (AddParameter): Name = "PackageReference"; Value = "AXIAL-0.5"; VariantName = "[No Variations]"
Add component (AddParameter): Name = "Published"; Value = "8-Jun-2000"; VariantName = "[No Variations]"
Add component (AddParameter): Name = "Publisher"; Value = "Altium Limited"; VariantName = "[No Variations]"
Add component (AddParameter): Name = "Value"; Value = "15"; VariantName = "[No Variations]"
Added Component: Designator=R34(RES0603)
Add component (AddParameter): Name = "LatestRevisionDate"; Value = "17-Jul-2002"; VariantName = "[No Variations]"
Add component (AddParameter): Name = "LatestRevisionNote"; Value = "Re-released for DXP Platform."; VariantName = "[No Variations]"
Add component (AddParameter): Name = "PackageDescription"; Value = "Axial Device, Thru-Hole; 2 Leads; 0.3 in Pin Spacing"; VariantName = "[No Variations]"
Add component (AddParameter): Name = "PackageReference"; Value = "AXIAL-0.3"; VariantName = "[No Variations]"
Add component (AddParameter): Name = "Published"; Value = "8-Jun-2000"; VariantName = "[No Variations]"
Add component (AddParameter): Name = "Publisher"; Value = "Altium Limited"; VariantName = "[No Variations]"
Add component (AddParameter): Name = "Value"; Value = "0"; VariantName = "[No Variations]"
Added Component: Designator=R35(RES0603)
Add component (AddParameter): Name = "LatestRevisionDate"; Value = "17-Jul-2002"; VariantName = "[No Variations]"
Add component (AddParameter): Name = "LatestRevisionNote"; Value = "Re-released for DXP Platform."; VariantName = "[No Variations]"
Add component (AddParameter): Name = "PackageDescription"; Value = "Axial Device, Thru-Hole; 2 Leads; 0.3 in Pin Spacing"; VariantName = "[No Variations]"
Add component (AddParameter): Name = "PackageReference"; Value = "AXIAL-0.3"; VariantName = "[No Variations]"
Add component (AddParameter): Name = "Published"; Value = "8-Jun-2000"; VariantName = "[No Variations]"
Add component (AddParameter): Name = "Publisher"; Value = "Altium Limited"; VariantName = "[No Variations]"
Add component (AddParameter): Name = "Value"; Value = "10K"; VariantName = "[No Variations]"
Added Component: Designator=R36(RES0603)
Add component (AddParameter): Name = "LatestRevisionDate"; Value = "17-Jul-2002"; VariantName = "[No Variations]"
Add component (AddParameter): Name = "LatestRevisionNote"; Value = "Re-released for DXP Platform."; VariantName = "[No Variations]"
Add component (AddParameter): Name = "PackageDescription"; Value = "Axial Device, Thru-Hole; 2 Leads; 0.3 in Pin Spacing"; VariantName = "[No Variations]"
Add component (AddParameter): Name = "PackageReference"; Value = "AXIAL-0.3"; VariantName = "[No Variations]"
Add component (AddParameter): Name = "Published"; Value = "8-Jun-2000"; VariantName = "[No Variations]"
Add component (AddParameter): Name = "Publisher"; Value = "Altium Limited"; VariantName = "[No Variations]"
Add component (AddParameter): Name = "Value"; Value = "10K"; VariantName = "[No Variations]"
Added Component: Designator=R37(RES0603)
Add component (AddParameter): Name = "LatestRevisionDate"; Value = "17-Jul-2002"; VariantName = "[No Variations]"
Add component (AddParameter): Name = "LatestRevisionNote"; Value = "Re-released for DXP Platform."; VariantName = "[No Variations]"
Add component (AddParameter): Name = "PackageDescription"; Value = "Axial Device, Thru-Hole; 2 Leads; 0.3 in Pin Spacing"; VariantName = "[No Variations]"
Add component (AddParameter): Name = "PackageReference"; Value = "AXIAL-0.3"; VariantName = "[No Variations]"
Add component (AddParameter): Name = "Published"; Value = "8-Jun-2000"; VariantName = "[No Variations]"
Add component (AddParameter): Name = "Publisher"; Value = "Altium Limited"; VariantName = "[No Variations]"
Add component (AddParameter): Name = "Value"; Value = "10K"; VariantName = "[No Variations]"
Added Component: Designator=R38(RES0603)
Add component (AddParameter): Name = "LatestRevisionDate"; Value = "17-Jul-2002"; VariantName = "[No Variations]"
Add component (AddParameter): Name = "LatestRevisionNote"; Value = "Re-released for DXP Platform."; VariantName = "[No Variations]"
Add component (AddParameter): Name = "PackageDescription"; Value = "Axial Device, Thru-Hole; 2 Leads; 0.3 in Pin Spacing"; VariantName = "[No Variations]"
Add component (AddParameter): Name = "PackageReference"; Value = "AXIAL-0.3"; VariantName = "[No Variations]"
Add component (AddParameter): Name = "Published"; Value = "8-Jun-2000"; VariantName = "[No Variations]"
Add component (AddParameter): Name = "Publisher"; Value = "Altium Limited"; VariantName = "[No Variations]"
Add component (AddParameter): Name = "Value"; Value = "100"; VariantName = "[No Variations]"
Added Component: Designator=R39(RES0603)
Add component (AddParameter): Name = "LatestRevisionDate"; Value = "17-Jul-2002"; VariantName = "[No Variations]"
Add component (AddParameter): Name = "LatestRevisionNote"; Value = "Re-released for DXP Platform."; VariantName = "[No Variations]"
Add component (AddParameter): Name = "PackageDescription"; Value = "Axial Device, Thru-Hole; 2 Leads; 0.3 in Pin Spacing"; VariantName = "[No Variations]"
Add component (AddParameter): Name = "PackageReference"; Value = "AXIAL-0.3"; VariantName = "[No Variations]"
Add component (AddParameter): Name = "Published"; Value = "8-Jun-2000"; VariantName = "[No Variations]"
Add component (AddParameter): Name = "Publisher"; Value = "Altium Limited"; VariantName = "[No Variations]"
Add component (AddParameter): Name = "Value"; Value = "10K"; VariantName = "[No Variations]"
Added Component: Designator=R40_1(RESC0603)
Add component (AddParameter): Name = "LatestRevisionDate"; Value = "17-Jul-2002"; VariantName = "[No Variations]"
Add component (AddParameter): Name = "LatestRevisionNote"; Value = "Re-released for DXP Platform."; VariantName = "[No Variations]"
Add component (AddParameter): Name = "PackageReference"; Value = "AXIAL-0.5"; VariantName = "[No Variations]"
Add component (AddParameter): Name = "Published"; Value = "8-Jun-2000"; VariantName = "[No Variations]"
Add component (AddParameter): Name = "Publisher"; Value = "Altium Limited"; VariantName = "[No Variations]"
Add component (AddParameter): Name = "Value"; Value = "100"; VariantName = "[No Variations]"
Added Component: Designator=R40_2(RESC0603)
Add component (AddParameter): Name = "LatestRevisionDate"; Value = "17-Jul-2002"; VariantName = "[No Variations]"
Add component (AddParameter): Name = "LatestRevisionNote"; Value = "Re-released for DXP Platform."; VariantName = "[No Variations]"
Add component (AddParameter): Name = "PackageReference"; Value = "AXIAL-0.5"; VariantName = "[No Variations]"
Add component (AddParameter): Name = "Published"; Value = "8-Jun-2000"; VariantName = "[No Variations]"
Add component (AddParameter): Name = "Publisher"; Value = "Altium Limited"; VariantName = "[No Variations]"
Add component (AddParameter): Name = "Value"; Value = "100"; VariantName = "[No Variations]"
Added Component: Designator=R40_3(RESC0603)
Add component (AddParameter): Name = "LatestRevisionDate"; Value = "17-Jul-2002"; VariantName = "[No Variations]"
Add component (AddParameter): Name = "LatestRevisionNote"; Value = "Re-released for DXP Platform."; VariantName = "[No Variations]"
Add component (AddParameter): Name = "PackageReference"; Value = "AXIAL-0.5"; VariantName = "[No Variations]"
Add component (AddParameter): Name = "Published"; Value = "8-Jun-2000"; VariantName = "[No Variations]"
Add component (AddParameter): Name = "Publisher"; Value = "Altium Limited"; VariantName = "[No Variations]"
Add component (AddParameter): Name = "Value"; Value = "100"; VariantName = "[No Variations]"
Added Component: Designator=R40_4(RESC0603)
Add component (AddParameter): Name = "LatestRevisionDate"; Value = "17-Jul-2002"; VariantName = "[No Variations]"
Add component (AddParameter): Name = "LatestRevisionNote"; Value = "Re-released for DXP Platform."; VariantName = "[No Variations]"
Add component (AddParameter): Name = "PackageReference"; Value = "AXIAL-0.5"; VariantName = "[No Variations]"
Add component (AddParameter): Name = "Published"; Value = "8-Jun-2000"; VariantName = "[No Variations]"
Add component (AddParameter): Name = "Publisher"; Value = "Altium Limited"; VariantName = "[No Variations]"
Add component (AddParameter): Name = "Value"; Value = "100"; VariantName = "[No Variations]"
Added Component: Designator=R40_5(RESC0603)
Add component (AddParameter): Name = "LatestRevisionDate"; Value = "17-Jul-2002"; VariantName = "[No Variations]"
Add component (AddParameter): Name = "LatestRevisionNote"; Value = "Re-released for DXP Platform."; VariantName = "[No Variations]"
Add component (AddParameter): Name = "PackageReference"; Value = "AXIAL-0.5"; VariantName = "[No Variations]"
Add component (AddParameter): Name = "Published"; Value = "8-Jun-2000"; VariantName = "[No Variations]"
Add component (AddParameter): Name = "Publisher"; Value = "Altium Limited"; VariantName = "[No Variations]"
Add component (AddParameter): Name = "Value"; Value = "100"; VariantName = "[No Variations]"
Added Component: Designator=R40_6(RESC0603)
Add component (AddParameter): Name = "LatestRevisionDate"; Value = "17-Jul-2002"; VariantName = "[No Variations]"
Add component (AddParameter): Name = "LatestRevisionNote"; Value = "Re-released for DXP Platform."; VariantName = "[No Variations]"
Add component (AddParameter): Name = "PackageReference"; Value = "AXIAL-0.5"; VariantName = "[No Variations]"
Add component (AddParameter): Name = "Published"; Value = "8-Jun-2000"; VariantName = "[No Variations]"
Add component (AddParameter): Name = "Publisher"; Value = "Altium Limited"; VariantName = "[No Variations]"
Add component (AddParameter): Name = "Value"; Value = "100"; VariantName = "[No Variations]"
Added Component: Designator=R40_7(RESC0603)
Add component (AddParameter): Name = "LatestRevisionDate"; Value = "17-Jul-2002"; VariantName = "[No Variations]"
Add component (AddParameter): Name = "LatestRevisionNote"; Value = "Re-released for DXP Platform."; VariantName = "[No Variations]"
Add component (AddParameter): Name = "PackageReference"; Value = "AXIAL-0.5"; VariantName = "[No Variations]"
Add component (AddParameter): Name = "Published"; Value = "8-Jun-2000"; VariantName = "[No Variations]"
Add component (AddParameter): Name = "Publisher"; Value = "Altium Limited"; VariantName = "[No Variations]"
Add component (AddParameter): Name = "Value"; Value = "100"; VariantName = "[No Variations]"
Added Component: Designator=R40_8(RESC0603)
Add component (AddParameter): Name = "LatestRevisionDate"; Value = "17-Jul-2002"; VariantName = "[No Variations]"
Add component (AddParameter): Name = "LatestRevisionNote"; Value = "Re-released for DXP Platform."; VariantName = "[No Variations]"
Add component (AddParameter): Name = "PackageReference"; Value = "AXIAL-0.5"; VariantName = "[No Variations]"
Add component (AddParameter): Name = "Published"; Value = "8-Jun-2000"; VariantName = "[No Variations]"
Add component (AddParameter): Name = "Publisher"; Value = "Altium Limited"; VariantName = "[No Variations]"
Add component (AddParameter): Name = "Value"; Value = "100"; VariantName = "[No Variations]"
Added Component: Designator=R40_9(RESC0603)
Add component (AddParameter): Name = "LatestRevisionDate"; Value = "17-Jul-2002"; VariantName = "[No Variations]"
Add component (AddParameter): Name = "LatestRevisionNote"; Value = "Re-released for DXP Platform."; VariantName = "[No Variations]"
Add component (AddParameter): Name = "PackageReference"; Value = "AXIAL-0.5"; VariantName = "[No Variations]"
Add component (AddParameter): Name = "Published"; Value = "8-Jun-2000"; VariantName = "[No Variations]"
Add component (AddParameter): Name = "Publisher"; Value = "Altium Limited"; VariantName = "[No Variations]"
Add component (AddParameter): Name = "Value"; Value = "100"; VariantName = "[No Variations]"
Added Component: Designator=R40_10(RESC0603)
Add component (AddParameter): Name = "LatestRevisionDate"; Value = "17-Jul-2002"; VariantName = "[No Variations]"
Add component (AddParameter): Name = "LatestRevisionNote"; Value = "Re-released for DXP Platform."; VariantName = "[No Variations]"
Add component (AddParameter): Name = "PackageReference"; Value = "AXIAL-0.5"; VariantName = "[No Variations]"
Add component (AddParameter): Name = "Published"; Value = "8-Jun-2000"; VariantName = "[No Variations]"
Add component (AddParameter): Name = "Publisher"; Value = "Altium Limited"; VariantName = "[No Variations]"
Add component (AddParameter): Name = "Value"; Value = "100"; VariantName = "[No Variations]"
Added Component: Designator=R40_11(RESC0603)
Add component (AddParameter): Name = "LatestRevisionDate"; Value = "17-Jul-2002"; VariantName = "[No Variations]"
Add component (AddParameter): Name = "LatestRevisionNote"; Value = "Re-released for DXP Platform."; VariantName = "[No Variations]"
Add component (AddParameter): Name = "PackageReference"; Value = "AXIAL-0.5"; VariantName = "[No Variations]"
Add component (AddParameter): Name = "Published"; Value = "8-Jun-2000"; VariantName = "[No Variations]"
Add component (AddParameter): Name = "Publisher"; Value = "Altium Limited"; VariantName = "[No Variations]"
Add component (AddParameter): Name = "Value"; Value = "100"; VariantName = "[No Variations]"
Added Component: Designator=R40_12(RESC0603)
Add component (AddParameter): Name = "LatestRevisionDate"; Value = "17-Jul-2002"; VariantName = "[No Variations]"
Add component (AddParameter): Name = "LatestRevisionNote"; Value = "Re-released for DXP Platform."; VariantName = "[No Variations]"
Add component (AddParameter): Name = "PackageReference"; Value = "AXIAL-0.5"; VariantName = "[No Variations]"
Add component (AddParameter): Name = "Published"; Value = "8-Jun-2000"; VariantName = "[No Variations]"
Add component (AddParameter): Name = "Publisher"; Value = "Altium Limited"; VariantName = "[No Variations]"
Add component (AddParameter): Name = "Value"; Value = "100"; VariantName = "[No Variations]"
Added Component: Designator=R40_13(RESC0603)
Add component (AddParameter): Name = "LatestRevisionDate"; Value = "17-Jul-2002"; VariantName = "[No Variations]"
Add component (AddParameter): Name = "LatestRevisionNote"; Value = "Re-released for DXP Platform."; VariantName = "[No Variations]"
Add component (AddParameter): Name = "PackageReference"; Value = "AXIAL-0.5"; VariantName = "[No Variations]"
Add component (AddParameter): Name = "Published"; Value = "8-Jun-2000"; VariantName = "[No Variations]"
Add component (AddParameter): Name = "Publisher"; Value = "Altium Limited"; VariantName = "[No Variations]"
Add component (AddParameter): Name = "Value"; Value = "100"; VariantName = "[No Variations]"
Added Component: Designator=R40_14(RESC0603)
Add component (AddParameter): Name = "LatestRevisionDate"; Value = "17-Jul-2002"; VariantName = "[No Variations]"
Add component (AddParameter): Name = "LatestRevisionNote"; Value = "Re-released for DXP Platform."; VariantName = "[No Variations]"
Add component (AddParameter): Name = "PackageReference"; Value = "AXIAL-0.5"; VariantName = "[No Variations]"
Add component (AddParameter): Name = "Published"; Value = "8-Jun-2000"; VariantName = "[No Variations]"
Add component (AddParameter): Name = "Publisher"; Value = "Altium Limited"; VariantName = "[No Variations]"
Add component (AddParameter): Name = "Value"; Value = "100"; VariantName = "[No Variations]"
Added Component: Designator=R40_15(RESC0603)
Add component (AddParameter): Name = "LatestRevisionDate"; Value = "17-Jul-2002"; VariantName = "[No Variations]"
Add component (AddParameter): Name = "LatestRevisionNote"; Value = "Re-released for DXP Platform."; VariantName = "[No Variations]"
Add component (AddParameter): Name = "PackageReference"; Value = "AXIAL-0.5"; VariantName = "[No Variations]"
Add component (AddParameter): Name = "Published"; Value = "8-Jun-2000"; VariantName = "[No Variations]"
Add component (AddParameter): Name = "Publisher"; Value = "Altium Limited"; VariantName = "[No Variations]"
Add component (AddParameter): Name = "Value"; Value = "100"; VariantName = "[No Variations]"
Added Component: Designator=R40_16(RESC0603)
Add component (AddParameter): Name = "LatestRevisionDate"; Value = "17-Jul-2002"; VariantName = "[No Variations]"
Add component (AddParameter): Name = "LatestRevisionNote"; Value = "Re-released for DXP Platform."; VariantName = "[No Variations]"
Add component (AddParameter): Name = "PackageReference"; Value = "AXIAL-0.5"; VariantName = "[No Variations]"
Add component (AddParameter): Name = "Published"; Value = "8-Jun-2000"; VariantName = "[No Variations]"
Add component (AddParameter): Name = "Publisher"; Value = "Altium Limited"; VariantName = "[No Variations]"
Add component (AddParameter): Name = "Value"; Value = "100"; VariantName = "[No Variations]"
Added Component: Designator=R41_1(RES2512)
Add component (AddParameter): Name = "LatestRevisionDate"; Value = "17-Jul-2002"; VariantName = "[No Variations]"
Add component (AddParameter): Name = "LatestRevisionNote"; Value = "Re-released for DXP Platform."; VariantName = "[No Variations]"
Add component (AddParameter): Name = "PackageReference"; Value = "AXIAL-0.5"; VariantName = "[No Variations]"
Add component (AddParameter): Name = "Published"; Value = "8-Jun-2000"; VariantName = "[No Variations]"
Add component (AddParameter): Name = "Publisher"; Value = "Altium Limited"; VariantName = "[No Variations]"
Add component (AddParameter): Name = "Value"; Value = "3.3"; VariantName = "[No Variations]"
Added Component: Designator=R41_2(RES2512)
Add component (AddParameter): Name = "LatestRevisionDate"; Value = "17-Jul-2002"; VariantName = "[No Variations]"
Add component (AddParameter): Name = "LatestRevisionNote"; Value = "Re-released for DXP Platform."; VariantName = "[No Variations]"
Add component (AddParameter): Name = "PackageReference"; Value = "AXIAL-0.5"; VariantName = "[No Variations]"
Add component (AddParameter): Name = "Published"; Value = "8-Jun-2000"; VariantName = "[No Variations]"
Add component (AddParameter): Name = "Publisher"; Value = "Altium Limited"; VariantName = "[No Variations]"
Add component (AddParameter): Name = "Value"; Value = "3.3"; VariantName = "[No Variations]"
Added Component: Designator=R41_3(RES2512)
Add component (AddParameter): Name = "LatestRevisionDate"; Value = "17-Jul-2002"; VariantName = "[No Variations]"
Add component (AddParameter): Name = "LatestRevisionNote"; Value = "Re-released for DXP Platform."; VariantName = "[No Variations]"
Add component (AddParameter): Name = "PackageReference"; Value = "AXIAL-0.5"; VariantName = "[No Variations]"
Add component (AddParameter): Name = "Published"; Value = "8-Jun-2000"; VariantName = "[No Variations]"
Add component (AddParameter): Name = "Publisher"; Value = "Altium Limited"; VariantName = "[No Variations]"
Add component (AddParameter): Name = "Value"; Value = "3.3"; VariantName = "[No Variations]"
Added Component: Designator=R41_4(RES2512)
Add component (AddParameter): Name = "LatestRevisionDate"; Value = "17-Jul-2002"; VariantName = "[No Variations]"
Add component (AddParameter): Name = "LatestRevisionNote"; Value = "Re-released for DXP Platform."; VariantName = "[No Variations]"
Add component (AddParameter): Name = "PackageReference"; Value = "AXIAL-0.5"; VariantName = "[No Variations]"
Add component (AddParameter): Name = "Published"; Value = "8-Jun-2000"; VariantName = "[No Variations]"
Add component (AddParameter): Name = "Publisher"; Value = "Altium Limited"; VariantName = "[No Variations]"
Add component (AddParameter): Name = "Value"; Value = "3.3"; VariantName = "[No Variations]"
Added Component: Designator=R41_5(RES2512)
Add component (AddParameter): Name = "LatestRevisionDate"; Value = "17-Jul-2002"; VariantName = "[No Variations]"
Add component (AddParameter): Name = "LatestRevisionNote"; Value = "Re-released for DXP Platform."; VariantName = "[No Variations]"
Add component (AddParameter): Name = "PackageReference"; Value = "AXIAL-0.5"; VariantName = "[No Variations]"
Add component (AddParameter): Name = "Published"; Value = "8-Jun-2000"; VariantName = "[No Variations]"
Add component (AddParameter): Name = "Publisher"; Value = "Altium Limited"; VariantName = "[No Variations]"
Add component (AddParameter): Name = "Value"; Value = "3.3"; VariantName = "[No Variations]"
Added Component: Designator=R41_6(RES2512)
Add component (AddParameter): Name = "LatestRevisionDate"; Value = "17-Jul-2002"; VariantName = "[No Variations]"
Add component (AddParameter): Name = "LatestRevisionNote"; Value = "Re-released for DXP Platform."; VariantName = "[No Variations]"
Add component (AddParameter): Name = "PackageReference"; Value = "AXIAL-0.5"; VariantName = "[No Variations]"
Add component (AddParameter): Name = "Published"; Value = "8-Jun-2000"; VariantName = "[No Variations]"
Add component (AddParameter): Name = "Publisher"; Value = "Altium Limited"; VariantName = "[No Variations]"
Add component (AddParameter): Name = "Value"; Value = "3.3"; VariantName = "[No Variations]"
Added Component: Designator=R41_7(RES2512)
Add component (AddParameter): Name = "LatestRevisionDate"; Value = "17-Jul-2002"; VariantName = "[No Variations]"
Add component (AddParameter): Name = "LatestRevisionNote"; Value = "Re-released for DXP Platform."; VariantName = "[No Variations]"
Add component (AddParameter): Name = "PackageReference"; Value = "AXIAL-0.5"; VariantName = "[No Variations]"
Add component (AddParameter): Name = "Published"; Value = "8-Jun-2000"; VariantName = "[No Variations]"
Add component (AddParameter): Name = "Publisher"; Value = "Altium Limited"; VariantName = "[No Variations]"
Add component (AddParameter): Name = "Value"; Value = "3.3"; VariantName = "[No Variations]"
Added Component: Designator=R41_8(RES2512)
Add component (AddParameter): Name = "LatestRevisionDate"; Value = "17-Jul-2002"; VariantName = "[No Variations]"
Add component (AddParameter): Name = "LatestRevisionNote"; Value = "Re-released for DXP Platform."; VariantName = "[No Variations]"
Add component (AddParameter): Name = "PackageReference"; Value = "AXIAL-0.5"; VariantName = "[No Variations]"
Add component (AddParameter): Name = "Published"; Value = "8-Jun-2000"; VariantName = "[No Variations]"
Add component (AddParameter): Name = "Publisher"; Value = "Altium Limited"; VariantName = "[No Variations]"
Add component (AddParameter): Name = "Value"; Value = "3.3"; VariantName = "[No Variations]"
Added Component: Designator=R41_9(RES2512)
Add component (AddParameter): Name = "LatestRevisionDate"; Value = "17-Jul-2002"; VariantName = "[No Variations]"
Add component (AddParameter): Name = "LatestRevisionNote"; Value = "Re-released for DXP Platform."; VariantName = "[No Variations]"
Add component (AddParameter): Name = "PackageReference"; Value = "AXIAL-0.5"; VariantName = "[No Variations]"
Add component (AddParameter): Name = "Published"; Value = "8-Jun-2000"; VariantName = "[No Variations]"
Add component (AddParameter): Name = "Publisher"; Value = "Altium Limited"; VariantName = "[No Variations]"
Add component (AddParameter): Name = "Value"; Value = "3.3"; VariantName = "[No Variations]"
Added Component: Designator=R41_10(RES2512)
Add component (AddParameter): Name = "LatestRevisionDate"; Value = "17-Jul-2002"; VariantName = "[No Variations]"
Add component (AddParameter): Name = "LatestRevisionNote"; Value = "Re-released for DXP Platform."; VariantName = "[No Variations]"
Add component (AddParameter): Name = "PackageReference"; Value = "AXIAL-0.5"; VariantName = "[No Variations]"
Add component (AddParameter): Name = "Published"; Value = "8-Jun-2000"; VariantName = "[No Variations]"
Add component (AddParameter): Name = "Publisher"; Value = "Altium Limited"; VariantName = "[No Variations]"
Add component (AddParameter): Name = "Value"; Value = "3.3"; VariantName = "[No Variations]"
Added Component: Designator=R41_11(RES2512)
Add component (AddParameter): Name = "LatestRevisionDate"; Value = "17-Jul-2002"; VariantName = "[No Variations]"
Add component (AddParameter): Name = "LatestRevisionNote"; Value = "Re-released for DXP Platform."; VariantName = "[No Variations]"
Add component (AddParameter): Name = "PackageReference"; Value = "AXIAL-0.5"; VariantName = "[No Variations]"
Add component (AddParameter): Name = "Published"; Value = "8-Jun-2000"; VariantName = "[No Variations]"
Add component (AddParameter): Name = "Publisher"; Value = "Altium Limited"; VariantName = "[No Variations]"
Add component (AddParameter): Name = "Value"; Value = "3.3"; VariantName = "[No Variations]"
Added Component: Designator=R41_12(RES2512)
Add component (AddParameter): Name = "LatestRevisionDate"; Value = "17-Jul-2002"; VariantName = "[No Variations]"
Add component (AddParameter): Name = "LatestRevisionNote"; Value = "Re-released for DXP Platform."; VariantName = "[No Variations]"
Add component (AddParameter): Name = "PackageReference"; Value = "AXIAL-0.5"; VariantName = "[No Variations]"
Add component (AddParameter): Name = "Published"; Value = "8-Jun-2000"; VariantName = "[No Variations]"
Add component (AddParameter): Name = "Publisher"; Value = "Altium Limited"; VariantName = "[No Variations]"
Add component (AddParameter): Name = "Value"; Value = "3.3"; VariantName = "[No Variations]"
Added Component: Designator=R41_13(RES2512)
Add component (AddParameter): Name = "LatestRevisionDate"; Value = "17-Jul-2002"; VariantName = "[No Variations]"
Add component (AddParameter): Name = "LatestRevisionNote"; Value = "Re-released for DXP Platform."; VariantName = "[No Variations]"
Add component (AddParameter): Name = "PackageReference"; Value = "AXIAL-0.5"; VariantName = "[No Variations]"
Add component (AddParameter): Name = "Published"; Value = "8-Jun-2000"; VariantName = "[No Variations]"
Add component (AddParameter): Name = "Publisher"; Value = "Altium Limited"; VariantName = "[No Variations]"
Add component (AddParameter): Name = "Value"; Value = "3.3"; VariantName = "[No Variations]"
Added Component: Designator=R41_14(RES2512)
Add component (AddParameter): Name = "LatestRevisionDate"; Value = "17-Jul-2002"; VariantName = "[No Variations]"
Add component (AddParameter): Name = "LatestRevisionNote"; Value = "Re-released for DXP Platform."; VariantName = "[No Variations]"
Add component (AddParameter): Name = "PackageReference"; Value = "AXIAL-0.5"; VariantName = "[No Variations]"
Add component (AddParameter): Name = "Published"; Value = "8-Jun-2000"; VariantName = "[No Variations]"
Add component (AddParameter): Name = "Publisher"; Value = "Altium Limited"; VariantName = "[No Variations]"
Add component (AddParameter): Name = "Value"; Value = "3.3"; VariantName = "[No Variations]"
Added Component: Designator=R41_15(RES2512)
Add component (AddParameter): Name = "LatestRevisionDate"; Value = "17-Jul-2002"; VariantName = "[No Variations]"
Add component (AddParameter): Name = "LatestRevisionNote"; Value = "Re-released for DXP Platform."; VariantName = "[No Variations]"
Add component (AddParameter): Name = "PackageReference"; Value = "AXIAL-0.5"; VariantName = "[No Variations]"
Add component (AddParameter): Name = "Published"; Value = "8-Jun-2000"; VariantName = "[No Variations]"
Add component (AddParameter): Name = "Publisher"; Value = "Altium Limited"; VariantName = "[No Variations]"
Add component (AddParameter): Name = "Value"; Value = "3.3"; VariantName = "[No Variations]"
Added Component: Designator=R41_16(RES2512)
Add component (AddParameter): Name = "LatestRevisionDate"; Value = "17-Jul-2002"; VariantName = "[No Variations]"
Add component (AddParameter): Name = "LatestRevisionNote"; Value = "Re-released for DXP Platform."; VariantName = "[No Variations]"
Add component (AddParameter): Name = "PackageReference"; Value = "AXIAL-0.5"; VariantName = "[No Variations]"
Add component (AddParameter): Name = "Published"; Value = "8-Jun-2000"; VariantName = "[No Variations]"
Add component (AddParameter): Name = "Publisher"; Value = "Altium Limited"; VariantName = "[No Variations]"
Add component (AddParameter): Name = "Value"; Value = "3.3"; VariantName = "[No Variations]"
Added Component: Designator=R42_1(RES2512)
Add component (AddParameter): Name = "LatestRevisionDate"; Value = "17-Jul-2002"; VariantName = "[No Variations]"
Add component (AddParameter): Name = "LatestRevisionNote"; Value = "Re-released for DXP Platform."; VariantName = "[No Variations]"
Add component (AddParameter): Name = "PackageReference"; Value = "AXIAL-0.5"; VariantName = "[No Variations]"
Add component (AddParameter): Name = "Published"; Value = "8-Jun-2000"; VariantName = "[No Variations]"
Add component (AddParameter): Name = "Publisher"; Value = "Altium Limited"; VariantName = "[No Variations]"
Add component (AddParameter): Name = "Value"; Value = "3.3"; VariantName = "[No Variations]"
Added Component: Designator=R42_2(RES2512)
Add component (AddParameter): Name = "LatestRevisionDate"; Value = "17-Jul-2002"; VariantName = "[No Variations]"
Add component (AddParameter): Name = "LatestRevisionNote"; Value = "Re-released for DXP Platform."; VariantName = "[No Variations]"
Add component (AddParameter): Name = "PackageReference"; Value = "AXIAL-0.5"; VariantName = "[No Variations]"
Add component (AddParameter): Name = "Published"; Value = "8-Jun-2000"; VariantName = "[No Variations]"
Add component (AddParameter): Name = "Publisher"; Value = "Altium Limited"; VariantName = "[No Variations]"
Add component (AddParameter): Name = "Value"; Value = "3.3"; VariantName = "[No Variations]"
Added Component: Designator=R42_3(RES2512)
Add component (AddParameter): Name = "LatestRevisionDate"; Value = "17-Jul-2002"; VariantName = "[No Variations]"
Add component (AddParameter): Name = "LatestRevisionNote"; Value = "Re-released for DXP Platform."; VariantName = "[No Variations]"
Add component (AddParameter): Name = "PackageReference"; Value = "AXIAL-0.5"; VariantName = "[No Variations]"
Add component (AddParameter): Name = "Published"; Value = "8-Jun-2000"; VariantName = "[No Variations]"
Add component (AddParameter): Name = "Publisher"; Value = "Altium Limited"; VariantName = "[No Variations]"
Add component (AddParameter): Name = "Value"; Value = "3.3"; VariantName = "[No Variations]"
Added Component: Designator=R42_4(RES2512)
Add component (AddParameter): Name = "LatestRevisionDate"; Value = "17-Jul-2002"; VariantName = "[No Variations]"
Add component (AddParameter): Name = "LatestRevisionNote"; Value = "Re-released for DXP Platform."; VariantName = "[No Variations]"
Add component (AddParameter): Name = "PackageReference"; Value = "AXIAL-0.5"; VariantName = "[No Variations]"
Add component (AddParameter): Name = "Published"; Value = "8-Jun-2000"; VariantName = "[No Variations]"
Add component (AddParameter): Name = "Publisher"; Value = "Altium Limited"; VariantName = "[No Variations]"
Add component (AddParameter): Name = "Value"; Value = "3.3"; VariantName = "[No Variations]"
Added Component: Designator=R42_5(RES2512)
Add component (AddParameter): Name = "LatestRevisionDate"; Value = "17-Jul-2002"; VariantName = "[No Variations]"
Add component (AddParameter): Name = "LatestRevisionNote"; Value = "Re-released for DXP Platform."; VariantName = "[No Variations]"
Add component (AddParameter): Name = "PackageReference"; Value = "AXIAL-0.5"; VariantName = "[No Variations]"
Add component (AddParameter): Name = "Published"; Value = "8-Jun-2000"; VariantName = "[No Variations]"
Add component (AddParameter): Name = "Publisher"; Value = "Altium Limited"; VariantName = "[No Variations]"
Add component (AddParameter): Name = "Value"; Value = "3.3"; VariantName = "[No Variations]"
Added Component: Designator=R42_6(RES2512)
Add component (AddParameter): Name = "LatestRevisionDate"; Value = "17-Jul-2002"; VariantName = "[No Variations]"
Add component (AddParameter): Name = "LatestRevisionNote"; Value = "Re-released for DXP Platform."; VariantName = "[No Variations]"
Add component (AddParameter): Name = "PackageReference"; Value = "AXIAL-0.5"; VariantName = "[No Variations]"
Add component (AddParameter): Name = "Published"; Value = "8-Jun-2000"; VariantName = "[No Variations]"
Add component (AddParameter): Name = "Publisher"; Value = "Altium Limited"; VariantName = "[No Variations]"
Add component (AddParameter): Name = "Value"; Value = "3.3"; VariantName = "[No Variations]"
Added Component: Designator=R42_7(RES2512)
Add component (AddParameter): Name = "LatestRevisionDate"; Value = "17-Jul-2002"; VariantName = "[No Variations]"
Add component (AddParameter): Name = "LatestRevisionNote"; Value = "Re-released for DXP Platform."; VariantName = "[No Variations]"
Add component (AddParameter): Name = "PackageReference"; Value = "AXIAL-0.5"; VariantName = "[No Variations]"
Add component (AddParameter): Name = "Published"; Value = "8-Jun-2000"; VariantName = "[No Variations]"
Add component (AddParameter): Name = "Publisher"; Value = "Altium Limited"; VariantName = "[No Variations]"
Add component (AddParameter): Name = "Value"; Value = "3.3"; VariantName = "[No Variations]"
Added Component: Designator=R42_8(RES2512)
Add component (AddParameter): Name = "LatestRevisionDate"; Value = "17-Jul-2002"; VariantName = "[No Variations]"
Add component (AddParameter): Name = "LatestRevisionNote"; Value = "Re-released for DXP Platform."; VariantName = "[No Variations]"
Add component (AddParameter): Name = "PackageReference"; Value = "AXIAL-0.5"; VariantName = "[No Variations]"
Add component (AddParameter): Name = "Published"; Value = "8-Jun-2000"; VariantName = "[No Variations]"
Add component (AddParameter): Name = "Publisher"; Value = "Altium Limited"; VariantName = "[No Variations]"
Add component (AddParameter): Name = "Value"; Value = "3.3"; VariantName = "[No Variations]"
Added Component: Designator=R42_9(RES2512)
Add component (AddParameter): Name = "LatestRevisionDate"; Value = "17-Jul-2002"; VariantName = "[No Variations]"
Add component (AddParameter): Name = "LatestRevisionNote"; Value = "Re-released for DXP Platform."; VariantName = "[No Variations]"
Add component (AddParameter): Name = "PackageReference"; Value = "AXIAL-0.5"; VariantName = "[No Variations]"
Add component (AddParameter): Name = "Published"; Value = "8-Jun-2000"; VariantName = "[No Variations]"
Add component (AddParameter): Name = "Publisher"; Value = "Altium Limited"; VariantName = "[No Variations]"
Add component (AddParameter): Name = "Value"; Value = "3.3"; VariantName = "[No Variations]"
Added Component: Designator=R42_10(RES2512)
Add component (AddParameter): Name = "LatestRevisionDate"; Value = "17-Jul-2002"; VariantName = "[No Variations]"
Add component (AddParameter): Name = "LatestRevisionNote"; Value = "Re-released for DXP Platform."; VariantName = "[No Variations]"
Add component (AddParameter): Name = "PackageReference"; Value = "AXIAL-0.5"; VariantName = "[No Variations]"
Add component (AddParameter): Name = "Published"; Value = "8-Jun-2000"; VariantName = "[No Variations]"
Add component (AddParameter): Name = "Publisher"; Value = "Altium Limited"; VariantName = "[No Variations]"
Add component (AddParameter): Name = "Value"; Value = "3.3"; VariantName = "[No Variations]"
Added Component: Designator=R42_11(RES2512)
Add component (AddParameter): Name = "LatestRevisionDate"; Value = "17-Jul-2002"; VariantName = "[No Variations]"
Add component (AddParameter): Name = "LatestRevisionNote"; Value = "Re-released for DXP Platform."; VariantName = "[No Variations]"
Add component (AddParameter): Name = "PackageReference"; Value = "AXIAL-0.5"; VariantName = "[No Variations]"
Add component (AddParameter): Name = "Published"; Value = "8-Jun-2000"; VariantName = "[No Variations]"
Add component (AddParameter): Name = "Publisher"; Value = "Altium Limited"; VariantName = "[No Variations]"
Add component (AddParameter): Name = "Value"; Value = "3.3"; VariantName = "[No Variations]"
Added Component: Designator=R42_12(RES2512)
Add component (AddParameter): Name = "LatestRevisionDate"; Value = "17-Jul-2002"; VariantName = "[No Variations]"
Add component (AddParameter): Name = "LatestRevisionNote"; Value = "Re-released for DXP Platform."; VariantName = "[No Variations]"
Add component (AddParameter): Name = "PackageReference"; Value = "AXIAL-0.5"; VariantName = "[No Variations]"
Add component (AddParameter): Name = "Published"; Value = "8-Jun-2000"; VariantName = "[No Variations]"
Add component (AddParameter): Name = "Publisher"; Value = "Altium Limited"; VariantName = "[No Variations]"
Add component (AddParameter): Name = "Value"; Value = "3.3"; VariantName = "[No Variations]"
Added Component: Designator=R42_13(RES2512)
Add component (AddParameter): Name = "LatestRevisionDate"; Value = "17-Jul-2002"; VariantName = "[No Variations]"
Add component (AddParameter): Name = "LatestRevisionNote"; Value = "Re-released for DXP Platform."; VariantName = "[No Variations]"
Add component (AddParameter): Name = "PackageReference"; Value = "AXIAL-0.5"; VariantName = "[No Variations]"
Add component (AddParameter): Name = "Published"; Value = "8-Jun-2000"; VariantName = "[No Variations]"
Add component (AddParameter): Name = "Publisher"; Value = "Altium Limited"; VariantName = "[No Variations]"
Add component (AddParameter): Name = "Value"; Value = "3.3"; VariantName = "[No Variations]"
Added Component: Designator=R42_14(RES2512)
Add component (AddParameter): Name = "LatestRevisionDate"; Value = "17-Jul-2002"; VariantName = "[No Variations]"
Add component (AddParameter): Name = "LatestRevisionNote"; Value = "Re-released for DXP Platform."; VariantName = "[No Variations]"
Add component (AddParameter): Name = "PackageReference"; Value = "AXIAL-0.5"; VariantName = "[No Variations]"
Add component (AddParameter): Name = "Published"; Value = "8-Jun-2000"; VariantName = "[No Variations]"
Add component (AddParameter): Name = "Publisher"; Value = "Altium Limited"; VariantName = "[No Variations]"
Add component (AddParameter): Name = "Value"; Value = "3.3"; VariantName = "[No Variations]"
Added Component: Designator=R42_15(RES2512)
Add component (AddParameter): Name = "LatestRevisionDate"; Value = "17-Jul-2002"; VariantName = "[No Variations]"
Add component (AddParameter): Name = "LatestRevisionNote"; Value = "Re-released for DXP Platform."; VariantName = "[No Variations]"
Add component (AddParameter): Name = "PackageReference"; Value = "AXIAL-0.5"; VariantName = "[No Variations]"
Add component (AddParameter): Name = "Published"; Value = "8-Jun-2000"; VariantName = "[No Variations]"
Add component (AddParameter): Name = "Publisher"; Value = "Altium Limited"; VariantName = "[No Variations]"
Add component (AddParameter): Name = "Value"; Value = "3.3"; VariantName = "[No Variations]"
Added Component: Designator=R42_16(RES2512)
Add component (AddParameter): Name = "LatestRevisionDate"; Value = "17-Jul-2002"; VariantName = "[No Variations]"
Add component (AddParameter): Name = "LatestRevisionNote"; Value = "Re-released for DXP Platform."; VariantName = "[No Variations]"
Add component (AddParameter): Name = "PackageReference"; Value = "AXIAL-0.5"; VariantName = "[No Variations]"
Add component (AddParameter): Name = "Published"; Value = "8-Jun-2000"; VariantName = "[No Variations]"
Add component (AddParameter): Name = "Publisher"; Value = "Altium Limited"; VariantName = "[No Variations]"
Add component (AddParameter): Name = "Value"; Value = "3.3"; VariantName = "[No Variations]"
Added Component: Designator=R43_1(RES2512)
Add component (AddParameter): Name = "LatestRevisionDate"; Value = "17-Jul-2002"; VariantName = "[No Variations]"
Add component (AddParameter): Name = "LatestRevisionNote"; Value = "Re-released for DXP Platform."; VariantName = "[No Variations]"
Add component (AddParameter): Name = "PackageReference"; Value = "AXIAL-0.5"; VariantName = "[No Variations]"
Add component (AddParameter): Name = "Published"; Value = "8-Jun-2000"; VariantName = "[No Variations]"
Add component (AddParameter): Name = "Publisher"; Value = "Altium Limited"; VariantName = "[No Variations]"
Add component (AddParameter): Name = "Value"; Value = "3.3"; VariantName = "[No Variations]"
Added Component: Designator=R43_2(RES2512)
Add component (AddParameter): Name = "LatestRevisionDate"; Value = "17-Jul-2002"; VariantName = "[No Variations]"
Add component (AddParameter): Name = "LatestRevisionNote"; Value = "Re-released for DXP Platform."; VariantName = "[No Variations]"
Add component (AddParameter): Name = "PackageReference"; Value = "AXIAL-0.5"; VariantName = "[No Variations]"
Add component (AddParameter): Name = "Published"; Value = "8-Jun-2000"; VariantName = "[No Variations]"
Add component (AddParameter): Name = "Publisher"; Value = "Altium Limited"; VariantName = "[No Variations]"
Add component (AddParameter): Name = "Value"; Value = "3.3"; VariantName = "[No Variations]"
Added Component: Designator=R43_3(RES2512)
Add component (AddParameter): Name = "LatestRevisionDate"; Value = "17-Jul-2002"; VariantName = "[No Variations]"
Add component (AddParameter): Name = "LatestRevisionNote"; Value = "Re-released for DXP Platform."; VariantName = "[No Variations]"
Add component (AddParameter): Name = "PackageReference"; Value = "AXIAL-0.5"; VariantName = "[No Variations]"
Add component (AddParameter): Name = "Published"; Value = "8-Jun-2000"; VariantName = "[No Variations]"
Add component (AddParameter): Name = "Publisher"; Value = "Altium Limited"; VariantName = "[No Variations]"
Add component (AddParameter): Name = "Value"; Value = "3.3"; VariantName = "[No Variations]"
Added Component: Designator=R43_4(RES2512)
Add component (AddParameter): Name = "LatestRevisionDate"; Value = "17-Jul-2002"; VariantName = "[No Variations]"
Add component (AddParameter): Name = "LatestRevisionNote"; Value = "Re-released for DXP Platform."; VariantName = "[No Variations]"
Add component (AddParameter): Name = "PackageReference"; Value = "AXIAL-0.5"; VariantName = "[No Variations]"
Add component (AddParameter): Name = "Published"; Value = "8-Jun-2000"; VariantName = "[No Variations]"
Add component (AddParameter): Name = "Publisher"; Value = "Altium Limited"; VariantName = "[No Variations]"
Add component (AddParameter): Name = "Value"; Value = "3.3"; VariantName = "[No Variations]"
Added Component: Designator=R43_5(RES2512)
Add component (AddParameter): Name = "LatestRevisionDate"; Value = "17-Jul-2002"; VariantName = "[No Variations]"
Add component (AddParameter): Name = "LatestRevisionNote"; Value = "Re-released for DXP Platform."; VariantName = "[No Variations]"
Add component (AddParameter): Name = "PackageReference"; Value = "AXIAL-0.5"; VariantName = "[No Variations]"
Add component (AddParameter): Name = "Published"; Value = "8-Jun-2000"; VariantName = "[No Variations]"
Add component (AddParameter): Name = "Publisher"; Value = "Altium Limited"; VariantName = "[No Variations]"
Add component (AddParameter): Name = "Value"; Value = "3.3"; VariantName = "[No Variations]"
Added Component: Designator=R43_6(RES2512)
Add component (AddParameter): Name = "LatestRevisionDate"; Value = "17-Jul-2002"; VariantName = "[No Variations]"
Add component (AddParameter): Name = "LatestRevisionNote"; Value = "Re-released for DXP Platform."; VariantName = "[No Variations]"
Add component (AddParameter): Name = "PackageReference"; Value = "AXIAL-0.5"; VariantName = "[No Variations]"
Add component (AddParameter): Name = "Published"; Value = "8-Jun-2000"; VariantName = "[No Variations]"
Add component (AddParameter): Name = "Publisher"; Value = "Altium Limited"; VariantName = "[No Variations]"
Add component (AddParameter): Name = "Value"; Value = "3.3"; VariantName = "[No Variations]"
Added Component: Designator=R43_7(RES2512)
Add component (AddParameter): Name = "LatestRevisionDate"; Value = "17-Jul-2002"; VariantName = "[No Variations]"
Add component (AddParameter): Name = "LatestRevisionNote"; Value = "Re-released for DXP Platform."; VariantName = "[No Variations]"
Add component (AddParameter): Name = "PackageReference"; Value = "AXIAL-0.5"; VariantName = "[No Variations]"
Add component (AddParameter): Name = "Published"; Value = "8-Jun-2000"; VariantName = "[No Variations]"
Add component (AddParameter): Name = "Publisher"; Value = "Altium Limited"; VariantName = "[No Variations]"
Add component (AddParameter): Name = "Value"; Value = "3.3"; VariantName = "[No Variations]"
Added Component: Designator=R43_8(RES2512)
Add component (AddParameter): Name = "LatestRevisionDate"; Value = "17-Jul-2002"; VariantName = "[No Variations]"
Add component (AddParameter): Name = "LatestRevisionNote"; Value = "Re-released for DXP Platform."; VariantName = "[No Variations]"
Add component (AddParameter): Name = "PackageReference"; Value = "AXIAL-0.5"; VariantName = "[No Variations]"
Add component (AddParameter): Name = "Published"; Value = "8-Jun-2000"; VariantName = "[No Variations]"
Add component (AddParameter): Name = "Publisher"; Value = "Altium Limited"; VariantName = "[No Variations]"
Add component (AddParameter): Name = "Value"; Value = "3.3"; VariantName = "[No Variations]"
Added Component: Designator=R43_9(RES2512)
Add component (AddParameter): Name = "LatestRevisionDate"; Value = "17-Jul-2002"; VariantName = "[No Variations]"
Add component (AddParameter): Name = "LatestRevisionNote"; Value = "Re-released for DXP Platform."; VariantName = "[No Variations]"
Add component (AddParameter): Name = "PackageReference"; Value = "AXIAL-0.5"; VariantName = "[No Variations]"
Add component (AddParameter): Name = "Published"; Value = "8-Jun-2000"; VariantName = "[No Variations]"
Add component (AddParameter): Name = "Publisher"; Value = "Altium Limited"; VariantName = "[No Variations]"
Add component (AddParameter): Name = "Value"; Value = "3.3"; VariantName = "[No Variations]"
Added Component: Designator=R43_10(RES2512)
Add component (AddParameter): Name = "LatestRevisionDate"; Value = "17-Jul-2002"; VariantName = "[No Variations]"
Add component (AddParameter): Name = "LatestRevisionNote"; Value = "Re-released for DXP Platform."; VariantName = "[No Variations]"
Add component (AddParameter): Name = "PackageReference"; Value = "AXIAL-0.5"; VariantName = "[No Variations]"
Add component (AddParameter): Name = "Published"; Value = "8-Jun-2000"; VariantName = "[No Variations]"
Add component (AddParameter): Name = "Publisher"; Value = "Altium Limited"; VariantName = "[No Variations]"
Add component (AddParameter): Name = "Value"; Value = "3.3"; VariantName = "[No Variations]"
Added Component: Designator=R43_11(RES2512)
Add component (AddParameter): Name = "LatestRevisionDate"; Value = "17-Jul-2002"; VariantName = "[No Variations]"
Add component (AddParameter): Name = "LatestRevisionNote"; Value = "Re-released for DXP Platform."; VariantName = "[No Variations]"
Add component (AddParameter): Name = "PackageReference"; Value = "AXIAL-0.5"; VariantName = "[No Variations]"
Add component (AddParameter): Name = "Published"; Value = "8-Jun-2000"; VariantName = "[No Variations]"
Add component (AddParameter): Name = "Publisher"; Value = "Altium Limited"; VariantName = "[No Variations]"
Add component (AddParameter): Name = "Value"; Value = "3.3"; VariantName = "[No Variations]"
Added Component: Designator=R43_12(RES2512)
Add component (AddParameter): Name = "LatestRevisionDate"; Value = "17-Jul-2002"; VariantName = "[No Variations]"
Add component (AddParameter): Name = "LatestRevisionNote"; Value = "Re-released for DXP Platform."; VariantName = "[No Variations]"
Add component (AddParameter): Name = "PackageReference"; Value = "AXIAL-0.5"; VariantName = "[No Variations]"
Add component (AddParameter): Name = "Published"; Value = "8-Jun-2000"; VariantName = "[No Variations]"
Add component (AddParameter): Name = "Publisher"; Value = "Altium Limited"; VariantName = "[No Variations]"
Add component (AddParameter): Name = "Value"; Value = "3.3"; VariantName = "[No Variations]"
Added Component: Designator=R43_13(RES2512)
Add component (AddParameter): Name = "LatestRevisionDate"; Value = "17-Jul-2002"; VariantName = "[No Variations]"
Add component (AddParameter): Name = "LatestRevisionNote"; Value = "Re-released for DXP Platform."; VariantName = "[No Variations]"
Add component (AddParameter): Name = "PackageReference"; Value = "AXIAL-0.5"; VariantName = "[No Variations]"
Add component (AddParameter): Name = "Published"; Value = "8-Jun-2000"; VariantName = "[No Variations]"
Add component (AddParameter): Name = "Publisher"; Value = "Altium Limited"; VariantName = "[No Variations]"
Add component (AddParameter): Name = "Value"; Value = "3.3"; VariantName = "[No Variations]"
Added Component: Designator=R43_14(RES2512)
Add component (AddParameter): Name = "LatestRevisionDate"; Value = "17-Jul-2002"; VariantName = "[No Variations]"
Add component (AddParameter): Name = "LatestRevisionNote"; Value = "Re-released for DXP Platform."; VariantName = "[No Variations]"
Add component (AddParameter): Name = "PackageReference"; Value = "AXIAL-0.5"; VariantName = "[No Variations]"
Add component (AddParameter): Name = "Published"; Value = "8-Jun-2000"; VariantName = "[No Variations]"
Add component (AddParameter): Name = "Publisher"; Value = "Altium Limited"; VariantName = "[No Variations]"
Add component (AddParameter): Name = "Value"; Value = "3.3"; VariantName = "[No Variations]"
Added Component: Designator=R43_15(RES2512)
Add component (AddParameter): Name = "LatestRevisionDate"; Value = "17-Jul-2002"; VariantName = "[No Variations]"
Add component (AddParameter): Name = "LatestRevisionNote"; Value = "Re-released for DXP Platform."; VariantName = "[No Variations]"
Add component (AddParameter): Name = "PackageReference"; Value = "AXIAL-0.5"; VariantName = "[No Variations]"
Add component (AddParameter): Name = "Published"; Value = "8-Jun-2000"; VariantName = "[No Variations]"
Add component (AddParameter): Name = "Publisher"; Value = "Altium Limited"; VariantName = "[No Variations]"
Add component (AddParameter): Name = "Value"; Value = "3.3"; VariantName = "[No Variations]"
Added Component: Designator=R43_16(RES2512)
Add component (AddParameter): Name = "LatestRevisionDate"; Value = "17-Jul-2002"; VariantName = "[No Variations]"
Add component (AddParameter): Name = "LatestRevisionNote"; Value = "Re-released for DXP Platform."; VariantName = "[No Variations]"
Add component (AddParameter): Name = "PackageReference"; Value = "AXIAL-0.5"; VariantName = "[No Variations]"
Add component (AddParameter): Name = "Published"; Value = "8-Jun-2000"; VariantName = "[No Variations]"
Add component (AddParameter): Name = "Publisher"; Value = "Altium Limited"; VariantName = "[No Variations]"
Add component (AddParameter): Name = "Value"; Value = "3.3"; VariantName = "[No Variations]"
Added Component: Designator=R44_1(RES2512)
Add component (AddParameter): Name = "LatestRevisionDate"; Value = "17-Jul-2002"; VariantName = "[No Variations]"
Add component (AddParameter): Name = "LatestRevisionNote"; Value = "Re-released for DXP Platform."; VariantName = "[No Variations]"
Add component (AddParameter): Name = "PackageReference"; Value = "AXIAL-0.5"; VariantName = "[No Variations]"
Add component (AddParameter): Name = "Published"; Value = "8-Jun-2000"; VariantName = "[No Variations]"
Add component (AddParameter): Name = "Publisher"; Value = "Altium Limited"; VariantName = "[No Variations]"
Add component (AddParameter): Name = "Value"; Value = "3.3"; VariantName = "[No Variations]"
Added Component: Designator=R44_2(RES2512)
Add component (AddParameter): Name = "LatestRevisionDate"; Value = "17-Jul-2002"; VariantName = "[No Variations]"
Add component (AddParameter): Name = "LatestRevisionNote"; Value = "Re-released for DXP Platform."; VariantName = "[No Variations]"
Add component (AddParameter): Name = "PackageReference"; Value = "AXIAL-0.5"; VariantName = "[No Variations]"
Add component (AddParameter): Name = "Published"; Value = "8-Jun-2000"; VariantName = "[No Variations]"
Add component (AddParameter): Name = "Publisher"; Value = "Altium Limited"; VariantName = "[No Variations]"
Add component (AddParameter): Name = "Value"; Value = "3.3"; VariantName = "[No Variations]"
Added Component: Designator=R44_3(RES2512)
Add component (AddParameter): Name = "LatestRevisionDate"; Value = "17-Jul-2002"; VariantName = "[No Variations]"
Add component (AddParameter): Name = "LatestRevisionNote"; Value = "Re-released for DXP Platform."; VariantName = "[No Variations]"
Add component (AddParameter): Name = "PackageReference"; Value = "AXIAL-0.5"; VariantName = "[No Variations]"
Add component (AddParameter): Name = "Published"; Value = "8-Jun-2000"; VariantName = "[No Variations]"
Add component (AddParameter): Name = "Publisher"; Value = "Altium Limited"; VariantName = "[No Variations]"
Add component (AddParameter): Name = "Value"; Value = "3.3"; VariantName = "[No Variations]"
Added Component: Designator=R44_4(RES2512)
Add component (AddParameter): Name = "LatestRevisionDate"; Value = "17-Jul-2002"; VariantName = "[No Variations]"
Add component (AddParameter): Name = "LatestRevisionNote"; Value = "Re-released for DXP Platform."; VariantName = "[No Variations]"
Add component (AddParameter): Name = "PackageReference"; Value = "AXIAL-0.5"; VariantName = "[No Variations]"
Add component (AddParameter): Name = "Published"; Value = "8-Jun-2000"; VariantName = "[No Variations]"
Add component (AddParameter): Name = "Publisher"; Value = "Altium Limited"; VariantName = "[No Variations]"
Add component (AddParameter): Name = "Value"; Value = "3.3"; VariantName = "[No Variations]"
Added Component: Designator=R44_5(RES2512)
Add component (AddParameter): Name = "LatestRevisionDate"; Value = "17-Jul-2002"; VariantName = "[No Variations]"
Add component (AddParameter): Name = "LatestRevisionNote"; Value = "Re-released for DXP Platform."; VariantName = "[No Variations]"
Add component (AddParameter): Name = "PackageReference"; Value = "AXIAL-0.5"; VariantName = "[No Variations]"
Add component (AddParameter): Name = "Published"; Value = "8-Jun-2000"; VariantName = "[No Variations]"
Add component (AddParameter): Name = "Publisher"; Value = "Altium Limited"; VariantName = "[No Variations]"
Add component (AddParameter): Name = "Value"; Value = "3.3"; VariantName = "[No Variations]"
Added Component: Designator=R44_6(RES2512)
Add component (AddParameter): Name = "LatestRevisionDate"; Value = "17-Jul-2002"; VariantName = "[No Variations]"
Add component (AddParameter): Name = "LatestRevisionNote"; Value = "Re-released for DXP Platform."; VariantName = "[No Variations]"
Add component (AddParameter): Name = "PackageReference"; Value = "AXIAL-0.5"; VariantName = "[No Variations]"
Add component (AddParameter): Name = "Published"; Value = "8-Jun-2000"; VariantName = "[No Variations]"
Add component (AddParameter): Name = "Publisher"; Value = "Altium Limited"; VariantName = "[No Variations]"
Add component (AddParameter): Name = "Value"; Value = "3.3"; VariantName = "[No Variations]"
Added Component: Designator=R44_7(RES2512)
Add component (AddParameter): Name = "LatestRevisionDate"; Value = "17-Jul-2002"; VariantName = "[No Variations]"
Add component (AddParameter): Name = "LatestRevisionNote"; Value = "Re-released for DXP Platform."; VariantName = "[No Variations]"
Add component (AddParameter): Name = "PackageReference"; Value = "AXIAL-0.5"; VariantName = "[No Variations]"
Add component (AddParameter): Name = "Published"; Value = "8-Jun-2000"; VariantName = "[No Variations]"
Add component (AddParameter): Name = "Publisher"; Value = "Altium Limited"; VariantName = "[No Variations]"
Add component (AddParameter): Name = "Value"; Value = "3.3"; VariantName = "[No Variations]"
Added Component: Designator=R44_8(RES2512)
Add component (AddParameter): Name = "LatestRevisionDate"; Value = "17-Jul-2002"; VariantName = "[No Variations]"
Add component (AddParameter): Name = "LatestRevisionNote"; Value = "Re-released for DXP Platform."; VariantName = "[No Variations]"
Add component (AddParameter): Name = "PackageReference"; Value = "AXIAL-0.5"; VariantName = "[No Variations]"
Add component (AddParameter): Name = "Published"; Value = "8-Jun-2000"; VariantName = "[No Variations]"
Add component (AddParameter): Name = "Publisher"; Value = "Altium Limited"; VariantName = "[No Variations]"
Add component (AddParameter): Name = "Value"; Value = "3.3"; VariantName = "[No Variations]"
Added Component: Designator=R44_9(RES2512)
Add component (AddParameter): Name = "LatestRevisionDate"; Value = "17-Jul-2002"; VariantName = "[No Variations]"
Add component (AddParameter): Name = "LatestRevisionNote"; Value = "Re-released for DXP Platform."; VariantName = "[No Variations]"
Add component (AddParameter): Name = "PackageReference"; Value = "AXIAL-0.5"; VariantName = "[No Variations]"
Add component (AddParameter): Name = "Published"; Value = "8-Jun-2000"; VariantName = "[No Variations]"
Add component (AddParameter): Name = "Publisher"; Value = "Altium Limited"; VariantName = "[No Variations]"
Add component (AddParameter): Name = "Value"; Value = "3.3"; VariantName = "[No Variations]"
Added Component: Designator=R44_10(RES2512)
Add component (AddParameter): Name = "LatestRevisionDate"; Value = "17-Jul-2002"; VariantName = "[No Variations]"
Add component (AddParameter): Name = "LatestRevisionNote"; Value = "Re-released for DXP Platform."; VariantName = "[No Variations]"
Add component (AddParameter): Name = "PackageReference"; Value = "AXIAL-0.5"; VariantName = "[No Variations]"
Add component (AddParameter): Name = "Published"; Value = "8-Jun-2000"; VariantName = "[No Variations]"
Add component (AddParameter): Name = "Publisher"; Value = "Altium Limited"; VariantName = "[No Variations]"
Add component (AddParameter): Name = "Value"; Value = "3.3"; VariantName = "[No Variations]"
Added Component: Designator=R44_11(RES2512)
Add component (AddParameter): Name = "LatestRevisionDate"; Value = "17-Jul-2002"; VariantName = "[No Variations]"
Add component (AddParameter): Name = "LatestRevisionNote"; Value = "Re-released for DXP Platform."; VariantName = "[No Variations]"
Add component (AddParameter): Name = "PackageReference"; Value = "AXIAL-0.5"; VariantName = "[No Variations]"
Add component (AddParameter): Name = "Published"; Value = "8-Jun-2000"; VariantName = "[No Variations]"
Add component (AddParameter): Name = "Publisher"; Value = "Altium Limited"; VariantName = "[No Variations]"
Add component (AddParameter): Name = "Value"; Value = "3.3"; VariantName = "[No Variations]"
Added Component: Designator=R44_12(RES2512)
Add component (AddParameter): Name = "LatestRevisionDate"; Value = "17-Jul-2002"; VariantName = "[No Variations]"
Add component (AddParameter): Name = "LatestRevisionNote"; Value = "Re-released for DXP Platform."; VariantName = "[No Variations]"
Add component (AddParameter): Name = "PackageReference"; Value = "AXIAL-0.5"; VariantName = "[No Variations]"
Add component (AddParameter): Name = "Published"; Value = "8-Jun-2000"; VariantName = "[No Variations]"
Add component (AddParameter): Name = "Publisher"; Value = "Altium Limited"; VariantName = "[No Variations]"
Add component (AddParameter): Name = "Value"; Value = "3.3"; VariantName = "[No Variations]"
Added Component: Designator=R44_13(RES2512)
Add component (AddParameter): Name = "LatestRevisionDate"; Value = "17-Jul-2002"; VariantName = "[No Variations]"
Add component (AddParameter): Name = "LatestRevisionNote"; Value = "Re-released for DXP Platform."; VariantName = "[No Variations]"
Add component (AddParameter): Name = "PackageReference"; Value = "AXIAL-0.5"; VariantName = "[No Variations]"
Add component (AddParameter): Name = "Published"; Value = "8-Jun-2000"; VariantName = "[No Variations]"
Add component (AddParameter): Name = "Publisher"; Value = "Altium Limited"; VariantName = "[No Variations]"
Add component (AddParameter): Name = "Value"; Value = "3.3"; VariantName = "[No Variations]"
Added Component: Designator=R44_14(RES2512)
Add component (AddParameter): Name = "LatestRevisionDate"; Value = "17-Jul-2002"; VariantName = "[No Variations]"
Add component (AddParameter): Name = "LatestRevisionNote"; Value = "Re-released for DXP Platform."; VariantName = "[No Variations]"
Add component (AddParameter): Name = "PackageReference"; Value = "AXIAL-0.5"; VariantName = "[No Variations]"
Add component (AddParameter): Name = "Published"; Value = "8-Jun-2000"; VariantName = "[No Variations]"
Add component (AddParameter): Name = "Publisher"; Value = "Altium Limited"; VariantName = "[No Variations]"
Add component (AddParameter): Name = "Value"; Value = "3.3"; VariantName = "[No Variations]"
Added Component: Designator=R44_15(RES2512)
Add component (AddParameter): Name = "LatestRevisionDate"; Value = "17-Jul-2002"; VariantName = "[No Variations]"
Add component (AddParameter): Name = "LatestRevisionNote"; Value = "Re-released for DXP Platform."; VariantName = "[No Variations]"
Add component (AddParameter): Name = "PackageReference"; Value = "AXIAL-0.5"; VariantName = "[No Variations]"
Add component (AddParameter): Name = "Published"; Value = "8-Jun-2000"; VariantName = "[No Variations]"
Add component (AddParameter): Name = "Publisher"; Value = "Altium Limited"; VariantName = "[No Variations]"
Add component (AddParameter): Name = "Value"; Value = "3.3"; VariantName = "[No Variations]"
Added Component: Designator=R44_16(RES2512)
Add component (AddParameter): Name = "LatestRevisionDate"; Value = "17-Jul-2002"; VariantName = "[No Variations]"
Add component (AddParameter): Name = "LatestRevisionNote"; Value = "Re-released for DXP Platform."; VariantName = "[No Variations]"
Add component (AddParameter): Name = "PackageReference"; Value = "AXIAL-0.5"; VariantName = "[No Variations]"
Add component (AddParameter): Name = "Published"; Value = "8-Jun-2000"; VariantName = "[No Variations]"
Add component (AddParameter): Name = "Publisher"; Value = "Altium Limited"; VariantName = "[No Variations]"
Add component (AddParameter): Name = "Value"; Value = "3.3"; VariantName = "[No Variations]"
Added Component: Designator=R45_1(RESC0603)
Add component (AddParameter): Name = "LatestRevisionDate"; Value = "17-Jul-2002"; VariantName = "[No Variations]"
Add component (AddParameter): Name = "LatestRevisionNote"; Value = "Re-released for DXP Platform."; VariantName = "[No Variations]"
Add component (AddParameter): Name = "PackageReference"; Value = "AXIAL-0.5"; VariantName = "[No Variations]"
Add component (AddParameter): Name = "Published"; Value = "8-Jun-2000"; VariantName = "[No Variations]"
Add component (AddParameter): Name = "Publisher"; Value = "Altium Limited"; VariantName = "[No Variations]"
Add component (AddParameter): Name = "Value"; Value = "300"; VariantName = "[No Variations]"
Added Component: Designator=R45_2(RESC0603)
Add component (AddParameter): Name = "LatestRevisionDate"; Value = "17-Jul-2002"; VariantName = "[No Variations]"
Add component (AddParameter): Name = "LatestRevisionNote"; Value = "Re-released for DXP Platform."; VariantName = "[No Variations]"
Add component (AddParameter): Name = "PackageReference"; Value = "AXIAL-0.5"; VariantName = "[No Variations]"
Add component (AddParameter): Name = "Published"; Value = "8-Jun-2000"; VariantName = "[No Variations]"
Add component (AddParameter): Name = "Publisher"; Value = "Altium Limited"; VariantName = "[No Variations]"
Add component (AddParameter): Name = "Value"; Value = "300"; VariantName = "[No Variations]"
Added Component: Designator=R45_3(RESC0603)
Add component (AddParameter): Name = "LatestRevisionDate"; Value = "17-Jul-2002"; VariantName = "[No Variations]"
Add component (AddParameter): Name = "LatestRevisionNote"; Value = "Re-released for DXP Platform."; VariantName = "[No Variations]"
Add component (AddParameter): Name = "PackageReference"; Value = "AXIAL-0.5"; VariantName = "[No Variations]"
Add component (AddParameter): Name = "Published"; Value = "8-Jun-2000"; VariantName = "[No Variations]"
Add component (AddParameter): Name = "Publisher"; Value = "Altium Limited"; VariantName = "[No Variations]"
Add component (AddParameter): Name = "Value"; Value = "300"; VariantName = "[No Variations]"
Added Component: Designator=R45_4(RESC0603)
Add component (AddParameter): Name = "LatestRevisionDate"; Value = "17-Jul-2002"; VariantName = "[No Variations]"
Add component (AddParameter): Name = "LatestRevisionNote"; Value = "Re-released for DXP Platform."; VariantName = "[No Variations]"
Add component (AddParameter): Name = "PackageReference"; Value = "AXIAL-0.5"; VariantName = "[No Variations]"
Add component (AddParameter): Name = "Published"; Value = "8-Jun-2000"; VariantName = "[No Variations]"
Add component (AddParameter): Name = "Publisher"; Value = "Altium Limited"; VariantName = "[No Variations]"
Add component (AddParameter): Name = "Value"; Value = "300"; VariantName = "[No Variations]"
Added Component: Designator=R45_5(RESC0603)
Add component (AddParameter): Name = "LatestRevisionDate"; Value = "17-Jul-2002"; VariantName = "[No Variations]"
Add component (AddParameter): Name = "LatestRevisionNote"; Value = "Re-released for DXP Platform."; VariantName = "[No Variations]"
Add component (AddParameter): Name = "PackageReference"; Value = "AXIAL-0.5"; VariantName = "[No Variations]"
Add component (AddParameter): Name = "Published"; Value = "8-Jun-2000"; VariantName = "[No Variations]"
Add component (AddParameter): Name = "Publisher"; Value = "Altium Limited"; VariantName = "[No Variations]"
Add component (AddParameter): Name = "Value"; Value = "300"; VariantName = "[No Variations]"
Added Component: Designator=R45_6(RESC0603)
Add component (AddParameter): Name = "LatestRevisionDate"; Value = "17-Jul-2002"; VariantName = "[No Variations]"
Add component (AddParameter): Name = "LatestRevisionNote"; Value = "Re-released for DXP Platform."; VariantName = "[No Variations]"
Add component (AddParameter): Name = "PackageReference"; Value = "AXIAL-0.5"; VariantName = "[No Variations]"
Add component (AddParameter): Name = "Published"; Value = "8-Jun-2000"; VariantName = "[No Variations]"
Add component (AddParameter): Name = "Publisher"; Value = "Altium Limited"; VariantName = "[No Variations]"
Add component (AddParameter): Name = "Value"; Value = "300"; VariantName = "[No Variations]"
Added Component: Designator=R45_7(RESC0603)
Add component (AddParameter): Name = "LatestRevisionDate"; Value = "17-Jul-2002"; VariantName = "[No Variations]"
Add component (AddParameter): Name = "LatestRevisionNote"; Value = "Re-released for DXP Platform."; VariantName = "[No Variations]"
Add component (AddParameter): Name = "PackageReference"; Value = "AXIAL-0.5"; VariantName = "[No Variations]"
Add component (AddParameter): Name = "Published"; Value = "8-Jun-2000"; VariantName = "[No Variations]"
Add component (AddParameter): Name = "Publisher"; Value = "Altium Limited"; VariantName = "[No Variations]"
Add component (AddParameter): Name = "Value"; Value = "300"; VariantName = "[No Variations]"
Added Component: Designator=R45_8(RESC0603)
Add component (AddParameter): Name = "LatestRevisionDate"; Value = "17-Jul-2002"; VariantName = "[No Variations]"
Add component (AddParameter): Name = "LatestRevisionNote"; Value = "Re-released for DXP Platform."; VariantName = "[No Variations]"
Add component (AddParameter): Name = "PackageReference"; Value = "AXIAL-0.5"; VariantName = "[No Variations]"
Add component (AddParameter): Name = "Published"; Value = "8-Jun-2000"; VariantName = "[No Variations]"
Add component (AddParameter): Name = "Publisher"; Value = "Altium Limited"; VariantName = "[No Variations]"
Add component (AddParameter): Name = "Value"; Value = "300"; VariantName = "[No Variations]"
Added Component: Designator=R45_9(RESC0603)
Add component (AddParameter): Name = "LatestRevisionDate"; Value = "17-Jul-2002"; VariantName = "[No Variations]"
Add component (AddParameter): Name = "LatestRevisionNote"; Value = "Re-released for DXP Platform."; VariantName = "[No Variations]"
Add component (AddParameter): Name = "PackageReference"; Value = "AXIAL-0.5"; VariantName = "[No Variations]"
Add component (AddParameter): Name = "Published"; Value = "8-Jun-2000"; VariantName = "[No Variations]"
Add component (AddParameter): Name = "Publisher"; Value = "Altium Limited"; VariantName = "[No Variations]"
Add component (AddParameter): Name = "Value"; Value = "300"; VariantName = "[No Variations]"
Added Component: Designator=R45_10(RESC0603)
Add component (AddParameter): Name = "LatestRevisionDate"; Value = "17-Jul-2002"; VariantName = "[No Variations]"
Add component (AddParameter): Name = "LatestRevisionNote"; Value = "Re-released for DXP Platform."; VariantName = "[No Variations]"
Add component (AddParameter): Name = "PackageReference"; Value = "AXIAL-0.5"; VariantName = "[No Variations]"
Add component (AddParameter): Name = "Published"; Value = "8-Jun-2000"; VariantName = "[No Variations]"
Add component (AddParameter): Name = "Publisher"; Value = "Altium Limited"; VariantName = "[No Variations]"
Add component (AddParameter): Name = "Value"; Value = "300"; VariantName = "[No Variations]"
Added Component: Designator=R45_11(RESC0603)
Add component (AddParameter): Name = "LatestRevisionDate"; Value = "17-Jul-2002"; VariantName = "[No Variations]"
Add component (AddParameter): Name = "LatestRevisionNote"; Value = "Re-released for DXP Platform."; VariantName = "[No Variations]"
Add component (AddParameter): Name = "PackageReference"; Value = "AXIAL-0.5"; VariantName = "[No Variations]"
Add component (AddParameter): Name = "Published"; Value = "8-Jun-2000"; VariantName = "[No Variations]"
Add component (AddParameter): Name = "Publisher"; Value = "Altium Limited"; VariantName = "[No Variations]"
Add component (AddParameter): Name = "Value"; Value = "300"; VariantName = "[No Variations]"
Added Component: Designator=R45_12(RESC0603)
Add component (AddParameter): Name = "LatestRevisionDate"; Value = "17-Jul-2002"; VariantName = "[No Variations]"
Add component (AddParameter): Name = "LatestRevisionNote"; Value = "Re-released for DXP Platform."; VariantName = "[No Variations]"
Add component (AddParameter): Name = "PackageReference"; Value = "AXIAL-0.5"; VariantName = "[No Variations]"
Add component (AddParameter): Name = "Published"; Value = "8-Jun-2000"; VariantName = "[No Variations]"
Add component (AddParameter): Name = "Publisher"; Value = "Altium Limited"; VariantName = "[No Variations]"
Add component (AddParameter): Name = "Value"; Value = "300"; VariantName = "[No Variations]"
Added Component: Designator=R45_13(RESC0603)
Add component (AddParameter): Name = "LatestRevisionDate"; Value = "17-Jul-2002"; VariantName = "[No Variations]"
Add component (AddParameter): Name = "LatestRevisionNote"; Value = "Re-released for DXP Platform."; VariantName = "[No Variations]"
Add component (AddParameter): Name = "PackageReference"; Value = "AXIAL-0.5"; VariantName = "[No Variations]"
Add component (AddParameter): Name = "Published"; Value = "8-Jun-2000"; VariantName = "[No Variations]"
Add component (AddParameter): Name = "Publisher"; Value = "Altium Limited"; VariantName = "[No Variations]"
Add component (AddParameter): Name = "Value"; Value = "300"; VariantName = "[No Variations]"
Added Component: Designator=R45_14(RESC0603)
Add component (AddParameter): Name = "LatestRevisionDate"; Value = "17-Jul-2002"; VariantName = "[No Variations]"
Add component (AddParameter): Name = "LatestRevisionNote"; Value = "Re-released for DXP Platform."; VariantName = "[No Variations]"
Add component (AddParameter): Name = "PackageReference"; Value = "AXIAL-0.5"; VariantName = "[No Variations]"
Add component (AddParameter): Name = "Published"; Value = "8-Jun-2000"; VariantName = "[No Variations]"
Add component (AddParameter): Name = "Publisher"; Value = "Altium Limited"; VariantName = "[No Variations]"
Add component (AddParameter): Name = "Value"; Value = "300"; VariantName = "[No Variations]"
Added Component: Designator=R45_15(RESC0603)
Add component (AddParameter): Name = "LatestRevisionDate"; Value = "17-Jul-2002"; VariantName = "[No Variations]"
Add component (AddParameter): Name = "LatestRevisionNote"; Value = "Re-released for DXP Platform."; VariantName = "[No Variations]"
Add component (AddParameter): Name = "PackageReference"; Value = "AXIAL-0.5"; VariantName = "[No Variations]"
Add component (AddParameter): Name = "Published"; Value = "8-Jun-2000"; VariantName = "[No Variations]"
Add component (AddParameter): Name = "Publisher"; Value = "Altium Limited"; VariantName = "[No Variations]"
Add component (AddParameter): Name = "Value"; Value = "300"; VariantName = "[No Variations]"
Added Component: Designator=R45_16(RESC0603)
Add component (AddParameter): Name = "LatestRevisionDate"; Value = "17-Jul-2002"; VariantName = "[No Variations]"
Add component (AddParameter): Name = "LatestRevisionNote"; Value = "Re-released for DXP Platform."; VariantName = "[No Variations]"
Add component (AddParameter): Name = "PackageReference"; Value = "AXIAL-0.5"; VariantName = "[No Variations]"
Add component (AddParameter): Name = "Published"; Value = "8-Jun-2000"; VariantName = "[No Variations]"
Add component (AddParameter): Name = "Publisher"; Value = "Altium Limited"; VariantName = "[No Variations]"
Add component (AddParameter): Name = "Value"; Value = "300"; VariantName = "[No Variations]"
Added Component: Designator=R46_1(RESC0603)
Add component (AddParameter): Name = "LatestRevisionDate"; Value = "17-Jul-2002"; VariantName = "[No Variations]"
Add component (AddParameter): Name = "LatestRevisionNote"; Value = "Re-released for DXP Platform."; VariantName = "[No Variations]"
Add component (AddParameter): Name = "PackageReference"; Value = "AXIAL-0.5"; VariantName = "[No Variations]"
Add component (AddParameter): Name = "Published"; Value = "8-Jun-2000"; VariantName = "[No Variations]"
Add component (AddParameter): Name = "Publisher"; Value = "Altium Limited"; VariantName = "[No Variations]"
Add component (AddParameter): Name = "Value"; Value = "200"; VariantName = "[No Variations]"
Added Component: Designator=R46_2(RESC0603)
Add component (AddParameter): Name = "LatestRevisionDate"; Value = "17-Jul-2002"; VariantName = "[No Variations]"
Add component (AddParameter): Name = "LatestRevisionNote"; Value = "Re-released for DXP Platform."; VariantName = "[No Variations]"
Add component (AddParameter): Name = "PackageReference"; Value = "AXIAL-0.5"; VariantName = "[No Variations]"
Add component (AddParameter): Name = "Published"; Value = "8-Jun-2000"; VariantName = "[No Variations]"
Add component (AddParameter): Name = "Publisher"; Value = "Altium Limited"; VariantName = "[No Variations]"
Add component (AddParameter): Name = "Value"; Value = "200"; VariantName = "[No Variations]"
Added Component: Designator=R46_3(RESC0603)
Add component (AddParameter): Name = "LatestRevisionDate"; Value = "17-Jul-2002"; VariantName = "[No Variations]"
Add component (AddParameter): Name = "LatestRevisionNote"; Value = "Re-released for DXP Platform."; VariantName = "[No Variations]"
Add component (AddParameter): Name = "PackageReference"; Value = "AXIAL-0.5"; VariantName = "[No Variations]"
Add component (AddParameter): Name = "Published"; Value = "8-Jun-2000"; VariantName = "[No Variations]"
Add component (AddParameter): Name = "Publisher"; Value = "Altium Limited"; VariantName = "[No Variations]"
Add component (AddParameter): Name = "Value"; Value = "200"; VariantName = "[No Variations]"
Added Component: Designator=R46_4(RESC0603)
Add component (AddParameter): Name = "LatestRevisionDate"; Value = "17-Jul-2002"; VariantName = "[No Variations]"
Add component (AddParameter): Name = "LatestRevisionNote"; Value = "Re-released for DXP Platform."; VariantName = "[No Variations]"
Add component (AddParameter): Name = "PackageReference"; Value = "AXIAL-0.5"; VariantName = "[No Variations]"
Add component (AddParameter): Name = "Published"; Value = "8-Jun-2000"; VariantName = "[No Variations]"
Add component (AddParameter): Name = "Publisher"; Value = "Altium Limited"; VariantName = "[No Variations]"
Add component (AddParameter): Name = "Value"; Value = "200"; VariantName = "[No Variations]"
Added Component: Designator=R46_5(RESC0603)
Add component (AddParameter): Name = "LatestRevisionDate"; Value = "17-Jul-2002"; VariantName = "[No Variations]"
Add component (AddParameter): Name = "LatestRevisionNote"; Value = "Re-released for DXP Platform."; VariantName = "[No Variations]"
Add component (AddParameter): Name = "PackageReference"; Value = "AXIAL-0.5"; VariantName = "[No Variations]"
Add component (AddParameter): Name = "Published"; Value = "8-Jun-2000"; VariantName = "[No Variations]"
Add component (AddParameter): Name = "Publisher"; Value = "Altium Limited"; VariantName = "[No Variations]"
Add component (AddParameter): Name = "Value"; Value = "200"; VariantName = "[No Variations]"
Added Component: Designator=R46_6(RESC0603)
Add component (AddParameter): Name = "LatestRevisionDate"; Value = "17-Jul-2002"; VariantName = "[No Variations]"
Add component (AddParameter): Name = "LatestRevisionNote"; Value = "Re-released for DXP Platform."; VariantName = "[No Variations]"
Add component (AddParameter): Name = "PackageReference"; Value = "AXIAL-0.5"; VariantName = "[No Variations]"
Add component (AddParameter): Name = "Published"; Value = "8-Jun-2000"; VariantName = "[No Variations]"
Add component (AddParameter): Name = "Publisher"; Value = "Altium Limited"; VariantName = "[No Variations]"
Add component (AddParameter): Name = "Value"; Value = "200"; VariantName = "[No Variations]"
Added Component: Designator=R46_7(RESC0603)
Add component (AddParameter): Name = "LatestRevisionDate"; Value = "17-Jul-2002"; VariantName = "[No Variations]"
Add component (AddParameter): Name = "LatestRevisionNote"; Value = "Re-released for DXP Platform."; VariantName = "[No Variations]"
Add component (AddParameter): Name = "PackageReference"; Value = "AXIAL-0.5"; VariantName = "[No Variations]"
Add component (AddParameter): Name = "Published"; Value = "8-Jun-2000"; VariantName = "[No Variations]"
Add component (AddParameter): Name = "Publisher"; Value = "Altium Limited"; VariantName = "[No Variations]"
Add component (AddParameter): Name = "Value"; Value = "200"; VariantName = "[No Variations]"
Added Component: Designator=R46_8(RESC0603)
Add component (AddParameter): Name = "LatestRevisionDate"; Value = "17-Jul-2002"; VariantName = "[No Variations]"
Add component (AddParameter): Name = "LatestRevisionNote"; Value = "Re-released for DXP Platform."; VariantName = "[No Variations]"
Add component (AddParameter): Name = "PackageReference"; Value = "AXIAL-0.5"; VariantName = "[No Variations]"
Add component (AddParameter): Name = "Published"; Value = "8-Jun-2000"; VariantName = "[No Variations]"
Add component (AddParameter): Name = "Publisher"; Value = "Altium Limited"; VariantName = "[No Variations]"
Add component (AddParameter): Name = "Value"; Value = "200"; VariantName = "[No Variations]"
Added Component: Designator=R46_9(RESC0603)
Add component (AddParameter): Name = "LatestRevisionDate"; Value = "17-Jul-2002"; VariantName = "[No Variations]"
Add component (AddParameter): Name = "LatestRevisionNote"; Value = "Re-released for DXP Platform."; VariantName = "[No Variations]"
Add component (AddParameter): Name = "PackageReference"; Value = "AXIAL-0.5"; VariantName = "[No Variations]"
Add component (AddParameter): Name = "Published"; Value = "8-Jun-2000"; VariantName = "[No Variations]"
Add component (AddParameter): Name = "Publisher"; Value = "Altium Limited"; VariantName = "[No Variations]"
Add component (AddParameter): Name = "Value"; Value = "200"; VariantName = "[No Variations]"
Added Component: Designator=R46_10(RESC0603)
Add component (AddParameter): Name = "LatestRevisionDate"; Value = "17-Jul-2002"; VariantName = "[No Variations]"
Add component (AddParameter): Name = "LatestRevisionNote"; Value = "Re-released for DXP Platform."; VariantName = "[No Variations]"
Add component (AddParameter): Name = "PackageReference"; Value = "AXIAL-0.5"; VariantName = "[No Variations]"
Add component (AddParameter): Name = "Published"; Value = "8-Jun-2000"; VariantName = "[No Variations]"
Add component (AddParameter): Name = "Publisher"; Value = "Altium Limited"; VariantName = "[No Variations]"
Add component (AddParameter): Name = "Value"; Value = "200"; VariantName = "[No Variations]"
Added Component: Designator=R46_11(RESC0603)
Add component (AddParameter): Name = "LatestRevisionDate"; Value = "17-Jul-2002"; VariantName = "[No Variations]"
Add component (AddParameter): Name = "LatestRevisionNote"; Value = "Re-released for DXP Platform."; VariantName = "[No Variations]"
Add component (AddParameter): Name = "PackageReference"; Value = "AXIAL-0.5"; VariantName = "[No Variations]"
Add component (AddParameter): Name = "Published"; Value = "8-Jun-2000"; VariantName = "[No Variations]"
Add component (AddParameter): Name = "Publisher"; Value = "Altium Limited"; VariantName = "[No Variations]"
Add component (AddParameter): Name = "Value"; Value = "200"; VariantName = "[No Variations]"
Added Component: Designator=R46_12(RESC0603)
Add component (AddParameter): Name = "LatestRevisionDate"; Value = "17-Jul-2002"; VariantName = "[No Variations]"
Add component (AddParameter): Name = "LatestRevisionNote"; Value = "Re-released for DXP Platform."; VariantName = "[No Variations]"
Add component (AddParameter): Name = "PackageReference"; Value = "AXIAL-0.5"; VariantName = "[No Variations]"
Add component (AddParameter): Name = "Published"; Value = "8-Jun-2000"; VariantName = "[No Variations]"
Add component (AddParameter): Name = "Publisher"; Value = "Altium Limited"; VariantName = "[No Variations]"
Add component (AddParameter): Name = "Value"; Value = "200"; VariantName = "[No Variations]"
Added Component: Designator=R46_13(RESC0603)
Add component (AddParameter): Name = "LatestRevisionDate"; Value = "17-Jul-2002"; VariantName = "[No Variations]"
Add component (AddParameter): Name = "LatestRevisionNote"; Value = "Re-released for DXP Platform."; VariantName = "[No Variations]"
Add component (AddParameter): Name = "PackageReference"; Value = "AXIAL-0.5"; VariantName = "[No Variations]"
Add component (AddParameter): Name = "Published"; Value = "8-Jun-2000"; VariantName = "[No Variations]"
Add component (AddParameter): Name = "Publisher"; Value = "Altium Limited"; VariantName = "[No Variations]"
Add component (AddParameter): Name = "Value"; Value = "200"; VariantName = "[No Variations]"
Added Component: Designator=R46_14(RESC0603)
Add component (AddParameter): Name = "LatestRevisionDate"; Value = "17-Jul-2002"; VariantName = "[No Variations]"
Add component (AddParameter): Name = "LatestRevisionNote"; Value = "Re-released for DXP Platform."; VariantName = "[No Variations]"
Add component (AddParameter): Name = "PackageReference"; Value = "AXIAL-0.5"; VariantName = "[No Variations]"
Add component (AddParameter): Name = "Published"; Value = "8-Jun-2000"; VariantName = "[No Variations]"
Add component (AddParameter): Name = "Publisher"; Value = "Altium Limited"; VariantName = "[No Variations]"
Add component (AddParameter): Name = "Value"; Value = "200"; VariantName = "[No Variations]"
Added Component: Designator=R46_15(RESC0603)
Add component (AddParameter): Name = "LatestRevisionDate"; Value = "17-Jul-2002"; VariantName = "[No Variations]"
Add component (AddParameter): Name = "LatestRevisionNote"; Value = "Re-released for DXP Platform."; VariantName = "[No Variations]"
Add component (AddParameter): Name = "PackageReference"; Value = "AXIAL-0.5"; VariantName = "[No Variations]"
Add component (AddParameter): Name = "Published"; Value = "8-Jun-2000"; VariantName = "[No Variations]"
Add component (AddParameter): Name = "Publisher"; Value = "Altium Limited"; VariantName = "[No Variations]"
Add component (AddParameter): Name = "Value"; Value = "200"; VariantName = "[No Variations]"
Added Component: Designator=R46_16(RESC0603)
Add component (AddParameter): Name = "LatestRevisionDate"; Value = "17-Jul-2002"; VariantName = "[No Variations]"
Add component (AddParameter): Name = "LatestRevisionNote"; Value = "Re-released for DXP Platform."; VariantName = "[No Variations]"
Add component (AddParameter): Name = "PackageReference"; Value = "AXIAL-0.5"; VariantName = "[No Variations]"
Add component (AddParameter): Name = "Published"; Value = "8-Jun-2000"; VariantName = "[No Variations]"
Add component (AddParameter): Name = "Publisher"; Value = "Altium Limited"; VariantName = "[No Variations]"
Add component (AddParameter): Name = "Value"; Value = "200"; VariantName = "[No Variations]"
Added Component: Designator=R47_1(RESC0603)
Add component (AddParameter): Name = "LatestRevisionDate"; Value = "17-Jul-2002"; VariantName = "[No Variations]"
Add component (AddParameter): Name = "LatestRevisionNote"; Value = "Re-released for DXP Platform."; VariantName = "[No Variations]"
Add component (AddParameter): Name = "PackageReference"; Value = "AXIAL-0.5"; VariantName = "[No Variations]"
Add component (AddParameter): Name = "Published"; Value = "8-Jun-2000"; VariantName = "[No Variations]"
Add component (AddParameter): Name = "Publisher"; Value = "Altium Limited"; VariantName = "[No Variations]"
Add component (AddParameter): Name = "Value"; Value = "100"; VariantName = "[No Variations]"
Added Component: Designator=R47_2(RESC0603)
Add component (AddParameter): Name = "LatestRevisionDate"; Value = "17-Jul-2002"; VariantName = "[No Variations]"
Add component (AddParameter): Name = "LatestRevisionNote"; Value = "Re-released for DXP Platform."; VariantName = "[No Variations]"
Add component (AddParameter): Name = "PackageReference"; Value = "AXIAL-0.5"; VariantName = "[No Variations]"
Add component (AddParameter): Name = "Published"; Value = "8-Jun-2000"; VariantName = "[No Variations]"
Add component (AddParameter): Name = "Publisher"; Value = "Altium Limited"; VariantName = "[No Variations]"
Add component (AddParameter): Name = "Value"; Value = "100"; VariantName = "[No Variations]"
Added Component: Designator=R47_3(RESC0603)
Add component (AddParameter): Name = "LatestRevisionDate"; Value = "17-Jul-2002"; VariantName = "[No Variations]"
Add component (AddParameter): Name = "LatestRevisionNote"; Value = "Re-released for DXP Platform."; VariantName = "[No Variations]"
Add component (AddParameter): Name = "PackageReference"; Value = "AXIAL-0.5"; VariantName = "[No Variations]"
Add component (AddParameter): Name = "Published"; Value = "8-Jun-2000"; VariantName = "[No Variations]"
Add component (AddParameter): Name = "Publisher"; Value = "Altium Limited"; VariantName = "[No Variations]"
Add component (AddParameter): Name = "Value"; Value = "100"; VariantName = "[No Variations]"
Added Component: Designator=R47_4(RESC0603)
Add component (AddParameter): Name = "LatestRevisionDate"; Value = "17-Jul-2002"; VariantName = "[No Variations]"
Add component (AddParameter): Name = "LatestRevisionNote"; Value = "Re-released for DXP Platform."; VariantName = "[No Variations]"
Add component (AddParameter): Name = "PackageReference"; Value = "AXIAL-0.5"; VariantName = "[No Variations]"
Add component (AddParameter): Name = "Published"; Value = "8-Jun-2000"; VariantName = "[No Variations]"
Add component (AddParameter): Name = "Publisher"; Value = "Altium Limited"; VariantName = "[No Variations]"
Add component (AddParameter): Name = "Value"; Value = "100"; VariantName = "[No Variations]"
Added Component: Designator=R47_5(RESC0603)
Add component (AddParameter): Name = "LatestRevisionDate"; Value = "17-Jul-2002"; VariantName = "[No Variations]"
Add component (AddParameter): Name = "LatestRevisionNote"; Value = "Re-released for DXP Platform."; VariantName = "[No Variations]"
Add component (AddParameter): Name = "PackageReference"; Value = "AXIAL-0.5"; VariantName = "[No Variations]"
Add component (AddParameter): Name = "Published"; Value = "8-Jun-2000"; VariantName = "[No Variations]"
Add component (AddParameter): Name = "Publisher"; Value = "Altium Limited"; VariantName = "[No Variations]"
Add component (AddParameter): Name = "Value"; Value = "100"; VariantName = "[No Variations]"
Added Component: Designator=R47_6(RESC0603)
Add component (AddParameter): Name = "LatestRevisionDate"; Value = "17-Jul-2002"; VariantName = "[No Variations]"
Add component (AddParameter): Name = "LatestRevisionNote"; Value = "Re-released for DXP Platform."; VariantName = "[No Variations]"
Add component (AddParameter): Name = "PackageReference"; Value = "AXIAL-0.5"; VariantName = "[No Variations]"
Add component (AddParameter): Name = "Published"; Value = "8-Jun-2000"; VariantName = "[No Variations]"
Add component (AddParameter): Name = "Publisher"; Value = "Altium Limited"; VariantName = "[No Variations]"
Add component (AddParameter): Name = "Value"; Value = "100"; VariantName = "[No Variations]"
Added Component: Designator=R47_7(RESC0603)
Add component (AddParameter): Name = "LatestRevisionDate"; Value = "17-Jul-2002"; VariantName = "[No Variations]"
Add component (AddParameter): Name = "LatestRevisionNote"; Value = "Re-released for DXP Platform."; VariantName = "[No Variations]"
Add component (AddParameter): Name = "PackageReference"; Value = "AXIAL-0.5"; VariantName = "[No Variations]"
Add component (AddParameter): Name = "Published"; Value = "8-Jun-2000"; VariantName = "[No Variations]"
Add component (AddParameter): Name = "Publisher"; Value = "Altium Limited"; VariantName = "[No Variations]"
Add component (AddParameter): Name = "Value"; Value = "100"; VariantName = "[No Variations]"
Added Component: Designator=R47_8(RESC0603)
Add component (AddParameter): Name = "LatestRevisionDate"; Value = "17-Jul-2002"; VariantName = "[No Variations]"
Add component (AddParameter): Name = "LatestRevisionNote"; Value = "Re-released for DXP Platform."; VariantName = "[No Variations]"
Add component (AddParameter): Name = "PackageReference"; Value = "AXIAL-0.5"; VariantName = "[No Variations]"
Add component (AddParameter): Name = "Published"; Value = "8-Jun-2000"; VariantName = "[No Variations]"
Add component (AddParameter): Name = "Publisher"; Value = "Altium Limited"; VariantName = "[No Variations]"
Add component (AddParameter): Name = "Value"; Value = "100"; VariantName = "[No Variations]"
Added Component: Designator=R47_9(RESC0603)
Add component (AddParameter): Name = "LatestRevisionDate"; Value = "17-Jul-2002"; VariantName = "[No Variations]"
Add component (AddParameter): Name = "LatestRevisionNote"; Value = "Re-released for DXP Platform."; VariantName = "[No Variations]"
Add component (AddParameter): Name = "PackageReference"; Value = "AXIAL-0.5"; VariantName = "[No Variations]"
Add component (AddParameter): Name = "Published"; Value = "8-Jun-2000"; VariantName = "[No Variations]"
Add component (AddParameter): Name = "Publisher"; Value = "Altium Limited"; VariantName = "[No Variations]"
Add component (AddParameter): Name = "Value"; Value = "100"; VariantName = "[No Variations]"
Added Component: Designator=R47_10(RESC0603)
Add component (AddParameter): Name = "LatestRevisionDate"; Value = "17-Jul-2002"; VariantName = "[No Variations]"
Add component (AddParameter): Name = "LatestRevisionNote"; Value = "Re-released for DXP Platform."; VariantName = "[No Variations]"
Add component (AddParameter): Name = "PackageReference"; Value = "AXIAL-0.5"; VariantName = "[No Variations]"
Add component (AddParameter): Name = "Published"; Value = "8-Jun-2000"; VariantName = "[No Variations]"
Add component (AddParameter): Name = "Publisher"; Value = "Altium Limited"; VariantName = "[No Variations]"
Add component (AddParameter): Name = "Value"; Value = "100"; VariantName = "[No Variations]"
Added Component: Designator=R47_11(RESC0603)
Add component (AddParameter): Name = "LatestRevisionDate"; Value = "17-Jul-2002"; VariantName = "[No Variations]"
Add component (AddParameter): Name = "LatestRevisionNote"; Value = "Re-released for DXP Platform."; VariantName = "[No Variations]"
Add component (AddParameter): Name = "PackageReference"; Value = "AXIAL-0.5"; VariantName = "[No Variations]"
Add component (AddParameter): Name = "Published"; Value = "8-Jun-2000"; VariantName = "[No Variations]"
Add component (AddParameter): Name = "Publisher"; Value = "Altium Limited"; VariantName = "[No Variations]"
Add component (AddParameter): Name = "Value"; Value = "100"; VariantName = "[No Variations]"
Added Component: Designator=R47_12(RESC0603)
Add component (AddParameter): Name = "LatestRevisionDate"; Value = "17-Jul-2002"; VariantName = "[No Variations]"
Add component (AddParameter): Name = "LatestRevisionNote"; Value = "Re-released for DXP Platform."; VariantName = "[No Variations]"
Add component (AddParameter): Name = "PackageReference"; Value = "AXIAL-0.5"; VariantName = "[No Variations]"
Add component (AddParameter): Name = "Published"; Value = "8-Jun-2000"; VariantName = "[No Variations]"
Add component (AddParameter): Name = "Publisher"; Value = "Altium Limited"; VariantName = "[No Variations]"
Add component (AddParameter): Name = "Value"; Value = "100"; VariantName = "[No Variations]"
Added Component: Designator=R47_13(RESC0603)
Add component (AddParameter): Name = "LatestRevisionDate"; Value = "17-Jul-2002"; VariantName = "[No Variations]"
Add component (AddParameter): Name = "LatestRevisionNote"; Value = "Re-released for DXP Platform."; VariantName = "[No Variations]"
Add component (AddParameter): Name = "PackageReference"; Value = "AXIAL-0.5"; VariantName = "[No Variations]"
Add component (AddParameter): Name = "Published"; Value = "8-Jun-2000"; VariantName = "[No Variations]"
Add component (AddParameter): Name = "Publisher"; Value = "Altium Limited"; VariantName = "[No Variations]"
Add component (AddParameter): Name = "Value"; Value = "100"; VariantName = "[No Variations]"
Added Component: Designator=R47_14(RESC0603)
Add component (AddParameter): Name = "LatestRevisionDate"; Value = "17-Jul-2002"; VariantName = "[No Variations]"
Add component (AddParameter): Name = "LatestRevisionNote"; Value = "Re-released for DXP Platform."; VariantName = "[No Variations]"
Add component (AddParameter): Name = "PackageReference"; Value = "AXIAL-0.5"; VariantName = "[No Variations]"
Add component (AddParameter): Name = "Published"; Value = "8-Jun-2000"; VariantName = "[No Variations]"
Add component (AddParameter): Name = "Publisher"; Value = "Altium Limited"; VariantName = "[No Variations]"
Add component (AddParameter): Name = "Value"; Value = "100"; VariantName = "[No Variations]"
Added Component: Designator=R47_15(RESC0603)
Add component (AddParameter): Name = "LatestRevisionDate"; Value = "17-Jul-2002"; VariantName = "[No Variations]"
Add component (AddParameter): Name = "LatestRevisionNote"; Value = "Re-released for DXP Platform."; VariantName = "[No Variations]"
Add component (AddParameter): Name = "PackageReference"; Value = "AXIAL-0.5"; VariantName = "[No Variations]"
Add component (AddParameter): Name = "Published"; Value = "8-Jun-2000"; VariantName = "[No Variations]"
Add component (AddParameter): Name = "Publisher"; Value = "Altium Limited"; VariantName = "[No Variations]"
Add component (AddParameter): Name = "Value"; Value = "100"; VariantName = "[No Variations]"
Added Component: Designator=R47_16(RESC0603)
Add component (AddParameter): Name = "LatestRevisionDate"; Value = "17-Jul-2002"; VariantName = "[No Variations]"
Add component (AddParameter): Name = "LatestRevisionNote"; Value = "Re-released for DXP Platform."; VariantName = "[No Variations]"
Add component (AddParameter): Name = "PackageReference"; Value = "AXIAL-0.5"; VariantName = "[No Variations]"
Add component (AddParameter): Name = "Published"; Value = "8-Jun-2000"; VariantName = "[No Variations]"
Add component (AddParameter): Name = "Publisher"; Value = "Altium Limited"; VariantName = "[No Variations]"
Add component (AddParameter): Name = "Value"; Value = "100"; VariantName = "[No Variations]"
Added Component: Designator=R48(RES0603)
Add component (AddParameter): Name = "LatestRevisionDate"; Value = "17-Jul-2002"; VariantName = "[No Variations]"
Add component (AddParameter): Name = "LatestRevisionNote"; Value = "Re-released for DXP Platform."; VariantName = "[No Variations]"
Add component (AddParameter): Name = "PackageDescription"; Value = "Axial Device, Thru-Hole; 2 Leads; 0.3 in Pin Spacing"; VariantName = "[No Variations]"
Add component (AddParameter): Name = "PackageReference"; Value = "AXIAL-0.3"; VariantName = "[No Variations]"
Add component (AddParameter): Name = "Published"; Value = "8-Jun-2000"; VariantName = "[No Variations]"
Add component (AddParameter): Name = "Publisher"; Value = "Altium Limited"; VariantName = "[No Variations]"
Add component (AddParameter): Name = "Value"; Value = "10K"; VariantName = "[No Variations]"
Added Component: Designator=R49(RES0603)
Add component (AddParameter): Name = "LatestRevisionDate"; Value = "17-Jul-2002"; VariantName = "[No Variations]"
Add component (AddParameter): Name = "LatestRevisionNote"; Value = "Re-released for DXP Platform."; VariantName = "[No Variations]"
Add component (AddParameter): Name = "PackageDescription"; Value = "Axial Device, Thru-Hole; 2 Leads; 0.3 in Pin Spacing"; VariantName = "[No Variations]"
Add component (AddParameter): Name = "PackageReference"; Value = "AXIAL-0.3"; VariantName = "[No Variations]"
Add component (AddParameter): Name = "Published"; Value = "8-Jun-2000"; VariantName = "[No Variations]"
Add component (AddParameter): Name = "Publisher"; Value = "Altium Limited"; VariantName = "[No Variations]"
Add component (AddParameter): Name = "Value"; Value = "60"; VariantName = "[No Variations]"
Added Component: Designator=R50(RES0603)
Add component (AddParameter): Name = "LatestRevisionDate"; Value = "17-Jul-2002"; VariantName = "[No Variations]"
Add component (AddParameter): Name = "LatestRevisionNote"; Value = "Re-released for DXP Platform."; VariantName = "[No Variations]"
Add component (AddParameter): Name = "PackageDescription"; Value = "Axial Device, Thru-Hole; 2 Leads; 0.3 in Pin Spacing"; VariantName = "[No Variations]"
Add component (AddParameter): Name = "PackageReference"; Value = "AXIAL-0.3"; VariantName = "[No Variations]"
Add component (AddParameter): Name = "Published"; Value = "8-Jun-2000"; VariantName = "[No Variations]"
Add component (AddParameter): Name = "Publisher"; Value = "Altium Limited"; VariantName = "[No Variations]"
Add component (AddParameter): Name = "Value"; Value = "60"; VariantName = "[No Variations]"
Added Component: Designator=R51(RES0603)
Add component (AddParameter): Name = "LatestRevisionDate"; Value = "17-Jul-2002"; VariantName = "[No Variations]"
Add component (AddParameter): Name = "LatestRevisionNote"; Value = "Re-released for DXP Platform."; VariantName = "[No Variations]"
Add component (AddParameter): Name = "PackageDescription"; Value = "Axial Device, Thru-Hole; 2 Leads; 0.3 in Pin Spacing"; VariantName = "[No Variations]"
Add component (AddParameter): Name = "PackageReference"; Value = "AXIAL-0.3"; VariantName = "[No Variations]"
Add component (AddParameter): Name = "Published"; Value = "8-Jun-2000"; VariantName = "[No Variations]"
Add component (AddParameter): Name = "Publisher"; Value = "Altium Limited"; VariantName = "[No Variations]"
Add component (AddParameter): Name = "Value"; Value = "0"; VariantName = "[No Variations]"
Added Component: Designator=R52(RESC0603)
Add component (AddParameter): Name = "LatestRevisionDate"; Value = "17-Jul-2002"; VariantName = "[No Variations]"
Add component (AddParameter): Name = "LatestRevisionNote"; Value = "Re-released for DXP Platform."; VariantName = "[No Variations]"
Add component (AddParameter): Name = "PackageReference"; Value = "AXIAL-0.5"; VariantName = "[No Variations]"
Add component (AddParameter): Name = "Published"; Value = "8-Jun-2000"; VariantName = "[No Variations]"
Add component (AddParameter): Name = "Publisher"; Value = "Altium Limited"; VariantName = "[No Variations]"
Add component (AddParameter): Name = "Value"; Value = "220"; VariantName = "[No Variations]"
Added Component: Designator=R53(RESC0603)
Add component (AddParameter): Name = "LatestRevisionDate"; Value = "17-Jul-2002"; VariantName = "[No Variations]"
Add component (AddParameter): Name = "LatestRevisionNote"; Value = "Re-released for DXP Platform."; VariantName = "[No Variations]"
Add component (AddParameter): Name = "PackageReference"; Value = "AXIAL-0.5"; VariantName = "[No Variations]"
Add component (AddParameter): Name = "Published"; Value = "8-Jun-2000"; VariantName = "[No Variations]"
Add component (AddParameter): Name = "Publisher"; Value = "Altium Limited"; VariantName = "[No Variations]"
Add component (AddParameter): Name = "Value"; Value = "10K"; VariantName = "[No Variations]"
Added Component: Designator=R54(RES0603)
Add component (AddParameter): Name = "LatestRevisionDate"; Value = "17-Jul-2002"; VariantName = "[No Variations]"
Add component (AddParameter): Name = "LatestRevisionNote"; Value = "Re-released for DXP Platform."; VariantName = "[No Variations]"
Add component (AddParameter): Name = "PackageDescription"; Value = "Axial Device, Thru-Hole; 2 Leads; 0.3 in Pin Spacing"; VariantName = "[No Variations]"
Add component (AddParameter): Name = "PackageReference"; Value = "AXIAL-0.3"; VariantName = "[No Variations]"
Add component (AddParameter): Name = "Published"; Value = "8-Jun-2000"; VariantName = "[No Variations]"
Add component (AddParameter): Name = "Publisher"; Value = "Altium Limited"; VariantName = "[No Variations]"
Add component (AddParameter): Name = "Value"; Value = "0"; VariantName = "[No Variations]"
Added Component: Designator=R55(RESC0603)
Add component (AddParameter): Name = "LatestRevisionDate"; Value = "17-Jul-2002"; VariantName = "[No Variations]"
Add component (AddParameter): Name = "LatestRevisionNote"; Value = "Re-released for DXP Platform."; VariantName = "[No Variations]"
Add component (AddParameter): Name = "PackageReference"; Value = "AXIAL-0.5"; VariantName = "[No Variations]"
Add component (AddParameter): Name = "Published"; Value = "8-Jun-2000"; VariantName = "[No Variations]"
Add component (AddParameter): Name = "Publisher"; Value = "Altium Limited"; VariantName = "[No Variations]"
Add component (AddParameter): Name = "Value"; Value = "10K"; VariantName = "[No Variations]"
Added Component: Designator=R56(RESC0603)
Add component (AddParameter): Name = "LatestRevisionDate"; Value = "17-Jul-2002"; VariantName = "[No Variations]"
Add component (AddParameter): Name = "LatestRevisionNote"; Value = "Re-released for DXP Platform."; VariantName = "[No Variations]"
Add component (AddParameter): Name = "PackageReference"; Value = "AXIAL-0.5"; VariantName = "[No Variations]"
Add component (AddParameter): Name = "Published"; Value = "8-Jun-2000"; VariantName = "[No Variations]"
Add component (AddParameter): Name = "Publisher"; Value = "Altium Limited"; VariantName = "[No Variations]"
Add component (AddParameter): Name = "Value"; Value = "10"; VariantName = "[No Variations]"
Added Component: Designator=R57_1(RESC0603)
Add component (AddParameter): Name = "LatestRevisionDate"; Value = "17-Jul-2002"; VariantName = "[No Variations]"
Add component (AddParameter): Name = "LatestRevisionNote"; Value = "Re-released for DXP Platform."; VariantName = "[No Variations]"
Add component (AddParameter): Name = "PackageReference"; Value = "AXIAL-0.5"; VariantName = "[No Variations]"
Add component (AddParameter): Name = "Published"; Value = "8-Jun-2000"; VariantName = "[No Variations]"
Add component (AddParameter): Name = "Publisher"; Value = "Altium Limited"; VariantName = "[No Variations]"
Add component (AddParameter): Name = "Value"; Value = "10K"; VariantName = "[No Variations]"
Added Component: Designator=R57_2(RESC0603)
Add component (AddParameter): Name = "LatestRevisionDate"; Value = "17-Jul-2002"; VariantName = "[No Variations]"
Add component (AddParameter): Name = "LatestRevisionNote"; Value = "Re-released for DXP Platform."; VariantName = "[No Variations]"
Add component (AddParameter): Name = "PackageReference"; Value = "AXIAL-0.5"; VariantName = "[No Variations]"
Add component (AddParameter): Name = "Published"; Value = "8-Jun-2000"; VariantName = "[No Variations]"
Add component (AddParameter): Name = "Publisher"; Value = "Altium Limited"; VariantName = "[No Variations]"
Add component (AddParameter): Name = "Value"; Value = "10K"; VariantName = "[No Variations]"
Added Component: Designator=R58_1(RESC0603)
Add component (AddParameter): Name = "LatestRevisionDate"; Value = "17-Jul-2002"; VariantName = "[No Variations]"
Add component (AddParameter): Name = "LatestRevisionNote"; Value = "Re-released for DXP Platform."; VariantName = "[No Variations]"
Add component (AddParameter): Name = "PackageReference"; Value = "AXIAL-0.5"; VariantName = "[No Variations]"
Add component (AddParameter): Name = "Published"; Value = "8-Jun-2000"; VariantName = "[No Variations]"
Add component (AddParameter): Name = "Publisher"; Value = "Altium Limited"; VariantName = "[No Variations]"
Add component (AddParameter): Name = "Value"; Value = "220"; VariantName = "[No Variations]"
Added Component: Designator=R58_2(RESC0603)
Add component (AddParameter): Name = "LatestRevisionDate"; Value = "17-Jul-2002"; VariantName = "[No Variations]"
Add component (AddParameter): Name = "LatestRevisionNote"; Value = "Re-released for DXP Platform."; VariantName = "[No Variations]"
Add component (AddParameter): Name = "PackageReference"; Value = "AXIAL-0.5"; VariantName = "[No Variations]"
Add component (AddParameter): Name = "Published"; Value = "8-Jun-2000"; VariantName = "[No Variations]"
Add component (AddParameter): Name = "Publisher"; Value = "Altium Limited"; VariantName = "[No Variations]"
Add component (AddParameter): Name = "Value"; Value = "220"; VariantName = "[No Variations]"
Added Component: Designator=R59_1(RESC0603)
Add component (AddParameter): Name = "LatestRevisionDate"; Value = "17-Jul-2002"; VariantName = "[No Variations]"
Add component (AddParameter): Name = "LatestRevisionNote"; Value = "Re-released for DXP Platform."; VariantName = "[No Variations]"
Add component (AddParameter): Name = "PackageReference"; Value = "AXIAL-0.5"; VariantName = "[No Variations]"
Add component (AddParameter): Name = "Published"; Value = "8-Jun-2000"; VariantName = "[No Variations]"
Add component (AddParameter): Name = "Publisher"; Value = "Altium Limited"; VariantName = "[No Variations]"
Add component (AddParameter): Name = "Value"; Value = "10"; VariantName = "[No Variations]"
Added Component: Designator=R59_2(RESC0603)
Add component (AddParameter): Name = "LatestRevisionDate"; Value = "17-Jul-2002"; VariantName = "[No Variations]"
Add component (AddParameter): Name = "LatestRevisionNote"; Value = "Re-released for DXP Platform."; VariantName = "[No Variations]"
Add component (AddParameter): Name = "PackageReference"; Value = "AXIAL-0.5"; VariantName = "[No Variations]"
Add component (AddParameter): Name = "Published"; Value = "8-Jun-2000"; VariantName = "[No Variations]"
Add component (AddParameter): Name = "Publisher"; Value = "Altium Limited"; VariantName = "[No Variations]"
Add component (AddParameter): Name = "Value"; Value = "10"; VariantName = "[No Variations]"
Added Component: Designator=R60(RESC0603)
Add component (AddParameter): Name = "LatestRevisionDate"; Value = "17-Jul-2002"; VariantName = "[No Variations]"
Add component (AddParameter): Name = "LatestRevisionNote"; Value = "Re-released for DXP Platform."; VariantName = "[No Variations]"
Add component (AddParameter): Name = "PackageReference"; Value = "AXIAL-0.5"; VariantName = "[No Variations]"
Add component (AddParameter): Name = "Published"; Value = "8-Jun-2000"; VariantName = "[No Variations]"
Add component (AddParameter): Name = "Publisher"; Value = "Altium Limited"; VariantName = "[No Variations]"
Add component (AddParameter): Name = "Value"; Value = "10K"; VariantName = "[No Variations]"
Added Component: Designator=R61_1(RESC0603)
Add component (AddParameter): Name = "LatestRevisionDate"; Value = "17-Jul-2002"; VariantName = "[No Variations]"
Add component (AddParameter): Name = "LatestRevisionNote"; Value = "Re-released for DXP Platform."; VariantName = "[No Variations]"
Add component (AddParameter): Name = "PackageReference"; Value = "AXIAL-0.5"; VariantName = "[No Variations]"
Add component (AddParameter): Name = "Published"; Value = "8-Jun-2000"; VariantName = "[No Variations]"
Add component (AddParameter): Name = "Publisher"; Value = "Altium Limited"; VariantName = "[No Variations]"
Add component (AddParameter): Name = "Value"; Value = "10K"; VariantName = "[No Variations]"
Added Component: Designator=R61_2(RESC0603)
Add component (AddParameter): Name = "LatestRevisionDate"; Value = "17-Jul-2002"; VariantName = "[No Variations]"
Add component (AddParameter): Name = "LatestRevisionNote"; Value = "Re-released for DXP Platform."; VariantName = "[No Variations]"
Add component (AddParameter): Name = "PackageReference"; Value = "AXIAL-0.5"; VariantName = "[No Variations]"
Add component (AddParameter): Name = "Published"; Value = "8-Jun-2000"; VariantName = "[No Variations]"
Add component (AddParameter): Name = "Publisher"; Value = "Altium Limited"; VariantName = "[No Variations]"
Add component (AddParameter): Name = "Value"; Value = "10K"; VariantName = "[No Variations]"
Added Component: Designator=R62(RESC0603)
Add component (AddParameter): Name = "LatestRevisionDate"; Value = "17-Jul-2002"; VariantName = "[No Variations]"
Add component (AddParameter): Name = "LatestRevisionNote"; Value = "Re-released for DXP Platform."; VariantName = "[No Variations]"
Add component (AddParameter): Name = "PackageReference"; Value = "AXIAL-0.5"; VariantName = "[No Variations]"
Add component (AddParameter): Name = "Published"; Value = "8-Jun-2000"; VariantName = "[No Variations]"
Add component (AddParameter): Name = "Publisher"; Value = "Altium Limited"; VariantName = "[No Variations]"
Add component (AddParameter): Name = "Value"; Value = "10K"; VariantName = "[No Variations]"
Added Component: Designator=R63(RESC0603)
Add component (AddParameter): Name = "LatestRevisionDate"; Value = "17-Jul-2002"; VariantName = "[No Variations]"
Add component (AddParameter): Name = "LatestRevisionNote"; Value = "Re-released for DXP Platform."; VariantName = "[No Variations]"
Add component (AddParameter): Name = "PackageReference"; Value = "AXIAL-0.5"; VariantName = "[No Variations]"
Add component (AddParameter): Name = "Published"; Value = "8-Jun-2000"; VariantName = "[No Variations]"
Add component (AddParameter): Name = "Publisher"; Value = "Altium Limited"; VariantName = "[No Variations]"
Add component (AddParameter): Name = "Value"; Value = "10K"; VariantName = "[No Variations]"
Added Component: Designator=R64(RESC0603)
Add component (AddParameter): Name = "LatestRevisionDate"; Value = "17-Jul-2002"; VariantName = "[No Variations]"
Add component (AddParameter): Name = "LatestRevisionNote"; Value = "Re-released for DXP Platform."; VariantName = "[No Variations]"
Add component (AddParameter): Name = "PackageReference"; Value = "AXIAL-0.5"; VariantName = "[No Variations]"
Add component (AddParameter): Name = "Published"; Value = "8-Jun-2000"; VariantName = "[No Variations]"
Add component (AddParameter): Name = "Publisher"; Value = "Altium Limited"; VariantName = "[No Variations]"
Add component (AddParameter): Name = "Value"; Value = "10K"; VariantName = "[No Variations]"
Added Component: Designator=R65(RES0603)
Add component (AddParameter): Name = "LatestRevisionDate"; Value = "17-Jul-2002"; VariantName = "[No Variations]"
Add component (AddParameter): Name = "LatestRevisionNote"; Value = "Re-released for DXP Platform."; VariantName = "[No Variations]"
Add component (AddParameter): Name = "PackageDescription"; Value = "Axial Device, Thru-Hole; 2 Leads; 0.3 in Pin Spacing"; VariantName = "[No Variations]"
Add component (AddParameter): Name = "PackageReference"; Value = "AXIAL-0.3"; VariantName = "[No Variations]"
Add component (AddParameter): Name = "Published"; Value = "8-Jun-2000"; VariantName = "[No Variations]"
Add component (AddParameter): Name = "Publisher"; Value = "Altium Limited"; VariantName = "[No Variations]"
Add component (AddParameter): Name = "Value"; Value = "10"; VariantName = "[No Variations]"
Added Component: Designator=R?(RESC0603)
Add component (AddParameter): Name = "LatestRevisionDate"; Value = "17-Jul-2002"; VariantName = "[No Variations]"
Add component (AddParameter): Name = "LatestRevisionNote"; Value = "Re-released for DXP Platform."; VariantName = "[No Variations]"
Add component (AddParameter): Name = "PackageReference"; Value = "AXIAL-0.5"; VariantName = "[No Variations]"
Add component (AddParameter): Name = "Published"; Value = "8-Jun-2000"; VariantName = "[No Variations]"
Add component (AddParameter): Name = "Publisher"; Value = "Altium Limited"; VariantName = "[No Variations]"
Add component (AddParameter): Name = "Value"; Value = "2.7K"; VariantName = "[No Variations]"
Added Component: Designator=RST1(SWITCH-PB4)
Added Component: Designator=SWD1(HEADER1*4)
Added Component: Designator=SWH(SW4_1571983_4P_TEC)
Add component (AddParameter): Name = "Copyright"; Value = "Copyright (C) 2025 Ultra Librarian. All rights reserved."; VariantName = "[No Variations]"
Add component (AddParameter): Name = "Manufacturer_Name"; Value = "TE Connectivity"; VariantName = "[No Variations]"
Add component (AddParameter): Name = "Manufacturer_Part_Number"; Value = "1571983-4"; VariantName = "[No Variations]"
Add component (AddParameter): Name = "RefDes"; Value = "RefDes"; VariantName = "[No Variations]"
Add component (AddParameter): Name = "Type"; Value = "Type"; VariantName = "[No Variations]"
Added Component: Designator=SWL(SW4_1571983_4P_TEC)
Add component (AddParameter): Name = "Copyright"; Value = "Copyright (C) 2025 Ultra Librarian. All rights reserved."; VariantName = "[No Variations]"
Add component (AddParameter): Name = "Manufacturer_Name"; Value = "TE Connectivity"; VariantName = "[No Variations]"
Add component (AddParameter): Name = "Manufacturer_Part_Number"; Value = "1571983-4"; VariantName = "[No Variations]"
Add component (AddParameter): Name = "RefDes"; Value = "RefDes"; VariantName = "[No Variations]"
Add component (AddParameter): Name = "Type"; Value = "Type"; VariantName = "[No Variations]"
Added Component: Designator=T1(HEADER1*2)
Added Component: Designator=T2(HEADER1*2)
Added Component: Designator=T3(HEADER1*2)
Added Component: Designator=T4(HEADER1*2)
Added Component: Designator=T5(HEADER1*2)
Added Component: Designator=T6(HEADER1*2)
Added Component: Designator=T7(HEADER1*2)
Added Component: Designator=T8(HEADER1*2)
Added Component: Designator=T9(HEADER1*2)
Added Component: Designator=T10(HEADER1*2)
Added Component: Designator=TP1(Test Point)
Add component (AddParameter): Name = "CompType"; Value = "Testpoint"; VariantName = "[No Variations]"
Add component (AddParameter): Name = "Manufacturer"; Value = "N/A"; VariantName = "[No Variations]"
Add component (AddParameter): Name = "PackageReference"; Value = "N/A"; VariantName = "[No Variations]"
Add component (AddParameter): Name = "PartNumber"; Value = "N/A"; VariantName = "[No Variations]"
Added Component: Designator=TP2(Test Point)
Add component (AddParameter): Name = "CompType"; Value = "Testpoint"; VariantName = "[No Variations]"
Add component (AddParameter): Name = "Manufacturer"; Value = "N/A"; VariantName = "[No Variations]"
Add component (AddParameter): Name = "PackageReference"; Value = "N/A"; VariantName = "[No Variations]"
Add component (AddParameter): Name = "PartNumber"; Value = "N/A"; VariantName = "[No Variations]"
Added Component: Designator=TP3(Test Point)
Add component (AddParameter): Name = "CompType"; Value = "Testpoint"; VariantName = "[No Variations]"
Add component (AddParameter): Name = "Manufacturer"; Value = "N/A"; VariantName = "[No Variations]"
Add component (AddParameter): Name = "PackageReference"; Value = "N/A"; VariantName = "[No Variations]"
Add component (AddParameter): Name = "PartNumber"; Value = "N/A"; VariantName = "[No Variations]"
Added Component: Designator=TP4(Test Point)
Add component (AddParameter): Name = "CompType"; Value = "Testpoint"; VariantName = "[No Variations]"
Add component (AddParameter): Name = "Manufacturer"; Value = "N/A"; VariantName = "[No Variations]"
Add component (AddParameter): Name = "PackageReference"; Value = "N/A"; VariantName = "[No Variations]"
Add component (AddParameter): Name = "PartNumber"; Value = "N/A"; VariantName = "[No Variations]"
Added Component: Designator=TP5(Test Point)
Add component (AddParameter): Name = "CompType"; Value = "Testpoint"; VariantName = "[No Variations]"
Add component (AddParameter): Name = "Manufacturer"; Value = "N/A"; VariantName = "[No Variations]"
Add component (AddParameter): Name = "PackageReference"; Value = "N/A"; VariantName = "[No Variations]"
Add component (AddParameter): Name = "PartNumber"; Value = "N/A"; VariantName = "[No Variations]"
Added Component: Designator=TP6(Test Point)
Add component (AddParameter): Name = "CompType"; Value = "Testpoint"; VariantName = "[No Variations]"
Add component (AddParameter): Name = "Manufacturer"; Value = "N/A"; VariantName = "[No Variations]"
Add component (AddParameter): Name = "PackageReference"; Value = "N/A"; VariantName = "[No Variations]"
Add component (AddParameter): Name = "PartNumber"; Value = "N/A"; VariantName = "[No Variations]"
Added Component: Designator=TP7(Test Point)
Add component (AddParameter): Name = "CompType"; Value = "Testpoint"; VariantName = "[No Variations]"
Add component (AddParameter): Name = "Manufacturer"; Value = "N/A"; VariantName = "[No Variations]"
Add component (AddParameter): Name = "PackageReference"; Value = "N/A"; VariantName = "[No Variations]"
Add component (AddParameter): Name = "PartNumber"; Value = "N/A"; VariantName = "[No Variations]"
Added Component: Designator=U1(STM32F103C8T6)
Add component (AddParameter): Name = "A/D Converter"; Value = "2x12-bit (10 Channel)"; VariantName = "[No Variations]"
Add component (AddParameter): Name = "ComponentLink1Description"; Value = "Manufacturer URL"; VariantName = "[No Variations]"
Add component (AddParameter): Name = "ComponentLink1URL"; Value = "http://www.st.com/web/en/home.html"; VariantName = "[No Variations]"
Add component (AddParameter): Name = "ComponentLink2Description"; Value = "Datasheet"; VariantName = "[No Variations]"
Add component (AddParameter): Name = "ComponentLink2URL"; Value = "http://www.st.com/st-web-ui/static/active/en/resource/technical/document/datasheet/CD00161566.pdf"; VariantName = "[No Variations]"
Add component (AddParameter): Name = "ComponentLink3Description"; Value = "Package Specification"; VariantName = "[No Variations]"
Add component (AddParameter): Name = "ComponentLink3URL"; Value = "http://www.st.com/st-web-ui/static/active/en/resource/technical/document/datasheet/DM00058181.pdf"; VariantName = "[No Variations]"
Add component (AddParameter): Name = "Core"; Value = "ARM Cortex-M3"; VariantName = "[No Variations]"
Add component (AddParameter): Name = "DatasheetVersion"; Value = "Rev. 16"; VariantName = "[No Variations]"
Add component (AddParameter): Name = "FLASH Size (Prog) (kB)"; Value = "64"; VariantName = "[No Variations]"
Add component (AddParameter): Name = "I/Os (High Current)"; Value = "37"; VariantName = "[No Variations]"
Add component (AddParameter): Name = "Internal RAM Size (kB)"; Value = "20"; VariantName = "[No Variations]"
Add component (AddParameter): Name = "Mounting Technology"; Value = "Surface Mount"; VariantName = "[No Variations]"
Add component (AddParameter): Name = "Operating Frequency(F) (Processor speed) (MHz)"; Value = "72"; VariantName = "[No Variations]"
Add component (AddParameter): Name = "PackageDescription"; Value = "48-Pin Low Profile Quad Flat Package, 7 x 7 mm Body, 0.5 mm Pitch"; VariantName = "[No Variations]"
Add component (AddParameter): Name = "PackageReference"; Value = "LQFP48"; VariantName = "[No Variations]"
Add component (AddParameter): Name = "PackageVersion"; Value = "Rev. 6, 06/2013"; VariantName = "[No Variations]"
Add component (AddParameter): Name = "Packing"; Value = "Tray"; VariantName = "[No Variations]"
Add component (AddParameter): Name = "PartNumber"; Value = "STM32F103C8T6"; VariantName = "[No Variations]"
Add component (AddParameter): Name = "Supplier 1"; Value = "Digi-Key"; VariantName = "[No Variations]"
Add component (AddParameter): Name = "Supplier 2"; Value = "Farnell"; VariantName = "[No Variations]"
Add component (AddParameter): Name = "Supplier 3"; Value = "Newark"; VariantName = "[No Variations]"
Add component (AddParameter): Name = "Supplier 4"; Value = "Newark"; VariantName = "[No Variations]"
Add component (AddParameter): Name = "Supplier 5"; Value = "Mouser"; VariantName = "[No Variations]"
Add component (AddParameter): Name = "Supplier Part Number 1"; Value = "497-6063-ND"; VariantName = "[No Variations]"
Add component (AddParameter): Name = "Supplier Part Number 2"; Value = "1447637"; VariantName = "[No Variations]"
Add component (AddParameter): Name = "Supplier Part Number 3"; Value = "59M2182"; VariantName = "[No Variations]"
Add component (AddParameter): Name = "Supplier Part Number 4"; Value = "57P1222"; VariantName = "[No Variations]"
Add component (AddParameter): Name = "Supplier Part Number 5"; Value = "511-STM32F103C8T6"; VariantName = "[No Variations]"
Add component (AddParameter): Name = "Supply Voltage(Vcc) min (V)"; Value = "2"; VariantName = "[No Variations]"
Added Component: Designator=U2(STM32F103C8T6)
Add component (AddParameter): Name = "AEC Category"; Value = "Q200"; VariantName = "[No Variations]"
Add component (AddParameter): Name = "AEC Qualified"; Value = "N"; VariantName = "[No Variations]"
Add component (AddParameter): Name = "Alternate Manufacturer"; Value = "Texas Instruments"; VariantName = "[No Variations]"
Add component (AddParameter): Name = "Alternate PartNumber"; Value = "bq76952PFBR"; VariantName = "[No Variations]"
Add component (AddParameter): Name = "ComponentLink1Description"; Value = "Datasheet Link"; VariantName = "[No Variations]"
Add component (AddParameter): Name = "ComponentLink1URL"; Value = "http://www.ti.com/lit/ds/symlink/bq76952.pdf"; VariantName = "[No Variations]"
Add component (AddParameter): Name = "ComponentLink2Description"; Value = "Product Folder"; VariantName = "[No Variations]"
Add component (AddParameter): Name = "ComponentLink2URL"; Value = "http://www.ti.com/product/bq76952"; VariantName = "[No Variations]"
Add component (AddParameter): Name = "ComponentLink3Description"; Value = "Online Datasheet"; VariantName = "[No Variations]"
Add component (AddParameter): Name = "ComponentLink3URL"; Value = "http://www.ti.com/product/bq76952/datasheet"; VariantName = "[No Variations]"
Add component (AddParameter): Name = "CompType"; Value = "IC"; VariantName = "[No Variations]"
Add component (AddParameter): Name = "Green_EU RoHS"; Value = ""; VariantName = "[No Variations]"
Add component (AddParameter): Name = "Green_EU RoHS-2"; Value = ""; VariantName = "[No Variations]"
Add component (AddParameter): Name = "Green_Lifecycle"; Value = ""; VariantName = "[No Variations]"
Add component (AddParameter): Name = "Green_REACh"; Value = ""; VariantName = "[No Variations]"
Add component (AddParameter): Name = "Manufacturer"; Value = "Texas Instruments"; VariantName = "[No Variations]"
Add component (AddParameter): Name = "MountType"; Value = "SMT"; VariantName = "[No Variations]"
Add component (AddParameter): Name = "Operating Temperature Range"; Value = ""; VariantName = "[No Variations]"
Add component (AddParameter): Name = "PackageDescription"; Value = "TQFP-48"; VariantName = "[No Variations]"
Add component (AddParameter): Name = "PackageReference"; Value = "PFB0048A"; VariantName = "[No Variations]"
Add component (AddParameter): Name = "PartNumber"; Value = "bq76952PFBT"; VariantName = "[No Variations]"
Add component (AddParameter): Name = "Rating"; Value = ""; VariantName = "[No Variations]"
Add component (AddParameter): Name = "RoHS"; Value = ""; VariantName = "[No Variations]"
Add component (AddParameter): Name = "SizeArea_mm2"; Value = "81"; VariantName = "[No Variations]"
Add component (AddParameter): Name = "SizeAreaWB_mm2"; Value = "121"; VariantName = "[No Variations]"
Add component (AddParameter): Name = "SizeX_mm"; Value = "9"; VariantName = "[No Variations]"
Add component (AddParameter): Name = "SizeY_mm"; Value = "9"; VariantName = "[No Variations]"
Add component (AddParameter): Name = "SizeZ_mm"; Value = "1.2"; VariantName = "[No Variations]"
Added Component: Designator=U3(AMS1117)
Added Component: Designator=U4(AMS1117)
Added Component: Designator=U5(soic 8)
Add component (AddParameter): Name = "Bus Fault Voltage(V)"; Value = ""; VariantName = "[No Variations]"
Add component (AddParameter): Name = "Code_JEDEC"; Value = ""; VariantName = "[No Variations]"
Add component (AddParameter): Name = "ComponentLink1Description"; Value = "Datasheet"; VariantName = "[No Variations]"
Add component (AddParameter): Name = "ComponentLink1URL"; Value = "http://www.ti.com/general/docs/lit/getliterature.tsp?genericPartNumber=ISO1050&fileType=pdf"; VariantName = "[No Variations]"
Add component (AddParameter): Name = "ComponentLink2Description"; Value = "Package Specification"; VariantName = "[No Variations]"
Add component (AddParameter): Name = "ComponentLink2URL"; Value = "http://www.ti.com/litv/pdf/mpds247b"; VariantName = "[No Variations]"
Add component (AddParameter): Name = "DatasheetVersion"; Value = "SLLS983E"; VariantName = "[No Variations]"
Add component (AddParameter): Name = "Drivers Per Package"; Value = "1"; VariantName = "[No Variations]"
Add component (AddParameter): Name = "Eco-Plan"; Value = "Green (RoHS & no Sb/Br)"; VariantName = "[No Variations]"
Add component (AddParameter): Name = "Features"; Value = ""; VariantName = "[No Variations]"
Add component (AddParameter): Name = "ICC(Max)(mA)"; Value = ""; VariantName = "[No Variations]"
Add component (AddParameter): Name = "Isolated"; Value = "Yes"; VariantName = "[No Variations]"
Add component (AddParameter): Name = "Low Power Mode"; Value = ""; VariantName = "[No Variations]"
Add component (AddParameter): Name = "Manufacturer"; Value = "Texas Instruments"; VariantName = "[No Variations]"
Add component (AddParameter): Name = "Mounting Technology"; Value = "Surface Mount"; VariantName = "[No Variations]"
Add component (AddParameter): Name = "PackageDescription"; Value = "8-Pin Small Outline Package 2.54 mm Pitch"; VariantName = "[No Variations]"
Add component (AddParameter): Name = "PackageReference"; Value = "DUB0008A"; VariantName = "[No Variations]"
Add component (AddParameter): Name = "PackageVersion"; Value = "revC, May-2006"; VariantName = "[No Variations]"
Add component (AddParameter): Name = "PartNumber"; Value = "ISO1050DUBR"; VariantName = "[No Variations]"
Add component (AddParameter): Name = "Rating"; Value = "Catalog"; VariantName = "[No Variations]"
Add component (AddParameter): Name = "Receivers Per Package"; Value = ""; VariantName = "[No Variations]"
Add component (AddParameter): Name = "SubFamily"; Value = "CAN"; VariantName = "[No Variations]"
Add component (AddParameter): Name = "Supply Voltage(s)(V)"; Value = ""; VariantName = "[No Variations]"
Add component (AddParameter): Name = "Transient Pulse Protection(V)"; Value = ""; VariantName = "[No Variations]"
Added Component: Designator=U6(PC817)
Added Component: Designator=U8_1(PC817)
Added Component: Designator=U8_2(PC817)
Added Component: Designator=Y1(XTAL)
Added Component: Designator=Z1(SMA)
Added Pin To Net: NetName=GND Pin=C1-1
Added Pin To Net: NetName=PH0-OSC_IN Pin=C1-2
Added Pin To Net: NetName=NRST Pin=C2-1
Added Pin To Net: NetName=GND Pin=C2-2
Added Pin To Net: NetName=GND Pin=C3-1
Added Pin To Net: NetName=PH1-OSC_OUT Pin=C3-2
Added Pin To Net: NetName=3.3V Pin=C4-1
Added Pin To Net: NetName=GND Pin=C4-2
Added Pin To Net: NetName=3.3V Pin=C5-1
Added Pin To Net: NetName=GND Pin=C5-2
Added Pin To Net: NetName=3.3V Pin=C6-1
Added Pin To Net: NetName=GND Pin=C6-2
Added Pin To Net: NetName=3.3V Pin=C7-1
Added Pin To Net: NetName=GND Pin=C7-2
Added Pin To Net: NetName=3.3V Pin=C8-1
Added Pin To Net: NetName=GND Pin=C8-2
Added Pin To Net: NetName=NetC9_1 Pin=C9-1
Added Pin To Net: NetName=GND Pin=C9-2
Added Pin To Net: NetName=NetC9_1 Pin=C10-1
Added Pin To Net: NetName=GND Pin=C10-2
Added Pin To Net: NetName=+BAT Pin=C11-1
Added Pin To Net: NetName=GND Pin=C11-2
Added Pin To Net: NetName=GND Pin=C12-1
Added Pin To Net: NetName=+BAT Pin=C12-2
Added Pin To Net: NetName=GND Pin=C13-1
Added Pin To Net: NetName=NetC13_2 Pin=C13-2
Added Pin To Net: NetName=GND Pin=C14-1
Added Pin To Net: NetName=+BAT Pin=C14-2
Added Pin To Net: NetName=GND Pin=C15-1
Added Pin To Net: NetName=NetC15_2 Pin=C15-2
Added Pin To Net: NetName=GND Pin=C16-1
Added Pin To Net: NetName=REGIN Pin=C16-2
Added Pin To Net: NetName=GND Pin=C17-1
Added Pin To Net: NetName=3.3V Pin=C17-2
Added Pin To Net: NetName=GND Pin=C18-1
Added Pin To Net: NetName=REGIN Pin=C18-2
Added Pin To Net: NetName=GND Pin=C19-1
Added Pin To Net: NetName=REGIN Pin=C19-2
Added Pin To Net: NetName=+BAT Pin=C20-1
Added Pin To Net: NetName=NetC20_2 Pin=C20-2
Added Pin To Net: NetName=REG1 Pin=C21-1
Added Pin To Net: NetName=GND Pin=C21-2
Added Pin To Net: NetName=GND Pin=C22-1
Added Pin To Net: NetName=NetC22_2 Pin=C22-2
Added Pin To Net: NetName=GND Pin=C23-1
Added Pin To Net: NetName=NetC23_2 Pin=C23-2
Added Pin To Net: NetName=GND Pin=C24-1
Added Pin To Net: NetName=NetC23_2 Pin=C24-2
Added Pin To Net: NetName=-BalanceCommand_1 Pin=C25_1-1
Added Pin To Net: NetName=+BalanceCommand_1 Pin=C25_1-2
Added Pin To Net: NetName=+BalanceCommand_1 Pin=C25_2-1
Added Pin To Net: NetName=+BalanceCommand_2 Pin=C25_2-2
Added Pin To Net: NetName=+BalanceCommand_2 Pin=C25_3-1
Added Pin To Net: NetName=+BalanceCommand_3 Pin=C25_3-2
Added Pin To Net: NetName=+BalanceCommand_3 Pin=C25_4-1
Added Pin To Net: NetName=+BalanceCommand_4 Pin=C25_4-2
Added Pin To Net: NetName=+BalanceCommand_4 Pin=C25_5-1
Added Pin To Net: NetName=+BalanceCommand_5 Pin=C25_5-2
Added Pin To Net: NetName=+BalanceCommand_5 Pin=C25_6-1
Added Pin To Net: NetName=+BalanceCommand_6 Pin=C25_6-2
Added Pin To Net: NetName=+BalanceCommand_6 Pin=C25_7-1
Added Pin To Net: NetName=+BalanceCommand_7 Pin=C25_7-2
Added Pin To Net: NetName=+BalanceCommand_7 Pin=C25_8-1
Added Pin To Net: NetName=+BalanceCommand_8 Pin=C25_8-2
Added Pin To Net: NetName=+BalanceCommand_8 Pin=C25_9-1
Added Pin To Net: NetName=+BalanceCommand_9 Pin=C25_9-2
Added Pin To Net: NetName=+BalanceCommand_9 Pin=C25_10-1
Added Pin To Net: NetName=+BalanceCommand_10 Pin=C25_10-2
Added Pin To Net: NetName=+BalanceCommand_10 Pin=C25_11-1
Added Pin To Net: NetName=+BalanceCommand_11 Pin=C25_11-2
Added Pin To Net: NetName=+BalanceCommand_11 Pin=C25_12-1
Added Pin To Net: NetName=+BalanceCommand_12 Pin=C25_12-2
Added Pin To Net: NetName=+BalanceCommand_12 Pin=C25_13-1
Added Pin To Net: NetName=+BalanceCommand_13 Pin=C25_13-2
Added Pin To Net: NetName=+BalanceCommand_13 Pin=C25_14-1
Added Pin To Net: NetName=+BalanceCommand_14 Pin=C25_14-2
Added Pin To Net: NetName=+BalanceCommand_14 Pin=C25_15-1
Added Pin To Net: NetName=+BalanceCommand_15 Pin=C25_15-2
Added Pin To Net: NetName=+BalanceCommand_15 Pin=C25_16-1
Added Pin To Net: NetName=+BalanceCommand_16 Pin=C25_16-2
Added Pin To Net: NetName=GND-ISO Pin=C26-1
Added Pin To Net: NetName=VCC-CAN Pin=C26-2
Added Pin To Net: NetName=GND-ISO Pin=C27-1
Added Pin To Net: NetName=12V Pin=C27-2
Added Pin To Net: NetName=GND-ISO Pin=C28-1
Added Pin To Net: NetName=NetC28_2 Pin=C28-2
Added Pin To Net: NetName=GND-ISO Pin=C29-1
Added Pin To Net: NetName=12V Pin=C29-2
Added Pin To Net: NetName=GND Pin=C30-1
Added Pin To Net: NetName=3.3V Pin=C30-2
Added Pin To Net: NetName=GND-ISO Pin=C31-1
Added Pin To Net: NetName=VCC-CAN Pin=C31-2
Added Pin To Net: NetName=REG2 Pin=C32-1
Added Pin To Net: NetName=GND Pin=C32-2
Added Pin To Net: NetName=12V Pin=CNT-1
Added Pin To Net: NetName=NetCNT_2 Pin=CNT-2
Added Pin To Net: NetName=BAT+ Pin=D1-1
Added Pin To Net: NetName=NetD1_2 Pin=D1-2
Added Pin To Net: NetName=BAT+ Pin=D2-1
Added Pin To Net: NetName=NetC13_2 Pin=D2-2
Added Pin To Net: NetName=NetD3_1 Pin=D3-1
Added Pin To Net: NetName=GND Pin=D3-2
Added Pin To Net: NetName=CAN_P Pin=D4-1
Added Pin To Net: NetName=CAN_N Pin=D4-2
Added Pin To Net: NetName=GND-ISO Pin=D4-3
Added Pin To Net: NetName=NetCNT_2 Pin=D5-1
Added Pin To Net: NetName=12V Pin=D5-2
Added Pin To Net: NetName=NetD6_1_1 Pin=D6_1-1
Added Pin To Net: NetName=12V Pin=D6_1-2
Added Pin To Net: NetName=NetD6_2_1 Pin=D6_2-1
Added Pin To Net: NetName=12V Pin=D6_2-2
Added Pin To Net: NetName=12V Pin=FN1_1-1
Added Pin To Net: NetName=NetD6_1_1 Pin=FN1_1-2
Added Pin To Net: NetName=12V Pin=FN1_2-1
Added Pin To Net: NetName=NetD6_2_1 Pin=FN1_2-2
Added Pin To Net: NetName=12V Pin=H?-1
Added Pin To Net: NetName=12V Pin=H?-2
Added Pin To Net: NetName=12V Pin=H?-3
Added Pin To Net: NetName=CAN_N Pin=H?-4
Added Pin To Net: NetName=CAN_P Pin=H?-10
Added Pin To Net: NetName=GND-ISO Pin=H?-12
Added Pin To Net: NetName=GND-ISO Pin=H?-13
Added Pin To Net: NetName=GND-ISO Pin=H?-14
Added Pin To Net: NetName=+Cell_16 Pin=J1-1
Added Pin To Net: NetName=NetJ1_2 Pin=J1-2
Added Pin To Net: NetName=+Cell_15 Pin=J1-3
Added Pin To Net: NetName=NetJ1_4 Pin=J1-4
Added Pin To Net: NetName=+Cell_14 Pin=J1-5
Added Pin To Net: NetName=NetJ1_6 Pin=J1-6
Added Pin To Net: NetName=+Cell_13 Pin=J1-7
Added Pin To Net: NetName=NetJ1_8 Pin=J1-8
Added Pin To Net: NetName=+Cell_12 Pin=J1-9
Added Pin To Net: NetName=NetJ1_10 Pin=J1-10
Added Pin To Net: NetName=+Cell_11 Pin=J1-11
Added Pin To Net: NetName=NetJ1_12 Pin=J1-12
Added Pin To Net: NetName=+Cell_10 Pin=J1-13
Added Pin To Net: NetName=NetJ1_14 Pin=J1-14
Added Pin To Net: NetName=+Cell_9 Pin=J1-15
Added Pin To Net: NetName=NetJ1_16 Pin=J1-16
Added Pin To Net: NetName=+Cell_8 Pin=J1-17
Added Pin To Net: NetName=NetJ1_18 Pin=J1-18
Added Pin To Net: NetName=+Cell_7 Pin=J1-19
Added Pin To Net: NetName=NetJ1_20 Pin=J1-20
Added Pin To Net: NetName=+Cell_6 Pin=J1-21
Added Pin To Net: NetName=NetJ1_22 Pin=J1-22
Added Pin To Net: NetName=+Cell_5 Pin=J1-23
Added Pin To Net: NetName=NetJ1_24 Pin=J1-24
Added Pin To Net: NetName=+Cell_4 Pin=J1-25
Added Pin To Net: NetName=NetJ1_26 Pin=J1-26
Added Pin To Net: NetName=+Cell_3 Pin=J1-27
Added Pin To Net: NetName=NetJ1_28 Pin=J1-28
Added Pin To Net: NetName=+Cell_2 Pin=J1-29
Added Pin To Net: NetName=NetJ1_30 Pin=J1-30
Added Pin To Net: NetName=+Cell_1 Pin=J1-31
Added Pin To Net: NetName=NetJ1_32 Pin=J1-32
Added Pin To Net: NetName=+Cell_10 Pin=J2-1
Added Pin To Net: NetName=+Cell_11 Pin=J2-2
Added Pin To Net: NetName=+Cell_12 Pin=J2-3
Added Pin To Net: NetName=+Cell_13 Pin=J2-4
Added Pin To Net: NetName=+Cell_14 Pin=J2-5
Added Pin To Net: NetName=+Cell_15 Pin=J2-6
Added Pin To Net: NetName=+Cell_16 Pin=J2-7
Added Pin To Net: NetName=BAT+ Pin=J2-8
Added Pin To Net: NetName=+Cell_2 Pin=J3-1
Added Pin To Net: NetName=+Cell_3 Pin=J3-2
Added Pin To Net: NetName=+Cell_4 Pin=J3-3
Added Pin To Net: NetName=+Cell_5 Pin=J3-4
Added Pin To Net: NetName=+Cell_6 Pin=J3-5
Added Pin To Net: NetName=+Cell_7 Pin=J3-6
Added Pin To Net: NetName=+Cell_8 Pin=J3-7
Added Pin To Net: NetName=+Cell_9 Pin=J3-8
Added Pin To Net: NetName=-Cell_1 Pin=J4-1
Added Pin To Net: NetName=+Cell_1 Pin=J4-2
Added Pin To Net: NetName=3.3V Pin=L1-1
Added Pin To Net: NetName=NetL1_2 Pin=L1-2
Added Pin To Net: NetName=CANIN_P Pin=L?-1
Added Pin To Net: NetName=CANIN_N Pin=L?-2
Added Pin To Net: NetName=CAN_N Pin=L?-3
Added Pin To Net: NetName=CAN_P Pin=L?-4
Added Pin To Net: NetName=NetLED1_1 Pin=LED1-1
Added Pin To Net: NetName=GND Pin=LED1-2
Added Pin To Net: NetName=NetLED2_1 Pin=LED2-1
Added Pin To Net: NetName=GND Pin=LED2-2
Added Pin To Net: NetName=NetLED3_1 Pin=LED3-1
Added Pin To Net: NetName=GND Pin=LED3-2
Added Pin To Net: NetName=NetLED4_1 Pin=LED4-1
Added Pin To Net: NetName=GND Pin=LED4-2
Added Pin To Net: NetName=NetLED5_1 Pin=LED5-1
Added Pin To Net: NetName=GND Pin=LED5-2
Added Pin To Net: NetName=NetLED6_1 Pin=LED6-1
Added Pin To Net: NetName=GND-ISO Pin=LED6-2
Added Pin To Net: NetName=-Cell_1 Pin=NT1-1
Added Pin To Net: NetName=GND Pin=NT1-2
Added Pin To Net: NetName=NetPB1_1 Pin=PB1-1
Added Pin To Net: NetName=NetPB1_1 Pin=PB1-1
Added Pin To Net: NetName=REG1 Pin=PB1-2
Added Pin To Net: NetName=REG1 Pin=PB1-2
Added Pin To Net: NetName=NetD3_1 Pin=Q1-1
Added Pin To Net: NetName=REGIN Pin=Q1-2
Added Pin To Net: NetName=NetC15_2 Pin=Q1-3
Added Pin To Net: NetName=NetQ2_1_1 Pin=Q2_1-1
Added Pin To Net: NetName=-Cell_1 Pin=Q2_1-2
Added Pin To Net: NetName=NetQ2_1_3 Pin=Q2_1-3
Added Pin To Net: NetName=NetQ2_2_1 Pin=Q2_2-1
Added Pin To Net: NetName=+Cell_1 Pin=Q2_2-2
Added Pin To Net: NetName=NetQ2_2_3 Pin=Q2_2-3
Added Pin To Net: NetName=NetQ2_3_1 Pin=Q2_3-1
Added Pin To Net: NetName=+Cell_2 Pin=Q2_3-2
Added Pin To Net: NetName=NetQ2_3_3 Pin=Q2_3-3
Added Pin To Net: NetName=NetQ2_4_1 Pin=Q2_4-1
Added Pin To Net: NetName=+Cell_3 Pin=Q2_4-2
Added Pin To Net: NetName=NetQ2_4_3 Pin=Q2_4-3
Added Pin To Net: NetName=NetQ2_5_1 Pin=Q2_5-1
Added Pin To Net: NetName=+Cell_4 Pin=Q2_5-2
Added Pin To Net: NetName=NetQ2_5_3 Pin=Q2_5-3
Added Pin To Net: NetName=NetQ2_6_1 Pin=Q2_6-1
Added Pin To Net: NetName=+Cell_5 Pin=Q2_6-2
Added Pin To Net: NetName=NetQ2_6_3 Pin=Q2_6-3
Added Pin To Net: NetName=NetQ2_7_1 Pin=Q2_7-1
Added Pin To Net: NetName=+Cell_6 Pin=Q2_7-2
Added Pin To Net: NetName=NetQ2_7_3 Pin=Q2_7-3
Added Pin To Net: NetName=NetQ2_8_1 Pin=Q2_8-1
Added Pin To Net: NetName=+Cell_7 Pin=Q2_8-2
Added Pin To Net: NetName=NetQ2_8_3 Pin=Q2_8-3
Added Pin To Net: NetName=NetQ2_9_1 Pin=Q2_9-1
Added Pin To Net: NetName=+Cell_8 Pin=Q2_9-2
Added Pin To Net: NetName=NetQ2_9_3 Pin=Q2_9-3
Added Pin To Net: NetName=NetQ2_10_1 Pin=Q2_10-1
Added Pin To Net: NetName=+Cell_9 Pin=Q2_10-2
Added Pin To Net: NetName=NetQ2_10_3 Pin=Q2_10-3
Added Pin To Net: NetName=NetQ2_11_1 Pin=Q2_11-1
Added Pin To Net: NetName=+Cell_10 Pin=Q2_11-2
Added Pin To Net: NetName=NetQ2_11_3 Pin=Q2_11-3
Added Pin To Net: NetName=NetQ2_12_1 Pin=Q2_12-1
Added Pin To Net: NetName=+Cell_11 Pin=Q2_12-2
Added Pin To Net: NetName=NetQ2_12_3 Pin=Q2_12-3
Added Pin To Net: NetName=NetQ2_13_1 Pin=Q2_13-1
Added Pin To Net: NetName=+Cell_12 Pin=Q2_13-2
Added Pin To Net: NetName=NetQ2_13_3 Pin=Q2_13-3
Added Pin To Net: NetName=NetQ2_14_1 Pin=Q2_14-1
Added Pin To Net: NetName=+Cell_13 Pin=Q2_14-2
Added Pin To Net: NetName=NetQ2_14_3 Pin=Q2_14-3
Added Pin To Net: NetName=NetQ2_15_1 Pin=Q2_15-1
Added Pin To Net: NetName=+Cell_14 Pin=Q2_15-2
Added Pin To Net: NetName=NetQ2_15_3 Pin=Q2_15-3
Added Pin To Net: NetName=NetQ2_16_1 Pin=Q2_16-1
Added Pin To Net: NetName=+Cell_15 Pin=Q2_16-2
Added Pin To Net: NetName=NetQ2_16_3 Pin=Q2_16-3
Added Pin To Net: NetName=NetQ3_1 Pin=Q3-1
Added Pin To Net: NetName=NetCNT_2 Pin=Q3-2
Added Pin To Net: NetName=GND-ISO Pin=Q3-3
Added Pin To Net: NetName=NetQ4_1 Pin=Q4-1
Added Pin To Net: NetName=GND Pin=Q4-2
Added Pin To Net: NetName=NetQ4_3 Pin=Q4-3
Added Pin To Net: NetName=NetQ5_1_1 Pin=Q5_1-1
Added Pin To Net: NetName=GND Pin=Q5_1-2
Added Pin To Net: NetName=NetQ5_1_3 Pin=Q5_1-3
Added Pin To Net: NetName=NetQ5_2_1 Pin=Q5_2-1
Added Pin To Net: NetName=GND Pin=Q5_2-2
Added Pin To Net: NetName=NetQ5_2_3 Pin=Q5_2-3
Added Pin To Net: NetName=NetQ6_1_1 Pin=Q6_1-1
Added Pin To Net: NetName=NetD6_1_1 Pin=Q6_1-2
Added Pin To Net: NetName=GND-ISO Pin=Q6_1-3
Added Pin To Net: NetName=NetQ6_2_1 Pin=Q6_2-1
Added Pin To Net: NetName=NetD6_2_1 Pin=Q6_2-2
Added Pin To Net: NetName=GND-ISO Pin=Q6_2-3
Added Pin To Net: NetName=SW4 Pin=R1-1
Added Pin To Net: NetName=3.3V Pin=R1-2
Added Pin To Net: NetName=SW3 Pin=R2-1
Added Pin To Net: NetName=3.3V Pin=R2-2
Added Pin To Net: NetName=SW2 Pin=R3-1
Added Pin To Net: NetName=3.3V Pin=R3-2
Added Pin To Net: NetName=SW1 Pin=R4-1
Added Pin To Net: NetName=3.3V Pin=R4-2
Added Pin To Net: NetName=NetLED1_1 Pin=R5-1
Added Pin To Net: NetName=LED2 Pin=R5-2
Added Pin To Net: NetName=NetLED2_1 Pin=R6-1
Added Pin To Net: NetName=LED3 Pin=R6-2
Added Pin To Net: NetName=NetLED3_1 Pin=R7-1
Added Pin To Net: NetName=LED4 Pin=R7-2
Added Pin To Net: NetName=NetLED4_1 Pin=R8-1
Added Pin To Net: NetName=LED1 Pin=R8-2
Added Pin To Net: NetName=GND Pin=R9-1
Added Pin To Net: NetName=BOOT0 Pin=R9-2
Added Pin To Net: NetName=NRST Pin=R10-1
Added Pin To Net: NetName=3.3V Pin=R10-2
Added Pin To Net: NetName=NetC9_1 Pin=R11-1
Added Pin To Net: NetName=NetL1_2 Pin=R11-2
Added Pin To Net: NetName=NetJ1_4 Pin=R12-1
Added Pin To Net: NetName=NetJ1_2 Pin=R12-2
Added Pin To Net: NetName=NetJ1_6 Pin=R13-1
Added Pin To Net: NetName=NetJ1_4 Pin=R13-2
Added Pin To Net: NetName=NetJ1_8 Pin=R14-1
Added Pin To Net: NetName=NetJ1_6 Pin=R14-2
Added Pin To Net: NetName=NetJ1_10 Pin=R15-1
Added Pin To Net: NetName=NetJ1_8 Pin=R15-2
Added Pin To Net: NetName=NetJ1_12 Pin=R16-1
Added Pin To Net: NetName=NetJ1_10 Pin=R16-2
Added Pin To Net: NetName=NetJ1_14 Pin=R17-1
Added Pin To Net: NetName=NetJ1_12 Pin=R17-2
Added Pin To Net: NetName=NetJ1_16 Pin=R18-1
Added Pin To Net: NetName=NetJ1_14 Pin=R18-2
Added Pin To Net: NetName=NetJ1_18 Pin=R19-1
Added Pin To Net: NetName=NetJ1_16 Pin=R19-2
Added Pin To Net: NetName=NetJ1_20 Pin=R20-1
Added Pin To Net: NetName=NetJ1_18 Pin=R20-2
Added Pin To Net: NetName=NetJ1_22 Pin=R21-1
Added Pin To Net: NetName=NetJ1_20 Pin=R21-2
Added Pin To Net: NetName=NetJ1_24 Pin=R22-1
Added Pin To Net: NetName=NetJ1_22 Pin=R22-2
Added Pin To Net: NetName=NetJ1_26 Pin=R23-1
Added Pin To Net: NetName=NetJ1_24 Pin=R23-2
Added Pin To Net: NetName=NetJ1_28 Pin=R24-1
Added Pin To Net: NetName=NetJ1_26 Pin=R24-2
Added Pin To Net: NetName=NetJ1_30 Pin=R25-1
Added Pin To Net: NetName=NetJ1_28 Pin=R25-2
Added Pin To Net: NetName=NetJ1_32 Pin=R26-1
Added Pin To Net: NetName=NetJ1_30 Pin=R26-2
Added Pin To Net: NetName=-Cell_1 Pin=R27-1
Added Pin To Net: NetName=NetJ1_32 Pin=R27-2
Added Pin To Net: NetName=NetD1_2 Pin=R28-1
Added Pin To Net: NetName=+BAT Pin=R28-2
Added Pin To Net: NetName=NetC13_2 Pin=R29-1
Added Pin To Net: NetName=NetD3_1 Pin=R29-2
Added Pin To Net: NetName=NetR30_1 Pin=R30-1
Added Pin To Net: NetName=NetC13_2 Pin=R30-2
Added Pin To Net: NetName=NetR31_1 Pin=R31-1
Added Pin To Net: NetName=NetC13_2 Pin=R31-2
Added Pin To Net: NetName=NetC15_2 Pin=R32-1
Added Pin To Net: NetName=NetR30_1 Pin=R32-2
Added Pin To Net: NetName=NetC15_2 Pin=R33-1
Added Pin To Net: NetName=NetR31_1 Pin=R33-2
Added Pin To Net: NetName=NetD3_1 Pin=R34-1
Added Pin To Net: NetName=BREG Pin=R34-2
Added Pin To Net: NetName=VCC-CAN Pin=R35-1
Added Pin To Net: NetName=NetLED6_1 Pin=R35-2
Added Pin To Net: NetName=3.3V Pin=R36-1
Added Pin To Net: NetName=CAN_TX Pin=R36-2
Added Pin To Net: NetName=3.3V Pin=R37-1
Added Pin To Net: NetName=NetLED5_1 Pin=R37-2
Added Pin To Net: NetName=NetC22_2 Pin=R38-1
Added Pin To Net: NetName=NetPB1_1 Pin=R38-2
Added Pin To Net: NetName=NetPB1_1 Pin=R39-1
Added Pin To Net: NetName=REG1 Pin=R39-2
Added Pin To Net: NetName=+Cell_1 Pin=R40_1-1
Added Pin To Net: NetName=+BalanceCommand_1 Pin=R40_1-2
Added Pin To Net: NetName=+Cell_2 Pin=R40_2-1
Added Pin To Net: NetName=+BalanceCommand_2 Pin=R40_2-2
Added Pin To Net: NetName=+Cell_3 Pin=R40_3-1
Added Pin To Net: NetName=+BalanceCommand_3 Pin=R40_3-2
Added Pin To Net: NetName=+Cell_4 Pin=R40_4-1
Added Pin To Net: NetName=+BalanceCommand_4 Pin=R40_4-2
Added Pin To Net: NetName=+Cell_5 Pin=R40_5-1
Added Pin To Net: NetName=+BalanceCommand_5 Pin=R40_5-2
Added Pin To Net: NetName=+Cell_6 Pin=R40_6-1
Added Pin To Net: NetName=+BalanceCommand_6 Pin=R40_6-2
Added Pin To Net: NetName=+Cell_7 Pin=R40_7-1
Added Pin To Net: NetName=+BalanceCommand_7 Pin=R40_7-2
Added Pin To Net: NetName=+Cell_8 Pin=R40_8-1
Added Pin To Net: NetName=+BalanceCommand_8 Pin=R40_8-2
Added Pin To Net: NetName=+Cell_9 Pin=R40_9-1
Added Pin To Net: NetName=+BalanceCommand_9 Pin=R40_9-2
Added Pin To Net: NetName=+Cell_10 Pin=R40_10-1
Added Pin To Net: NetName=+BalanceCommand_10 Pin=R40_10-2
Added Pin To Net: NetName=+Cell_11 Pin=R40_11-1
Added Pin To Net: NetName=+BalanceCommand_11 Pin=R40_11-2
Added Pin To Net: NetName=+Cell_12 Pin=R40_12-1
Added Pin To Net: NetName=+BalanceCommand_12 Pin=R40_12-2
Added Pin To Net: NetName=+Cell_13 Pin=R40_13-1
Added Pin To Net: NetName=+BalanceCommand_13 Pin=R40_13-2
Added Pin To Net: NetName=+Cell_14 Pin=R40_14-1
Added Pin To Net: NetName=+BalanceCommand_14 Pin=R40_14-2
Added Pin To Net: NetName=+Cell_15 Pin=R40_15-1
Added Pin To Net: NetName=+BalanceCommand_15 Pin=R40_15-2
Added Pin To Net: NetName=+Cell_16 Pin=R40_16-1
Added Pin To Net: NetName=+BalanceCommand_16 Pin=R40_16-2
Added Pin To Net: NetName=NetR41_1_1 Pin=R41_1-1
Added Pin To Net: NetName=NetQ2_1_3 Pin=R41_1-2
Added Pin To Net: NetName=NetR41_2_1 Pin=R41_2-1
Added Pin To Net: NetName=NetQ2_2_3 Pin=R41_2-2
Added Pin To Net: NetName=NetR41_3_1 Pin=R41_3-1
Added Pin To Net: NetName=NetQ2_3_3 Pin=R41_3-2
Added Pin To Net: NetName=NetR41_4_1 Pin=R41_4-1
Added Pin To Net: NetName=NetQ2_4_3 Pin=R41_4-2
Added Pin To Net: NetName=NetR41_5_1 Pin=R41_5-1
Added Pin To Net: NetName=NetQ2_5_3 Pin=R41_5-2
Added Pin To Net: NetName=NetR41_6_1 Pin=R41_6-1
Added Pin To Net: NetName=NetQ2_6_3 Pin=R41_6-2
Added Pin To Net: NetName=NetR41_7_1 Pin=R41_7-1
Added Pin To Net: NetName=NetQ2_7_3 Pin=R41_7-2
Added Pin To Net: NetName=NetR41_8_1 Pin=R41_8-1
Added Pin To Net: NetName=NetQ2_8_3 Pin=R41_8-2
Added Pin To Net: NetName=NetR41_9_1 Pin=R41_9-1
Added Pin To Net: NetName=NetQ2_9_3 Pin=R41_9-2
Added Pin To Net: NetName=NetR41_10_1 Pin=R41_10-1
Added Pin To Net: NetName=NetQ2_10_3 Pin=R41_10-2
Added Pin To Net: NetName=NetR41_11_1 Pin=R41_11-1
Added Pin To Net: NetName=NetQ2_11_3 Pin=R41_11-2
Added Pin To Net: NetName=NetR41_12_1 Pin=R41_12-1
Added Pin To Net: NetName=NetQ2_12_3 Pin=R41_12-2
Added Pin To Net: NetName=NetR41_13_1 Pin=R41_13-1
Added Pin To Net: NetName=NetQ2_13_3 Pin=R41_13-2
Added Pin To Net: NetName=NetR41_14_1 Pin=R41_14-1
Added Pin To Net: NetName=NetQ2_14_3 Pin=R41_14-2
Added Pin To Net: NetName=NetR41_15_1 Pin=R41_15-1
Added Pin To Net: NetName=NetQ2_15_3 Pin=R41_15-2
Added Pin To Net: NetName=NetR41_16_1 Pin=R41_16-1
Added Pin To Net: NetName=NetQ2_16_3 Pin=R41_16-2
Added Pin To Net: NetName=NetR42_1_1 Pin=R42_1-1
Added Pin To Net: NetName=NetQ2_1_3 Pin=R42_1-2
Added Pin To Net: NetName=NetR42_2_1 Pin=R42_2-1
Added Pin To Net: NetName=NetQ2_2_3 Pin=R42_2-2
Added Pin To Net: NetName=NetR42_3_1 Pin=R42_3-1
Added Pin To Net: NetName=NetQ2_3_3 Pin=R42_3-2
Added Pin To Net: NetName=NetR42_4_1 Pin=R42_4-1
Added Pin To Net: NetName=NetQ2_4_3 Pin=R42_4-2
Added Pin To Net: NetName=NetR42_5_1 Pin=R42_5-1
Added Pin To Net: NetName=NetQ2_5_3 Pin=R42_5-2
Added Pin To Net: NetName=NetR42_6_1 Pin=R42_6-1
Added Pin To Net: NetName=NetQ2_6_3 Pin=R42_6-2
Added Pin To Net: NetName=NetR42_7_1 Pin=R42_7-1
Added Pin To Net: NetName=NetQ2_7_3 Pin=R42_7-2
Added Pin To Net: NetName=NetR42_8_1 Pin=R42_8-1
Added Pin To Net: NetName=NetQ2_8_3 Pin=R42_8-2
Added Pin To Net: NetName=NetR42_9_1 Pin=R42_9-1
Added Pin To Net: NetName=NetQ2_9_3 Pin=R42_9-2
Added Pin To Net: NetName=NetR42_10_1 Pin=R42_10-1
Added Pin To Net: NetName=NetQ2_10_3 Pin=R42_10-2
Added Pin To Net: NetName=NetR42_11_1 Pin=R42_11-1
Added Pin To Net: NetName=NetQ2_11_3 Pin=R42_11-2
Added Pin To Net: NetName=NetR42_12_1 Pin=R42_12-1
Added Pin To Net: NetName=NetQ2_12_3 Pin=R42_12-2
Added Pin To Net: NetName=NetR42_13_1 Pin=R42_13-1
Added Pin To Net: NetName=NetQ2_13_3 Pin=R42_13-2
Added Pin To Net: NetName=NetR42_14_1 Pin=R42_14-1
Added Pin To Net: NetName=NetQ2_14_3 Pin=R42_14-2
Added Pin To Net: NetName=NetR42_15_1 Pin=R42_15-1
Added Pin To Net: NetName=NetQ2_15_3 Pin=R42_15-2
Added Pin To Net: NetName=NetR42_16_1 Pin=R42_16-1
Added Pin To Net: NetName=NetQ2_16_3 Pin=R42_16-2
Added Pin To Net: NetName=+Cell_1 Pin=R43_1-1
Added Pin To Net: NetName=NetR41_1_1 Pin=R43_1-2
Added Pin To Net: NetName=+Cell_2 Pin=R43_2-1
Added Pin To Net: NetName=NetR41_2_1 Pin=R43_2-2
Added Pin To Net: NetName=+Cell_3 Pin=R43_3-1
Added Pin To Net: NetName=NetR41_3_1 Pin=R43_3-2
Added Pin To Net: NetName=+Cell_4 Pin=R43_4-1
Added Pin To Net: NetName=NetR41_4_1 Pin=R43_4-2
Added Pin To Net: NetName=+Cell_5 Pin=R43_5-1
Added Pin To Net: NetName=NetR41_5_1 Pin=R43_5-2
Added Pin To Net: NetName=+Cell_6 Pin=R43_6-1
Added Pin To Net: NetName=NetR41_6_1 Pin=R43_6-2
Added Pin To Net: NetName=+Cell_7 Pin=R43_7-1
Added Pin To Net: NetName=NetR41_7_1 Pin=R43_7-2
Added Pin To Net: NetName=+Cell_8 Pin=R43_8-1
Added Pin To Net: NetName=NetR41_8_1 Pin=R43_8-2
Added Pin To Net: NetName=+Cell_9 Pin=R43_9-1
Added Pin To Net: NetName=NetR41_9_1 Pin=R43_9-2
Added Pin To Net: NetName=+Cell_10 Pin=R43_10-1
Added Pin To Net: NetName=NetR41_10_1 Pin=R43_10-2
Added Pin To Net: NetName=+Cell_11 Pin=R43_11-1
Added Pin To Net: NetName=NetR41_11_1 Pin=R43_11-2
Added Pin To Net: NetName=+Cell_12 Pin=R43_12-1
Added Pin To Net: NetName=NetR41_12_1 Pin=R43_12-2
Added Pin To Net: NetName=+Cell_13 Pin=R43_13-1
Added Pin To Net: NetName=NetR41_13_1 Pin=R43_13-2
Added Pin To Net: NetName=+Cell_14 Pin=R43_14-1
Added Pin To Net: NetName=NetR41_14_1 Pin=R43_14-2
Added Pin To Net: NetName=+Cell_15 Pin=R43_15-1
Added Pin To Net: NetName=NetR41_15_1 Pin=R43_15-2
Added Pin To Net: NetName=+Cell_16 Pin=R43_16-1
Added Pin To Net: NetName=NetR41_16_1 Pin=R43_16-2
Added Pin To Net: NetName=+Cell_1 Pin=R44_1-1
Added Pin To Net: NetName=NetR42_1_1 Pin=R44_1-2
Added Pin To Net: NetName=+Cell_2 Pin=R44_2-1
Added Pin To Net: NetName=NetR42_2_1 Pin=R44_2-2
Added Pin To Net: NetName=+Cell_3 Pin=R44_3-1
Added Pin To Net: NetName=NetR42_3_1 Pin=R44_3-2
Added Pin To Net: NetName=+Cell_4 Pin=R44_4-1
Added Pin To Net: NetName=NetR42_4_1 Pin=R44_4-2
Added Pin To Net: NetName=+Cell_5 Pin=R44_5-1
Added Pin To Net: NetName=NetR42_5_1 Pin=R44_5-2
Added Pin To Net: NetName=+Cell_6 Pin=R44_6-1
Added Pin To Net: NetName=NetR42_6_1 Pin=R44_6-2
Added Pin To Net: NetName=+Cell_7 Pin=R44_7-1
Added Pin To Net: NetName=NetR42_7_1 Pin=R44_7-2
Added Pin To Net: NetName=+Cell_8 Pin=R44_8-1
Added Pin To Net: NetName=NetR42_8_1 Pin=R44_8-2
Added Pin To Net: NetName=+Cell_9 Pin=R44_9-1
Added Pin To Net: NetName=NetR42_9_1 Pin=R44_9-2
Added Pin To Net: NetName=+Cell_10 Pin=R44_10-1
Added Pin To Net: NetName=NetR42_10_1 Pin=R44_10-2
Added Pin To Net: NetName=+Cell_11 Pin=R44_11-1
Added Pin To Net: NetName=NetR42_11_1 Pin=R44_11-2
Added Pin To Net: NetName=+Cell_12 Pin=R44_12-1
Added Pin To Net: NetName=NetR42_12_1 Pin=R44_12-2
Added Pin To Net: NetName=+Cell_13 Pin=R44_13-1
Added Pin To Net: NetName=NetR42_13_1 Pin=R44_13-2
Added Pin To Net: NetName=+Cell_14 Pin=R44_14-1
Added Pin To Net: NetName=NetR42_14_1 Pin=R44_14-2
Added Pin To Net: NetName=+Cell_15 Pin=R44_15-1
Added Pin To Net: NetName=NetR42_15_1 Pin=R44_15-2
Added Pin To Net: NetName=+Cell_16 Pin=R44_16-1
Added Pin To Net: NetName=NetR42_16_1 Pin=R44_16-2
Added Pin To Net: NetName=NetQ2_1_1 Pin=R45_1-1
Added Pin To Net: NetName=-BalanceCommand_1 Pin=R45_1-2
Added Pin To Net: NetName=NetQ2_2_1 Pin=R45_2-1
Added Pin To Net: NetName=+BalanceCommand_1 Pin=R45_2-2
Added Pin To Net: NetName=NetQ2_3_1 Pin=R45_3-1
Added Pin To Net: NetName=+BalanceCommand_2 Pin=R45_3-2
Added Pin To Net: NetName=NetQ2_4_1 Pin=R45_4-1
Added Pin To Net: NetName=+BalanceCommand_3 Pin=R45_4-2
Added Pin To Net: NetName=NetQ2_5_1 Pin=R45_5-1
Added Pin To Net: NetName=+BalanceCommand_4 Pin=R45_5-2
Added Pin To Net: NetName=NetQ2_6_1 Pin=R45_6-1
Added Pin To Net: NetName=+BalanceCommand_5 Pin=R45_6-2
Added Pin To Net: NetName=NetQ2_7_1 Pin=R45_7-1
Added Pin To Net: NetName=+BalanceCommand_6 Pin=R45_7-2
Added Pin To Net: NetName=NetQ2_8_1 Pin=R45_8-1
Added Pin To Net: NetName=+BalanceCommand_7 Pin=R45_8-2
Added Pin To Net: NetName=NetQ2_9_1 Pin=R45_9-1
Added Pin To Net: NetName=+BalanceCommand_8 Pin=R45_9-2
Added Pin To Net: NetName=NetQ2_10_1 Pin=R45_10-1
Added Pin To Net: NetName=+BalanceCommand_9 Pin=R45_10-2
Added Pin To Net: NetName=NetQ2_11_1 Pin=R45_11-1
Added Pin To Net: NetName=+BalanceCommand_10 Pin=R45_11-2
Added Pin To Net: NetName=NetQ2_12_1 Pin=R45_12-1
Added Pin To Net: NetName=+BalanceCommand_11 Pin=R45_12-2
Added Pin To Net: NetName=NetQ2_13_1 Pin=R45_13-1
Added Pin To Net: NetName=+BalanceCommand_12 Pin=R45_13-2
Added Pin To Net: NetName=NetQ2_14_1 Pin=R45_14-1
Added Pin To Net: NetName=+BalanceCommand_13 Pin=R45_14-2
Added Pin To Net: NetName=NetQ2_15_1 Pin=R45_15-1
Added Pin To Net: NetName=+BalanceCommand_14 Pin=R45_15-2
Added Pin To Net: NetName=NetQ2_16_1 Pin=R45_16-1
Added Pin To Net: NetName=+BalanceCommand_15 Pin=R45_16-2
Added Pin To Net: NetName=-Cell_1 Pin=R46_1-1
Added Pin To Net: NetName=NetQ2_1_1 Pin=R46_1-2
Added Pin To Net: NetName=+Cell_1 Pin=R46_2-1
Added Pin To Net: NetName=NetQ2_2_1 Pin=R46_2-2
Added Pin To Net: NetName=+Cell_2 Pin=R46_3-1
Added Pin To Net: NetName=NetQ2_3_1 Pin=R46_3-2
Added Pin To Net: NetName=+Cell_3 Pin=R46_4-1
Added Pin To Net: NetName=NetQ2_4_1 Pin=R46_4-2
Added Pin To Net: NetName=+Cell_4 Pin=R46_5-1
Added Pin To Net: NetName=NetQ2_5_1 Pin=R46_5-2
Added Pin To Net: NetName=+Cell_5 Pin=R46_6-1
Added Pin To Net: NetName=NetQ2_6_1 Pin=R46_6-2
Added Pin To Net: NetName=+Cell_6 Pin=R46_7-1
Added Pin To Net: NetName=NetQ2_7_1 Pin=R46_7-2
Added Pin To Net: NetName=+Cell_7 Pin=R46_8-1
Added Pin To Net: NetName=NetQ2_8_1 Pin=R46_8-2
Added Pin To Net: NetName=+Cell_8 Pin=R46_9-1
Added Pin To Net: NetName=NetQ2_9_1 Pin=R46_9-2
Added Pin To Net: NetName=+Cell_9 Pin=R46_10-1
Added Pin To Net: NetName=NetQ2_10_1 Pin=R46_10-2
Added Pin To Net: NetName=+Cell_10 Pin=R46_11-1
Added Pin To Net: NetName=NetQ2_11_1 Pin=R46_11-2
Added Pin To Net: NetName=+Cell_11 Pin=R46_12-1
Added Pin To Net: NetName=NetQ2_12_1 Pin=R46_12-2
Added Pin To Net: NetName=+Cell_12 Pin=R46_13-1
Added Pin To Net: NetName=NetQ2_13_1 Pin=R46_13-2
Added Pin To Net: NetName=+Cell_13 Pin=R46_14-1
Added Pin To Net: NetName=NetQ2_14_1 Pin=R46_14-2
Added Pin To Net: NetName=+Cell_14 Pin=R46_15-1
Added Pin To Net: NetName=NetQ2_15_1 Pin=R46_15-2
Added Pin To Net: NetName=+Cell_15 Pin=R46_16-1
Added Pin To Net: NetName=NetQ2_16_1 Pin=R46_16-2
Added Pin To Net: NetName=-Cell_1 Pin=R47_1-1
Added Pin To Net: NetName=-BalanceCommand_1 Pin=R47_1-2
Added Pin To Net: NetName=+Cell_1 Pin=R47_2-1
Added Pin To Net: NetName=+BalanceCommand_1 Pin=R47_2-2
Added Pin To Net: NetName=+Cell_2 Pin=R47_3-1
Added Pin To Net: NetName=+BalanceCommand_2 Pin=R47_3-2
Added Pin To Net: NetName=+Cell_3 Pin=R47_4-1
Added Pin To Net: NetName=+BalanceCommand_3 Pin=R47_4-2
Added Pin To Net: NetName=+Cell_4 Pin=R47_5-1
Added Pin To Net: NetName=+BalanceCommand_4 Pin=R47_5-2
Added Pin To Net: NetName=+Cell_5 Pin=R47_6-1
Added Pin To Net: NetName=+BalanceCommand_5 Pin=R47_6-2
Added Pin To Net: NetName=+Cell_6 Pin=R47_7-1
Added Pin To Net: NetName=+BalanceCommand_6 Pin=R47_7-2
Added Pin To Net: NetName=+Cell_7 Pin=R47_8-1
Added Pin To Net: NetName=+BalanceCommand_7 Pin=R47_8-2
Added Pin To Net: NetName=+Cell_8 Pin=R47_9-1
Added Pin To Net: NetName=+BalanceCommand_8 Pin=R47_9-2
Added Pin To Net: NetName=+Cell_9 Pin=R47_10-1
Added Pin To Net: NetName=+BalanceCommand_9 Pin=R47_10-2
Added Pin To Net: NetName=+Cell_10 Pin=R47_11-1
Added Pin To Net: NetName=+BalanceCommand_10 Pin=R47_11-2
Added Pin To Net: NetName=+Cell_11 Pin=R47_12-1
Added Pin To Net: NetName=+BalanceCommand_11 Pin=R47_12-2
Added Pin To Net: NetName=+Cell_12 Pin=R47_13-1
Added Pin To Net: NetName=+BalanceCommand_12 Pin=R47_13-2
Added Pin To Net: NetName=+Cell_13 Pin=R47_14-1
Added Pin To Net: NetName=+BalanceCommand_13 Pin=R47_14-2
Added Pin To Net: NetName=+Cell_14 Pin=R47_15-1
Added Pin To Net: NetName=+BalanceCommand_14 Pin=R47_15-2
Added Pin To Net: NetName=+Cell_15 Pin=R47_16-1
Added Pin To Net: NetName=+BalanceCommand_15 Pin=R47_16-2
Added Pin To Net: NetName=3.3V Pin=R48-1
Added Pin To Net: NetName=CAN_RX Pin=R48-2
Added Pin To Net: NetName=CAN_P Pin=R49-1
Added Pin To Net: NetName=NetC28_2 Pin=R49-2
Added Pin To Net: NetName=CAN_N Pin=R50-1
Added Pin To Net: NetName=NetC28_2 Pin=R50-2
Added Pin To Net: NetName=3.3V Pin=R51-1
Added Pin To Net: NetName=REG1 Pin=R51-2
Added Pin To Net: NetName=NetR52_1 Pin=R52-1
Added Pin To Net: NetName=3.3V Pin=R52-2
Added Pin To Net: NetName=GND-ISO Pin=R53-1
Added Pin To Net: NetName=NetQ3_1 Pin=R53-2
Added Pin To Net: NetName=3.3V Pin=R54-1
Added Pin To Net: NetName=REG2 Pin=R54-2
Added Pin To Net: NetName=NetQ4_1 Pin=R55-1
Added Pin To Net: NetName=NetR55_2 Pin=R55-2
Added Pin To Net: NetName=NetQ3_1 Pin=R56-1
Added Pin To Net: NetName=NetR56_2 Pin=R56-2
Added Pin To Net: NetName=12V Pin=R57_1-1
Added Pin To Net: NetName=NetQ6_1_1 Pin=R57_1-2
Added Pin To Net: NetName=12V Pin=R57_2-1
Added Pin To Net: NetName=NetQ6_2_1 Pin=R57_2-2
Added Pin To Net: NetName=NetR58_1_1 Pin=R58_1-1
Added Pin To Net: NetName=3.3V Pin=R58_1-2
Added Pin To Net: NetName=NetR58_2_1 Pin=R58_2-1
Added Pin To Net: NetName=3.3V Pin=R58_2-2
Added Pin To Net: NetName=NetR59_1_1 Pin=R59_1-1
Added Pin To Net: NetName=NetQ6_1_1 Pin=R59_1-2
Added Pin To Net: NetName=NetR59_2_1 Pin=R59_2-1
Added Pin To Net: NetName=NetQ6_2_1 Pin=R59_2-2
Added Pin To Net: NetName=SW8 Pin=R60-1
Added Pin To Net: NetName=3.3V Pin=R60-2
Added Pin To Net: NetName=NetQ5_1_1 Pin=R61_1-1
Added Pin To Net: NetName=FAN_PWM_1 Pin=R61_1-2
Added Pin To Net: NetName=NetQ5_2_1 Pin=R61_2-1
Added Pin To Net: NetName=FAN_PWM_2 Pin=R61_2-2
Added Pin To Net: NetName=SW7 Pin=R62-1
Added Pin To Net: NetName=3.3V Pin=R62-2
Added Pin To Net: NetName=SW6 Pin=R63-1
Added Pin To Net: NetName=3.3V Pin=R63-2
Added Pin To Net: NetName=SW5 Pin=R64-1
Added Pin To Net: NetName=3.3V Pin=R64-2
Added Pin To Net: NetName=+BalanceCommand_16 Pin=R65-1
Added Pin To Net: NetName=NetC13_2 Pin=R65-2
Added Pin To Net: NetName=NetQ4_1 Pin=R?-1
Added Pin To Net: NetName=GND Pin=R?-2
Added Pin To Net: NetName=NRST Pin=RST1-1
Added Pin To Net: NetName=NRST Pin=RST1-1
Added Pin To Net: NetName=GND Pin=RST1-2
Added Pin To Net: NetName=GND Pin=RST1-2
Added Pin To Net: NetName=SWDIO Pin=SWD1-1
Added Pin To Net: NetName=SWCLK Pin=SWD1-2
Added Pin To Net: NetName=NRST Pin=SWD1-3
Added Pin To Net: NetName=GND Pin=SWD1-4
Added Pin To Net: NetName=GND Pin=SWH-1
Added Pin To Net: NetName=GND Pin=SWH-2
Added Pin To Net: NetName=GND Pin=SWH-3
Added Pin To Net: NetName=GND Pin=SWH-4
Added Pin To Net: NetName=SW5 Pin=SWH-5
Added Pin To Net: NetName=SW6 Pin=SWH-6
Added Pin To Net: NetName=SW7 Pin=SWH-7
Added Pin To Net: NetName=SW8 Pin=SWH-8
Added Pin To Net: NetName=GND Pin=SWL-1
Added Pin To Net: NetName=GND Pin=SWL-2
Added Pin To Net: NetName=GND Pin=SWL-3
Added Pin To Net: NetName=GND Pin=SWL-4
Added Pin To Net: NetName=SW1 Pin=SWL-5
Added Pin To Net: NetName=SW2 Pin=SWL-6
Added Pin To Net: NetName=SW3 Pin=SWL-7
Added Pin To Net: NetName=SW4 Pin=SWL-8
Added Pin To Net: NetName=GND Pin=T1-1
Added Pin To Net: NetName=TS4 Pin=T1-2
Added Pin To Net: NetName=GND Pin=T2-1
Added Pin To Net: NetName=NetT2_2 Pin=T2-2
Added Pin To Net: NetName=GND Pin=T3-1
Added Pin To Net: NetName=TS5 Pin=T3-2
Added Pin To Net: NetName=GND Pin=T4-1
Added Pin To Net: NetName=TS2 Pin=T4-2
Added Pin To Net: NetName=GND Pin=T5-1
Added Pin To Net: NetName=TS6 Pin=T5-2
Added Pin To Net: NetName=GND Pin=T6-1
Added Pin To Net: NetName=NetT6_2 Pin=T6-2
Added Pin To Net: NetName=GND Pin=T7-1
Added Pin To Net: NetName=NetT7_2 Pin=T7-2
Added Pin To Net: NetName=GND Pin=T8-1
Added Pin To Net: NetName=NetT8_2 Pin=T8-2
Added Pin To Net: NetName=GND Pin=T9-1
Added Pin To Net: NetName=NetT9_2 Pin=T9-2
Added Pin To Net: NetName=GND Pin=T10-1
Added Pin To Net: NetName=NetT10_2 Pin=T10-2
Added Pin To Net: NetName=+BAT Pin=TP1-1
Added Pin To Net: NetName=NetC20_2 Pin=TP2-1
Added Pin To Net: NetName=NetD3_1 Pin=TP3-1
Added Pin To Net: NetName=REGIN Pin=TP4-1
Added Pin To Net: NetName=NetT2_2 Pin=TP5-1
Added Pin To Net: NetName=NetT6_2 Pin=TP6-1
Added Pin To Net: NetName=NetC23_2 Pin=TP7-1
Added Pin To Net: NetName=3.3V Pin=U1-1
Added Pin To Net: NetName=PH0-OSC_IN Pin=U1-5
Added Pin To Net: NetName=PH1-OSC_OUT Pin=U1-6
Added Pin To Net: NetName=NRST Pin=U1-7
Added Pin To Net: NetName=GND Pin=U1-8
Added Pin To Net: NetName=NetC9_1 Pin=U1-9
Added Pin To Net: NetName=NetT7_2 Pin=U1-10
Added Pin To Net: NetName=NetT8_2 Pin=U1-11
Added Pin To Net: NetName=NetT9_2 Pin=U1-12
Added Pin To Net: NetName=NetT10_2 Pin=U1-13
Added Pin To Net: NetName=NetU1_14 Pin=U1-14
Added Pin To Net: NetName=NetU1_15 Pin=U1-15
Added Pin To Net: NetName=NetU1_16 Pin=U1-16
Added Pin To Net: NetName=NetU1_17 Pin=U1-17
Added Pin To Net: NetName=SW1 Pin=U1-18
Added Pin To Net: NetName=SW2 Pin=U1-19
Added Pin To Net: NetName=SW3 Pin=U1-20
Added Pin To Net: NetName=NetU1_21 Pin=U1-21
Added Pin To Net: NetName=NetPB1_1 Pin=U1-22
Added Pin To Net: NetName=GND Pin=U1-23
Added Pin To Net: NetName=3.3V Pin=U1-24
Added Pin To Net: NetName=SW8 Pin=U1-25
Added Pin To Net: NetName=SW7 Pin=U1-26
Added Pin To Net: NetName=SW6 Pin=U1-27
Added Pin To Net: NetName=SW5 Pin=U1-28
Added Pin To Net: NetName=FAN_PWM_1 Pin=U1-29
Added Pin To Net: NetName=FAN_PWM_2 Pin=U1-30
Added Pin To Net: NetName=FAN_Feedback_1 Pin=U1-31
Added Pin To Net: NetName=FAN_Feedback_2 Pin=U1-32
Added Pin To Net: NetName=SWDIO Pin=U1-34
Added Pin To Net: NetName=GND Pin=U1-35
Added Pin To Net: NetName=3.3V Pin=U1-36
Added Pin To Net: NetName=SWCLK Pin=U1-37
Added Pin To Net: NetName=NetR55_2 Pin=U1-38
Added Pin To Net: NetName=SW4 Pin=U1-39
Added Pin To Net: NetName=LED1 Pin=U1-40
Added Pin To Net: NetName=LED2 Pin=U1-41
Added Pin To Net: NetName=LED3 Pin=U1-42
Added Pin To Net: NetName=LED4 Pin=U1-43
Added Pin To Net: NetName=BOOT0 Pin=U1-44
Added Pin To Net: NetName=CAN_RX Pin=U1-45
Added Pin To Net: NetName=CAN_TX Pin=U1-46
Added Pin To Net: NetName=GND Pin=U1-47
Added Pin To Net: NetName=3.3V Pin=U1-48
Added Pin To Net: NetName=+BalanceCommand_15 Pin=U2-1
Added Pin To Net: NetName=+BalanceCommand_14 Pin=U2-2
Added Pin To Net: NetName=+BalanceCommand_13 Pin=U2-3
Added Pin To Net: NetName=+BalanceCommand_12 Pin=U2-4
Added Pin To Net: NetName=+BalanceCommand_11 Pin=U2-5
Added Pin To Net: NetName=+BalanceCommand_10 Pin=U2-6
Added Pin To Net: NetName=+BalanceCommand_9 Pin=U2-7
Added Pin To Net: NetName=+BalanceCommand_8 Pin=U2-8
Added Pin To Net: NetName=+BalanceCommand_7 Pin=U2-9
Added Pin To Net: NetName=+BalanceCommand_6 Pin=U2-10
Added Pin To Net: NetName=+BalanceCommand_5 Pin=U2-11
Added Pin To Net: NetName=+BalanceCommand_4 Pin=U2-12
Added Pin To Net: NetName=+BalanceCommand_3 Pin=U2-13
Added Pin To Net: NetName=+BalanceCommand_2 Pin=U2-14
Added Pin To Net: NetName=+BalanceCommand_1 Pin=U2-15
Added Pin To Net: NetName=-BalanceCommand_1 Pin=U2-16
Added Pin To Net: NetName=GND Pin=U2-17
Added Pin To Net: NetName=GND Pin=U2-18
Added Pin To Net: NetName=GND Pin=U2-20
Added Pin To Net: NetName=NetT2_2 Pin=U2-21
Added Pin To Net: NetName=TS2 Pin=U2-22
Added Pin To Net: NetName=NetT6_2 Pin=U2-23
Added Pin To Net: NetName=NetC23_2 Pin=U2-24
Added Pin To Net: NetName=NetU1_21 Pin=U2-25
Added Pin To Net: NetName=NetU1_15 Pin=U2-26
Added Pin To Net: NetName=NetU1_16 Pin=U2-27
Added Pin To Net: NetName=NetU1_17 Pin=U2-28
Added Pin To Net: NetName=NetU1_14 Pin=U2-29
Added Pin To Net: NetName=TS6 Pin=U2-30
Added Pin To Net: NetName=TS5 Pin=U2-31
Added Pin To Net: NetName=TS4 Pin=U2-32
Added Pin To Net: NetName=NetC22_2 Pin=U2-33
Added Pin To Net: NetName=REG2 Pin=U2-34
Added Pin To Net: NetName=REG1 Pin=U2-35
Added Pin To Net: NetName=REGIN Pin=U2-36
Added Pin To Net: NetName=BREG Pin=U2-37
Added Pin To Net: NetName=BAT+ Pin=U2-41
Added Pin To Net: NetName=BAT+ Pin=U2-42
Added Pin To Net: NetName=NetC20_2 Pin=U2-46
Added Pin To Net: NetName=+BAT Pin=U2-47
Added Pin To Net: NetName=+BalanceCommand_16 Pin=U2-48
Added Pin To Net: NetName=GND Pin=U3-1
Added Pin To Net: NetName=3.3V Pin=U3-2
Added Pin To Net: NetName=REGIN Pin=U3-3
Added Pin To Net: NetName=GND-ISO Pin=U4-1
Added Pin To Net: NetName=VCC-CAN Pin=U4-2
Added Pin To Net: NetName=12V Pin=U4-3
Added Pin To Net: NetName=3.3V Pin=U5-1
Added Pin To Net: NetName=CAN_RX Pin=U5-2
Added Pin To Net: NetName=CAN_TX Pin=U5-3
Added Pin To Net: NetName=GND Pin=U5-4
Added Pin To Net: NetName=GND-ISO Pin=U5-5
Added Pin To Net: NetName=CANIN_N Pin=U5-6
Added Pin To Net: NetName=CANIN_P Pin=U5-7
Added Pin To Net: NetName=VCC-CAN Pin=U5-8
Added Pin To Net: NetName=NetR52_1 Pin=U6-1
Added Pin To Net: NetName=NetQ4_3 Pin=U6-2
Added Pin To Net: NetName=NetR56_2 Pin=U6-3
Added Pin To Net: NetName=12V Pin=U6-4
Added Pin To Net: NetName=NetR58_1_1 Pin=U8_1-1
Added Pin To Net: NetName=NetQ5_1_3 Pin=U8_1-2
Added Pin To Net: NetName=GND-ISO Pin=U8_1-3
Added Pin To Net: NetName=NetR59_1_1 Pin=U8_1-4
Added Pin To Net: NetName=NetR58_2_1 Pin=U8_2-1
Added Pin To Net: NetName=NetQ5_2_3 Pin=U8_2-2
Added Pin To Net: NetName=GND-ISO Pin=U8_2-3
Added Pin To Net: NetName=NetR59_2_1 Pin=U8_2-4
Added Pin To Net: NetName=PH0-OSC_IN Pin=Y1-1
Added Pin To Net: NetName=PH1-OSC_OUT Pin=Y1-2
Added Pin To Net: NetName=12V Pin=Z1-1
Added Pin To Net: NetName=GND-ISO Pin=Z1-2
Added Member To Class: ClassName=U_MCU Member=Component C1 20pF
Added Member To Class: ClassName=U_MCU Member=Component C2 100nF
Added Member To Class: ClassName=U_MCU Member=Component C3 20pF
Added Member To Class: ClassName=U_MCU Member=Component C4 100nF
Added Member To Class: ClassName=U_MCU Member=Component C5 100nF
Added Member To Class: ClassName=U_MCU Member=Component C6 100nF
Added Member To Class: ClassName=U_MCU Member=Component C7 100nF
Added Member To Class: ClassName=U_MCU Member=Component C8 2.2uF
Added Member To Class: ClassName=U_MCU Member=Component C9 2.2uF
Added Member To Class: ClassName=U_MCU Member=Component C10 100nF
Added Member To Class: ClassName=U_BMS Member=Component C11 2.2uF
Added Member To Class: ClassName=U_BMS Member=Component C12 100nF
Added Member To Class: ClassName=U_BMS Member=Component C13 100nF
Added Member To Class: ClassName=U_BMS Member=Component C14 22pF
Added Member To Class: ClassName=U_BMS Member=Component C15 2.2uF
Added Member To Class: ClassName=U_BMS Member=Component C16 100nF
Added Member To Class: ClassName=U_BMS Member=Component C17 100nF
Added Member To Class: ClassName=U_BMS Member=Component C18 22nF
Added Member To Class: ClassName=U_BMS Member=Component C19 100nF
Added Member To Class: ClassName=U_BMS Member=Component C20 470nF
Added Member To Class: ClassName=U_BMS Member=Component C21 100nF
Added Member To Class: ClassName=U_BMS Member=Component C22 100nF
Added Member To Class: ClassName=U_BMS Member=Component C23 2.2uF
Added Member To Class: ClassName=U_BMS Member=Component C24 100nF
Added Member To Class: ClassName=balancer1 Member=Component C25_1 (C25) 0.22µF
Added Member To Class: ClassName=balancer2 Member=Component C25_2 (C25) 0.22µF
Added Member To Class: ClassName=balancer3 Member=Component C25_3 (C25) 0.22µF
Added Member To Class: ClassName=balancer4 Member=Component C25_4 (C25) 0.22µF
Added Member To Class: ClassName=balancer5 Member=Component C25_5 (C25) 0.22µF
Added Member To Class: ClassName=balancer6 Member=Component C25_6 (C25) 0.22µF
Added Member To Class: ClassName=balancer7 Member=Component C25_7 (C25) 0.22µF
Added Member To Class: ClassName=balancer8 Member=Component C25_8 (C25) 0.22µF
Added Member To Class: ClassName=balancer9 Member=Component C25_9 (C25) 0.22µF
Added Member To Class: ClassName=balancer10 Member=Component C25_10 (C25) 0.22µF
Added Member To Class: ClassName=balancer11 Member=Component C25_11 (C25) 0.22µF
Added Member To Class: ClassName=balancer12 Member=Component C25_12 (C25) 0.22µF
Added Member To Class: ClassName=balancer13 Member=Component C25_13 (C25) 0.22µF
Added Member To Class: ClassName=balancer14 Member=Component C25_14 (C25) 0.22µF
Added Member To Class: ClassName=balancer15 Member=Component C25_15 (C25) 0.22µF
Added Member To Class: ClassName=balancer16 Member=Component C25_16 (C25) 0.22µF
Added Member To Class: ClassName=U_Communication Member=Component C26 100nF
Added Member To Class: ClassName=U_Communication Member=Component C27 2.2uF
Added Member To Class: ClassName=U_Communication Member=Component C28 1nF
Added Member To Class: ClassName=U_Communication Member=Component C29 100nF
Added Member To Class: ClassName=U_Communication Member=Component C30 100nF
Added Member To Class: ClassName=U_Communication Member=Component C31 100nF
Added Member To Class: ClassName=U_BMS Member=Component C32 100nF
Added Member To Class: ClassName=U_relay and contactor Member=Component CNT Main contactor
Added Member To Class: ClassName=U_BMS Member=Component D1 M7
Added Member To Class: ClassName=U_BMS Member=Component D2 M7
Added Member To Class: ClassName=U_BMS Member=Component D3 N/A
Added Member To Class: ClassName=U_Communication Member=Component D4 PSM712-TVS
Added Member To Class: ClassName=U_relay and contactor Member=Component D5 SS36
Added Member To Class: ClassName=Fan1 Member=Component D6_1 (D6) SS36
Added Member To Class: ClassName=Fan2 Member=Component D6_2 (D6) SS36
Added Member To Class: ClassName=Fan1 Member=Component FN1_1 (FN1) fan
Added Member To Class: ClassName=Fan2 Member=Component FN1_2 (FN1) fan
Added Member To Class: ClassName=U_Communication Member=Component H? MHDR_2X07
Added Member To Class: ClassName=U_BMS Member=Component J1 resistor selector
Added Member To Class: ClassName=U_BMS Member=Component J2 CONN_TB8
Added Member To Class: ClassName=U_BMS Member=Component J3 CONN_TB8
Added Member To Class: ClassName=U_BMS Member=Component J4 CONN_TB8
Added Member To Class: ClassName=U_MCU Member=Component L1 100uH
Added Member To Class: ClassName=U_Communication Member=Component L? ACT1210L-201-2P-TL00
Added Member To Class: ClassName=U_MCU Member=Component LED1 Red
Added Member To Class: ClassName=U_MCU Member=Component LED2 Red
Added Member To Class: ClassName=U_MCU Member=Component LED3 Red
Added Member To Class: ClassName=U_MCU Member=Component LED4 Red
Added Member To Class: ClassName=U_BMS Member=Component LED5 Red
Added Member To Class: ClassName=U_Communication Member=Component LED6 Red
Added Member To Class: ClassName=U_BMS Member=Component NT1 Net-Tie
Added Member To Class: ClassName=U_BMS Member=Component PB1 Reset
Added Member To Class: ClassName=U_BMS Member=Component Q1 NPN transistor
Added Member To Class: ClassName=balancer1 Member=Component Q2_1 (Q2) 2SD882
Added Member To Class: ClassName=balancer2 Member=Component Q2_2 (Q2) 2SD882
Added Member To Class: ClassName=balancer3 Member=Component Q2_3 (Q2) 2SD882
Added Member To Class: ClassName=balancer4 Member=Component Q2_4 (Q2) 2SD882
Added Member To Class: ClassName=balancer5 Member=Component Q2_5 (Q2) 2SD882
Added Member To Class: ClassName=balancer6 Member=Component Q2_6 (Q2) 2SD882
Added Member To Class: ClassName=balancer7 Member=Component Q2_7 (Q2) 2SD882
Added Member To Class: ClassName=balancer8 Member=Component Q2_8 (Q2) 2SD882
Added Member To Class: ClassName=balancer9 Member=Component Q2_9 (Q2) 2SD882
Added Member To Class: ClassName=balancer10 Member=Component Q2_10 (Q2) 2SD882
Added Member To Class: ClassName=balancer11 Member=Component Q2_11 (Q2) 2SD882
Added Member To Class: ClassName=balancer12 Member=Component Q2_12 (Q2) 2SD882
Added Member To Class: ClassName=balancer13 Member=Component Q2_13 (Q2) 2SD882
Added Member To Class: ClassName=balancer14 Member=Component Q2_14 (Q2) 2SD882
Added Member To Class: ClassName=balancer15 Member=Component Q2_15 (Q2) 2SD882
Added Member To Class: ClassName=balancer16 Member=Component Q2_16 (Q2) 2SD882
Added Member To Class: ClassName=U_relay and contactor Member=Component Q3 NMOS-2
Added Member To Class: ClassName=U_relay and contactor Member=Component Q4 NPN transistor
Added Member To Class: ClassName=Fan1 Member=Component Q5_1 (Q5) NPN transistor
Added Member To Class: ClassName=Fan2 Member=Component Q5_2 (Q5) NPN transistor
Added Member To Class: ClassName=Fan1 Member=Component Q6_1 (Q6) NMOS-2
Added Member To Class: ClassName=Fan2 Member=Component Q6_2 (Q6) NMOS-2
Added Member To Class: ClassName=U_MCU Member=Component R1 10K
Added Member To Class: ClassName=U_MCU Member=Component R2 10K
Added Member To Class: ClassName=U_MCU Member=Component R3 10K
Added Member To Class: ClassName=U_MCU Member=Component R4 10K
Added Member To Class: ClassName=U_MCU Member=Component R5 10K
Added Member To Class: ClassName=U_MCU Member=Component R6 10K
Added Member To Class: ClassName=U_MCU Member=Component R7 10K
Added Member To Class: ClassName=U_MCU Member=Component R8 10K
Added Member To Class: ClassName=U_MCU Member=Component R9 10K
Added Member To Class: ClassName=U_MCU Member=Component R10 10K
Added Member To Class: ClassName=U_MCU Member=Component R11 47
Added Member To Class: ClassName=U_BMS Member=Component R12 200
Added Member To Class: ClassName=U_BMS Member=Component R13 200
Added Member To Class: ClassName=U_BMS Member=Component R14 200
Added Member To Class: ClassName=U_BMS Member=Component R15 200
Added Member To Class: ClassName=U_BMS Member=Component R16 200
Added Member To Class: ClassName=U_BMS Member=Component R17 200
Added Member To Class: ClassName=U_BMS Member=Component R18 200
Added Member To Class: ClassName=U_BMS Member=Component R19 200
Added Member To Class: ClassName=U_BMS Member=Component R20 200
Added Member To Class: ClassName=U_BMS Member=Component R21 200
Added Member To Class: ClassName=U_BMS Member=Component R22 200
Added Member To Class: ClassName=U_BMS Member=Component R23 200
Added Member To Class: ClassName=U_BMS Member=Component R24 200
Added Member To Class: ClassName=U_BMS Member=Component R25 200
Added Member To Class: ClassName=U_BMS Member=Component R26 200
Added Member To Class: ClassName=U_BMS Member=Component R27 200
Added Member To Class: ClassName=U_BMS Member=Component R28 100
Added Member To Class: ClassName=U_BMS Member=Component R29 N/A
Added Member To Class: ClassName=U_BMS Member=Component R30 15
Added Member To Class: ClassName=U_BMS Member=Component R31 15
Added Member To Class: ClassName=U_BMS Member=Component R32 15
Added Member To Class: ClassName=U_BMS Member=Component R33 15
Added Member To Class: ClassName=U_BMS Member=Component R34 0
Added Member To Class: ClassName=U_Communication Member=Component R35 10K
Added Member To Class: ClassName=U_Communication Member=Component R36 10K
Added Member To Class: ClassName=U_BMS Member=Component R37 10K
Added Member To Class: ClassName=U_BMS Member=Component R38 100
Added Member To Class: ClassName=U_BMS Member=Component R39 10K
Added Member To Class: ClassName=balancer1 Member=Component R40_1 (R40) 100
Added Member To Class: ClassName=balancer2 Member=Component R40_2 (R40) 100
Added Member To Class: ClassName=balancer3 Member=Component R40_3 (R40) 100
Added Member To Class: ClassName=balancer4 Member=Component R40_4 (R40) 100
Added Member To Class: ClassName=balancer5 Member=Component R40_5 (R40) 100
Added Member To Class: ClassName=balancer6 Member=Component R40_6 (R40) 100
Added Member To Class: ClassName=balancer7 Member=Component R40_7 (R40) 100
Added Member To Class: ClassName=balancer8 Member=Component R40_8 (R40) 100
Added Member To Class: ClassName=balancer9 Member=Component R40_9 (R40) 100
Added Member To Class: ClassName=balancer10 Member=Component R40_10 (R40) 100
Added Member To Class: ClassName=balancer11 Member=Component R40_11 (R40) 100
Added Member To Class: ClassName=balancer12 Member=Component R40_12 (R40) 100
Added Member To Class: ClassName=balancer13 Member=Component R40_13 (R40) 100
Added Member To Class: ClassName=balancer14 Member=Component R40_14 (R40) 100
Added Member To Class: ClassName=balancer15 Member=Component R40_15 (R40) 100
Added Member To Class: ClassName=balancer16 Member=Component R40_16 (R40) 100
Added Member To Class: ClassName=balancer1 Member=Component R41_1 (R41) 3.3
Added Member To Class: ClassName=balancer2 Member=Component R41_2 (R41) 3.3
Added Member To Class: ClassName=balancer3 Member=Component R41_3 (R41) 3.3
Added Member To Class: ClassName=balancer4 Member=Component R41_4 (R41) 3.3
Added Member To Class: ClassName=balancer5 Member=Component R41_5 (R41) 3.3
Added Member To Class: ClassName=balancer6 Member=Component R41_6 (R41) 3.3
Added Member To Class: ClassName=balancer7 Member=Component R41_7 (R41) 3.3
Added Member To Class: ClassName=balancer8 Member=Component R41_8 (R41) 3.3
Added Member To Class: ClassName=balancer9 Member=Component R41_9 (R41) 3.3
Added Member To Class: ClassName=balancer10 Member=Component R41_10 (R41) 3.3
Added Member To Class: ClassName=balancer11 Member=Component R41_11 (R41) 3.3
Added Member To Class: ClassName=balancer12 Member=Component R41_12 (R41) 3.3
Added Member To Class: ClassName=balancer13 Member=Component R41_13 (R41) 3.3
Added Member To Class: ClassName=balancer14 Member=Component R41_14 (R41) 3.3
Added Member To Class: ClassName=balancer15 Member=Component R41_15 (R41) 3.3
Added Member To Class: ClassName=balancer16 Member=Component R41_16 (R41) 3.3
Added Member To Class: ClassName=balancer1 Member=Component R42_1 (R42) 3.3
Added Member To Class: ClassName=balancer2 Member=Component R42_2 (R42) 3.3
Added Member To Class: ClassName=balancer3 Member=Component R42_3 (R42) 3.3
Added Member To Class: ClassName=balancer4 Member=Component R42_4 (R42) 3.3
Added Member To Class: ClassName=balancer5 Member=Component R42_5 (R42) 3.3
Added Member To Class: ClassName=balancer6 Member=Component R42_6 (R42) 3.3
Added Member To Class: ClassName=balancer7 Member=Component R42_7 (R42) 3.3
Added Member To Class: ClassName=balancer8 Member=Component R42_8 (R42) 3.3
Added Member To Class: ClassName=balancer9 Member=Component R42_9 (R42) 3.3
Added Member To Class: ClassName=balancer10 Member=Component R42_10 (R42) 3.3
Added Member To Class: ClassName=balancer11 Member=Component R42_11 (R42) 3.3
Added Member To Class: ClassName=balancer12 Member=Component R42_12 (R42) 3.3
Added Member To Class: ClassName=balancer13 Member=Component R42_13 (R42) 3.3
Added Member To Class: ClassName=balancer14 Member=Component R42_14 (R42) 3.3
Added Member To Class: ClassName=balancer15 Member=Component R42_15 (R42) 3.3
Added Member To Class: ClassName=balancer16 Member=Component R42_16 (R42) 3.3
Added Member To Class: ClassName=balancer1 Member=Component R43_1 (R43) 3.3
Added Member To Class: ClassName=balancer2 Member=Component R43_2 (R43) 3.3
Added Member To Class: ClassName=balancer3 Member=Component R43_3 (R43) 3.3
Added Member To Class: ClassName=balancer4 Member=Component R43_4 (R43) 3.3
Added Member To Class: ClassName=balancer5 Member=Component R43_5 (R43) 3.3
Added Member To Class: ClassName=balancer6 Member=Component R43_6 (R43) 3.3
Added Member To Class: ClassName=balancer7 Member=Component R43_7 (R43) 3.3
Added Member To Class: ClassName=balancer8 Member=Component R43_8 (R43) 3.3
Added Member To Class: ClassName=balancer9 Member=Component R43_9 (R43) 3.3
Added Member To Class: ClassName=balancer10 Member=Component R43_10 (R43) 3.3
Added Member To Class: ClassName=balancer11 Member=Component R43_11 (R43) 3.3
Added Member To Class: ClassName=balancer12 Member=Component R43_12 (R43) 3.3
Added Member To Class: ClassName=balancer13 Member=Component R43_13 (R43) 3.3
Added Member To Class: ClassName=balancer14 Member=Component R43_14 (R43) 3.3
Added Member To Class: ClassName=balancer15 Member=Component R43_15 (R43) 3.3
Added Member To Class: ClassName=balancer16 Member=Component R43_16 (R43) 3.3
Added Member To Class: ClassName=balancer1 Member=Component R44_1 (R44) 3.3
Added Member To Class: ClassName=balancer2 Member=Component R44_2 (R44) 3.3
Added Member To Class: ClassName=balancer3 Member=Component R44_3 (R44) 3.3
Added Member To Class: ClassName=balancer4 Member=Component R44_4 (R44) 3.3
Added Member To Class: ClassName=balancer5 Member=Component R44_5 (R44) 3.3
Added Member To Class: ClassName=balancer6 Member=Component R44_6 (R44) 3.3
Added Member To Class: ClassName=balancer7 Member=Component R44_7 (R44) 3.3
Added Member To Class: ClassName=balancer8 Member=Component R44_8 (R44) 3.3
Added Member To Class: ClassName=balancer9 Member=Component R44_9 (R44) 3.3
Added Member To Class: ClassName=balancer10 Member=Component R44_10 (R44) 3.3
Added Member To Class: ClassName=balancer11 Member=Component R44_11 (R44) 3.3
Added Member To Class: ClassName=balancer12 Member=Component R44_12 (R44) 3.3
Added Member To Class: ClassName=balancer13 Member=Component R44_13 (R44) 3.3
Added Member To Class: ClassName=balancer14 Member=Component R44_14 (R44) 3.3
Added Member To Class: ClassName=balancer15 Member=Component R44_15 (R44) 3.3
Added Member To Class: ClassName=balancer16 Member=Component R44_16 (R44) 3.3
Added Member To Class: ClassName=balancer1 Member=Component R45_1 (R45) 300
Added Member To Class: ClassName=balancer2 Member=Component R45_2 (R45) 300
Added Member To Class: ClassName=balancer3 Member=Component R45_3 (R45) 300
Added Member To Class: ClassName=balancer4 Member=Component R45_4 (R45) 300
Added Member To Class: ClassName=balancer5 Member=Component R45_5 (R45) 300
Added Member To Class: ClassName=balancer6 Member=Component R45_6 (R45) 300
Added Member To Class: ClassName=balancer7 Member=Component R45_7 (R45) 300
Added Member To Class: ClassName=balancer8 Member=Component R45_8 (R45) 300
Added Member To Class: ClassName=balancer9 Member=Component R45_9 (R45) 300
Added Member To Class: ClassName=balancer10 Member=Component R45_10 (R45) 300
Added Member To Class: ClassName=balancer11 Member=Component R45_11 (R45) 300
Added Member To Class: ClassName=balancer12 Member=Component R45_12 (R45) 300
Added Member To Class: ClassName=balancer13 Member=Component R45_13 (R45) 300
Added Member To Class: ClassName=balancer14 Member=Component R45_14 (R45) 300
Added Member To Class: ClassName=balancer15 Member=Component R45_15 (R45) 300
Added Member To Class: ClassName=balancer16 Member=Component R45_16 (R45) 300
Added Member To Class: ClassName=balancer1 Member=Component R46_1 (R46) 200
Added Member To Class: ClassName=balancer2 Member=Component R46_2 (R46) 200
Added Member To Class: ClassName=balancer3 Member=Component R46_3 (R46) 200
Added Member To Class: ClassName=balancer4 Member=Component R46_4 (R46) 200
Added Member To Class: ClassName=balancer5 Member=Component R46_5 (R46) 200
Added Member To Class: ClassName=balancer6 Member=Component R46_6 (R46) 200
Added Member To Class: ClassName=balancer7 Member=Component R46_7 (R46) 200
Added Member To Class: ClassName=balancer8 Member=Component R46_8 (R46) 200
Added Member To Class: ClassName=balancer9 Member=Component R46_9 (R46) 200
Added Member To Class: ClassName=balancer10 Member=Component R46_10 (R46) 200
Added Member To Class: ClassName=balancer11 Member=Component R46_11 (R46) 200
Added Member To Class: ClassName=balancer12 Member=Component R46_12 (R46) 200
Added Member To Class: ClassName=balancer13 Member=Component R46_13 (R46) 200
Added Member To Class: ClassName=balancer14 Member=Component R46_14 (R46) 200
Added Member To Class: ClassName=balancer15 Member=Component R46_15 (R46) 200
Added Member To Class: ClassName=balancer16 Member=Component R46_16 (R46) 200
Added Member To Class: ClassName=balancer1 Member=Component R47_1 (R47) 100
Added Member To Class: ClassName=balancer2 Member=Component R47_2 (R47) 100
Added Member To Class: ClassName=balancer3 Member=Component R47_3 (R47) 100
Added Member To Class: ClassName=balancer4 Member=Component R47_4 (R47) 100
Added Member To Class: ClassName=balancer5 Member=Component R47_5 (R47) 100
Added Member To Class: ClassName=balancer6 Member=Component R47_6 (R47) 100
Added Member To Class: ClassName=balancer7 Member=Component R47_7 (R47) 100
Added Member To Class: ClassName=balancer8 Member=Component R47_8 (R47) 100
Added Member To Class: ClassName=balancer9 Member=Component R47_9 (R47) 100
Added Member To Class: ClassName=balancer10 Member=Component R47_10 (R47) 100
Added Member To Class: ClassName=balancer11 Member=Component R47_11 (R47) 100
Added Member To Class: ClassName=balancer12 Member=Component R47_12 (R47) 100
Added Member To Class: ClassName=balancer13 Member=Component R47_13 (R47) 100
Added Member To Class: ClassName=balancer14 Member=Component R47_14 (R47) 100
Added Member To Class: ClassName=balancer15 Member=Component R47_15 (R47) 100
Added Member To Class: ClassName=balancer16 Member=Component R47_16 (R47) 100
Added Member To Class: ClassName=U_Communication Member=Component R48 10K
Added Member To Class: ClassName=U_Communication Member=Component R49 60
Added Member To Class: ClassName=U_Communication Member=Component R50 60
Added Member To Class: ClassName=U_BMS Member=Component R51 0
Added Member To Class: ClassName=U_relay and contactor Member=Component R52 220
Added Member To Class: ClassName=U_relay and contactor Member=Component R53 10K
Added Member To Class: ClassName=U_BMS Member=Component R54 0
Added Member To Class: ClassName=U_relay and contactor Member=Component R55 10K
Added Member To Class: ClassName=U_relay and contactor Member=Component R56 10
Added Member To Class: ClassName=Fan1 Member=Component R57_1 (R57) 10K
Added Member To Class: ClassName=Fan2 Member=Component R57_2 (R57) 10K
Added Member To Class: ClassName=Fan1 Member=Component R58_1 (R58) 220
Added Member To Class: ClassName=Fan2 Member=Component R58_2 (R58) 220
Added Member To Class: ClassName=Fan1 Member=Component R59_1 (R59) 10
Added Member To Class: ClassName=Fan2 Member=Component R59_2 (R59) 10
Added Member To Class: ClassName=U_MCU Member=Component R60 10K
Added Member To Class: ClassName=Fan1 Member=Component R61_1 (R61) 10K
Added Member To Class: ClassName=Fan2 Member=Component R61_2 (R61) 10K
Added Member To Class: ClassName=U_MCU Member=Component R62 10K
Added Member To Class: ClassName=U_MCU Member=Component R63 10K
Added Member To Class: ClassName=U_MCU Member=Component R64 10K
Added Member To Class: ClassName=U_BMS Member=Component R65 10
Added Member To Class: ClassName=U_relay and contactor Member=Component R? 2.7K
Added Member To Class: ClassName=U_MCU Member=Component RST1 Reset
Added Member To Class: ClassName=U_MCU Member=Component SWD1
Added Member To Class: ClassName=U_MCU Member=Component SWH 1571983-4
Added Member To Class: ClassName=U_MCU Member=Component SWL 1571983-4
Added Member To Class: ClassName=U_BMS Member=Component T1 NTC
Added Member To Class: ClassName=U_BMS Member=Component T2 NTC
Added Member To Class: ClassName=U_BMS Member=Component T3 NTC
Added Member To Class: ClassName=U_BMS Member=Component T4 NTC
Added Member To Class: ClassName=U_BMS Member=Component T5 NTC
Added Member To Class: ClassName=U_BMS Member=Component T6 NTC
Added Member To Class: ClassName=U_MCU Member=Component T7 NTC
Added Member To Class: ClassName=U_MCU Member=Component T8 NTC
Added Member To Class: ClassName=U_MCU Member=Component T9 NTC
Added Member To Class: ClassName=U_MCU Member=Component T10 NTC
Added Member To Class: ClassName=U_BMS Member=Component TP1 TESTPOINT
Added Member To Class: ClassName=U_BMS Member=Component TP2 TESTPOINT
Added Member To Class: ClassName=U_BMS Member=Component TP3 TESTPOINT
Added Member To Class: ClassName=U_BMS Member=Component TP4 TESTPOINT
Added Member To Class: ClassName=U_BMS Member=Component TP5 TESTPOINT
Added Member To Class: ClassName=U_BMS Member=Component TP6 TESTPOINT
Added Member To Class: ClassName=U_BMS Member=Component TP7 TESTPOINT
Added Member To Class: ClassName=U_MCU Member=Component U1 STM32F103C8T6
Added Member To Class: ClassName=U_BMS Member=Component U2 bq76952PFBT
Added Member To Class: ClassName=U_BMS Member=Component U3 NCV1117DT33G
Added Member To Class: ClassName=U_Communication Member=Component U4 NCV1117ST50T3G
Added Member To Class: ClassName=U_Communication Member=Component U5 ISO1050DUBR
Added Member To Class: ClassName=U_relay and contactor Member=Component U6 PC817
Added Member To Class: ClassName=Fan1 Member=Component U8_1 (U8) PC817
Added Member To Class: ClassName=Fan2 Member=Component U8_2 (U8) PC817
Added Member To Class: ClassName=U_MCU Member=Component Y1 XTAL
Added Member To Class: ClassName=U_Communication Member=Component Z1 SZ1SMA10CAT3G
