Added Component: Designator=C25_1(CAPC0603)
Add component (AddParameter): Name = "LatestRevisionDate"; Value = "17-Jul-2002"; VariantName = "[No Variations]"
Add component (AddParameter): Name = "LatestRevisionNote"; Value = "Re-released for DXP Platform."; VariantName = "[No Variations]"
Add component (AddParameter): Name = "PackageReference"; Value = "C0805"; VariantName = "[No Variations]"
Add component (AddParameter): Name = "Published"; Value = "8-Jun-2000"; VariantName = "[No Variations]"
Add component (AddParameter): Name = "Publisher"; Value = "Altium Limited"; VariantName = "[No Variations]"
Add component (AddParameter): Name = "Value"; Value = "0.22µF"; VariantName = "[No Variations]"
Added Component: Designator=C25_2(CAPC0603)
Add component (AddParameter): Name = "LatestRevisionDate"; Value = "17-Jul-2002"; VariantName = "[No Variations]"
Add component (AddParameter): Name = "LatestRevisionNote"; Value = "Re-released for DXP Platform."; VariantName = "[No Variations]"
Add component (AddParameter): Name = "PackageReference"; Value = "C0805"; VariantName = "[No Variations]"
Add component (AddParameter): Name = "Published"; Value = "8-Jun-2000"; VariantName = "[No Variations]"
Add component (AddParameter): Name = "Publisher"; Value = "Altium Limited"; VariantName = "[No Variations]"
Add component (AddParameter): Name = "Value"; Value = "0.22µF"; VariantName = "[No Variations]"
Added Component: Designator=C25_3(CAPC0603)
Add component (AddParameter): Name = "LatestRevisionDate"; Value = "17-Jul-2002"; VariantName = "[No Variations]"
Add component (AddParameter): Name = "LatestRevisionNote"; Value = "Re-released for DXP Platform."; VariantName = "[No Variations]"
Add component (AddParameter): Name = "PackageReference"; Value = "C0805"; VariantName = "[No Variations]"
Add component (AddParameter): Name = "Published"; Value = "8-Jun-2000"; VariantName = "[No Variations]"
Add component (AddParameter): Name = "Publisher"; Value = "Altium Limited"; VariantName = "[No Variations]"
Add component (AddParameter): Name = "Value"; Value = "0.22µF"; VariantName = "[No Variations]"
Added Component: Designator=C25_4(CAPC0603)
Add component (AddParameter): Name = "LatestRevisionDate"; Value = "17-Jul-2002"; VariantName = "[No Variations]"
Add component (AddParameter): Name = "LatestRevisionNote"; Value = "Re-released for DXP Platform."; VariantName = "[No Variations]"
Add component (AddParameter): Name = "PackageReference"; Value = "C0805"; VariantName = "[No Variations]"
Add component (AddParameter): Name = "Published"; Value = "8-Jun-2000"; VariantName = "[No Variations]"
Add component (AddParameter): Name = "Publisher"; Value = "Altium Limited"; VariantName = "[No Variations]"
Add component (AddParameter): Name = "Value"; Value = "0.22µF"; VariantName = "[No Variations]"
Added Component: Designator=C25_5(CAPC0603)
Add component (AddParameter): Name = "LatestRevisionDate"; Value = "17-Jul-2002"; VariantName = "[No Variations]"
Add component (AddParameter): Name = "LatestRevisionNote"; Value = "Re-released for DXP Platform."; VariantName = "[No Variations]"
Add component (AddParameter): Name = "PackageReference"; Value = "C0805"; VariantName = "[No Variations]"
Add component (AddParameter): Name = "Published"; Value = "8-Jun-2000"; VariantName = "[No Variations]"
Add component (AddParameter): Name = "Publisher"; Value = "Altium Limited"; VariantName = "[No Variations]"
Add component (AddParameter): Name = "Value"; Value = "0.22µF"; VariantName = "[No Variations]"
Added Component: Designator=C25_6(CAPC0603)
Add component (AddParameter): Name = "LatestRevisionDate"; Value = "17-Jul-2002"; VariantName = "[No Variations]"
Add component (AddParameter): Name = "LatestRevisionNote"; Value = "Re-released for DXP Platform."; VariantName = "[No Variations]"
Add component (AddParameter): Name = "PackageReference"; Value = "C0805"; VariantName = "[No Variations]"
Add component (AddParameter): Name = "Published"; Value = "8-Jun-2000"; VariantName = "[No Variations]"
Add component (AddParameter): Name = "Publisher"; Value = "Altium Limited"; VariantName = "[No Variations]"
Add component (AddParameter): Name = "Value"; Value = "0.22µF"; VariantName = "[No Variations]"
Added Component: Designator=C25_7(CAPC0603)
Add component (AddParameter): Name = "LatestRevisionDate"; Value = "17-Jul-2002"; VariantName = "[No Variations]"
Add component (AddParameter): Name = "LatestRevisionNote"; Value = "Re-released for DXP Platform."; VariantName = "[No Variations]"
Add component (AddParameter): Name = "PackageReference"; Value = "C0805"; VariantName = "[No Variations]"
Add component (AddParameter): Name = "Published"; Value = "8-Jun-2000"; VariantName = "[No Variations]"
Add component (AddParameter): Name = "Publisher"; Value = "Altium Limited"; VariantName = "[No Variations]"
Add component (AddParameter): Name = "Value"; Value = "0.22µF"; VariantName = "[No Variations]"
Added Component: Designator=C25_8(CAPC0603)
Add component (AddParameter): Name = "LatestRevisionDate"; Value = "17-Jul-2002"; VariantName = "[No Variations]"
Add component (AddParameter): Name = "LatestRevisionNote"; Value = "Re-released for DXP Platform."; VariantName = "[No Variations]"
Add component (AddParameter): Name = "PackageReference"; Value = "C0805"; VariantName = "[No Variations]"
Add component (AddParameter): Name = "Published"; Value = "8-Jun-2000"; VariantName = "[No Variations]"
Add component (AddParameter): Name = "Publisher"; Value = "Altium Limited"; VariantName = "[No Variations]"
Add component (AddParameter): Name = "Value"; Value = "0.22µF"; VariantName = "[No Variations]"
Added Component: Designator=C25_9(CAPC0603)
Add component (AddParameter): Name = "LatestRevisionDate"; Value = "17-Jul-2002"; VariantName = "[No Variations]"
Add component (AddParameter): Name = "LatestRevisionNote"; Value = "Re-released for DXP Platform."; VariantName = "[No Variations]"
Add component (AddParameter): Name = "PackageReference"; Value = "C0805"; VariantName = "[No Variations]"
Add component (AddParameter): Name = "Published"; Value = "8-Jun-2000"; VariantName = "[No Variations]"
Add component (AddParameter): Name = "Publisher"; Value = "Altium Limited"; VariantName = "[No Variations]"
Add component (AddParameter): Name = "Value"; Value = "0.22µF"; VariantName = "[No Variations]"
Added Component: Designator=C25_10(CAPC0603)
Add component (AddParameter): Name = "LatestRevisionDate"; Value = "17-Jul-2002"; VariantName = "[No Variations]"
Add component (AddParameter): Name = "LatestRevisionNote"; Value = "Re-released for DXP Platform."; VariantName = "[No Variations]"
Add component (AddParameter): Name = "PackageReference"; Value = "C0805"; VariantName = "[No Variations]"
Add component (AddParameter): Name = "Published"; Value = "8-Jun-2000"; VariantName = "[No Variations]"
Add component (AddParameter): Name = "Publisher"; Value = "Altium Limited"; VariantName = "[No Variations]"
Add component (AddParameter): Name = "Value"; Value = "0.22µF"; VariantName = "[No Variations]"
Added Component: Designator=C25_11(CAPC0603)
Add component (AddParameter): Name = "LatestRevisionDate"; Value = "17-Jul-2002"; VariantName = "[No Variations]"
Add component (AddParameter): Name = "LatestRevisionNote"; Value = "Re-released for DXP Platform."; VariantName = "[No Variations]"
Add component (AddParameter): Name = "PackageReference"; Value = "C0805"; VariantName = "[No Variations]"
Add component (AddParameter): Name = "Published"; Value = "8-Jun-2000"; VariantName = "[No Variations]"
Add component (AddParameter): Name = "Publisher"; Value = "Altium Limited"; VariantName = "[No Variations]"
Add component (AddParameter): Name = "Value"; Value = "0.22µF"; VariantName = "[No Variations]"
Added Component: Designator=C25_12(CAPC0603)
Add component (AddParameter): Name = "LatestRevisionDate"; Value = "17-Jul-2002"; VariantName = "[No Variations]"
Add component (AddParameter): Name = "LatestRevisionNote"; Value = "Re-released for DXP Platform."; VariantName = "[No Variations]"
Add component (AddParameter): Name = "PackageReference"; Value = "C0805"; VariantName = "[No Variations]"
Add component (AddParameter): Name = "Published"; Value = "8-Jun-2000"; VariantName = "[No Variations]"
Add component (AddParameter): Name = "Publisher"; Value = "Altium Limited"; VariantName = "[No Variations]"
Add component (AddParameter): Name = "Value"; Value = "0.22µF"; VariantName = "[No Variations]"
Added Component: Designator=C25_13(CAPC0603)
Add component (AddParameter): Name = "LatestRevisionDate"; Value = "17-Jul-2002"; VariantName = "[No Variations]"
Add component (AddParameter): Name = "LatestRevisionNote"; Value = "Re-released for DXP Platform."; VariantName = "[No Variations]"
Add component (AddParameter): Name = "PackageReference"; Value = "C0805"; VariantName = "[No Variations]"
Add component (AddParameter): Name = "Published"; Value = "8-Jun-2000"; VariantName = "[No Variations]"
Add component (AddParameter): Name = "Publisher"; Value = "Altium Limited"; VariantName = "[No Variations]"
Add component (AddParameter): Name = "Value"; Value = "0.22µF"; VariantName = "[No Variations]"
Added Component: Designator=C25_14(CAPC0603)
Add component (AddParameter): Name = "LatestRevisionDate"; Value = "17-Jul-2002"; VariantName = "[No Variations]"
Add component (AddParameter): Name = "LatestRevisionNote"; Value = "Re-released for DXP Platform."; VariantName = "[No Variations]"
Add component (AddParameter): Name = "PackageReference"; Value = "C0805"; VariantName = "[No Variations]"
Add component (AddParameter): Name = "Published"; Value = "8-Jun-2000"; VariantName = "[No Variations]"
Add component (AddParameter): Name = "Publisher"; Value = "Altium Limited"; VariantName = "[No Variations]"
Add component (AddParameter): Name = "Value"; Value = "0.22µF"; VariantName = "[No Variations]"
Added Component: Designator=C25_15(CAPC0603)
Add component (AddParameter): Name = "LatestRevisionDate"; Value = "17-Jul-2002"; VariantName = "[No Variations]"
Add component (AddParameter): Name = "LatestRevisionNote"; Value = "Re-released for DXP Platform."; VariantName = "[No Variations]"
Add component (AddParameter): Name = "PackageReference"; Value = "C0805"; VariantName = "[No Variations]"
Add component (AddParameter): Name = "Published"; Value = "8-Jun-2000"; VariantName = "[No Variations]"
Add component (AddParameter): Name = "Publisher"; Value = "Altium Limited"; VariantName = "[No Variations]"
Add component (AddParameter): Name = "Value"; Value = "0.22µF"; VariantName = "[No Variations]"
Added Component: Designator=C25_16(CAPC0603)
Add component (AddParameter): Name = "LatestRevisionDate"; Value = "17-Jul-2002"; VariantName = "[No Variations]"
Add component (AddParameter): Name = "LatestRevisionNote"; Value = "Re-released for DXP Platform."; VariantName = "[No Variations]"
Add component (AddParameter): Name = "PackageReference"; Value = "C0805"; VariantName = "[No Variations]"
Add component (AddParameter): Name = "Published"; Value = "8-Jun-2000"; VariantName = "[No Variations]"
Add component (AddParameter): Name = "Publisher"; Value = "Altium Limited"; VariantName = "[No Variations]"
Add component (AddParameter): Name = "Value"; Value = "0.22µF"; VariantName = "[No Variations]"
Added Component: Designator=D6_1(SMA)
Add component (AddParameter): Name = "Code_JEDEC"; Value = "DO-214-AA"; VariantName = "[No Variations]"
Add component (AddParameter): Name = "LatestRevisionDate"; Value = "17-Jul-2002"; VariantName = "[No Variations]"
Add component (AddParameter): Name = "LatestRevisionNote"; Value = "Re-released for DXP Platform."; VariantName = "[No Variations]"
Add component (AddParameter): Name = "PackageReference"; Value = "SMB"; VariantName = "[No Variations]"
Add component (AddParameter): Name = "Published"; Value = "8-Jun-2000"; VariantName = "[No Variations]"
Add component (AddParameter): Name = "Publisher"; Value = "Altium Limited"; VariantName = "[No Variations]"
Added Component: Designator=D6_2(SMA)
Add component (AddParameter): Name = "Code_JEDEC"; Value = "DO-214-AA"; VariantName = "[No Variations]"
Add component (AddParameter): Name = "LatestRevisionDate"; Value = "17-Jul-2002"; VariantName = "[No Variations]"
Add component (AddParameter): Name = "LatestRevisionNote"; Value = "Re-released for DXP Platform."; VariantName = "[No Variations]"
Add component (AddParameter): Name = "PackageReference"; Value = "SMB"; VariantName = "[No Variations]"
Add component (AddParameter): Name = "Published"; Value = "8-Jun-2000"; VariantName = "[No Variations]"
Add component (AddParameter): Name = "Publisher"; Value = "Altium Limited"; VariantName = "[No Variations]"
Added Component: Designator=FN1_1(HEADER1*2)
Added Component: Designator=FN1_2(HEADER1*2)
Added Component: Designator=Q2_1(dpak)
Add component (AddParameter): Name = "AEC Category"; Value = "Q101"; VariantName = "[No Variations]"
Add component (AddParameter): Name = "AEC Qualified"; Value = "?"; VariantName = "[No Variations]"
Add component (AddParameter): Name = "Alternate Manufacturer"; Value = ""; VariantName = "[No Variations]"
Add component (AddParameter): Name = "Alternate PartNumber"; Value = ""; VariantName = "[No Variations]"
Add component (AddParameter): Name = "ComponentLink1Description"; Value = "Datasheet link"; VariantName = "[No Variations]"
Add component (AddParameter): Name = "ComponentLink1URL"; Value = "http://www.nexperia.com/documents/data_sheet/BSR13_BSR14.pdf"; VariantName = "[No Variations]"
Add component (AddParameter): Name = "CompType"; Value = "BJT"; VariantName = "[No Variations]"
Add component (AddParameter): Name = "Green_EU RoHS"; Value = ""; VariantName = "[No Variations]"
Add component (AddParameter): Name = "Green_EU RoHS-2"; Value = ""; VariantName = "[No Variations]"
Add component (AddParameter): Name = "Green_Lifecycle"; Value = ""; VariantName = "[No Variations]"
Add component (AddParameter): Name = "Green_REACh"; Value = ""; VariantName = "[No Variations]"
Add component (AddParameter): Name = "HfeMax"; Value = "300"; VariantName = "[No Variations]"
Add component (AddParameter): Name = "IcRated_A"; Value = "0.8"; VariantName = "[No Variations]"
Add component (AddParameter): Name = "LatestRevisionDate"; Value = "2017-06-09"; VariantName = "[No Variations]"
Add component (AddParameter): Name = "Manufacturer"; Value = "Nexperia"; VariantName = "[No Variations]"
Add component (AddParameter): Name = "MountType"; Value = "SMT"; VariantName = "[No Variations]"
Add component (AddParameter): Name = "NPN"; Value = "1"; VariantName = "[No Variations]"
Add component (AddParameter): Name = "PackageReference"; Value = "SOT-23"; VariantName = "[No Variations]"
Add component (AddParameter): Name = "PartNumber"; Value = "BSR14"; VariantName = "[No Variations]"
Add component (AddParameter): Name = "PNP"; Value = "0"; VariantName = "[No Variations]"
Add component (AddParameter): Name = "Published"; Value = "2008-07-31"; VariantName = "[No Variations]"
Add component (AddParameter): Name = "Publisher"; Value = "Texas Instruments"; VariantName = "[No Variations]"
Add component (AddParameter): Name = "RoHS"; Value = "Y"; VariantName = "[No Variations]"
Add component (AddParameter): Name = "SizeArea_mm2"; Value = "7.5"; VariantName = "[No Variations]"
Add component (AddParameter): Name = "SizeAreaWB_mm2"; Value = "14"; VariantName = "[No Variations]"
Add component (AddParameter): Name = "SizeX_mm"; Value = "2.5"; VariantName = "[No Variations]"
Add component (AddParameter): Name = "SizeY_mm"; Value = "3"; VariantName = "[No Variations]"
Add component (AddParameter): Name = "SizeZ_mm"; Value = "1.1"; VariantName = "[No Variations]"
Add component (AddParameter): Name = "Supplier 1"; Value = "Digi-Key"; VariantName = "[No Variations]"
Add component (AddParameter): Name = "Supplier 2"; Value = ""; VariantName = "[No Variations]"
Add component (AddParameter): Name = "Supplier 3"; Value = ""; VariantName = "[No Variations]"
Add component (AddParameter): Name = "Supplier Part Number 1"; Value = "568-6225-1-ND"; VariantName = "[No Variations]"
Add component (AddParameter): Name = "Supplier Part Number 2"; Value = ""; VariantName = "[No Variations]"
Add component (AddParameter): Name = "Supplier Part Number 3"; Value = ""; VariantName = "[No Variations]"
Add component (AddParameter): Name = "SymbolVersion"; Value = "2008-07-31"; VariantName = "[No Variations]"
Add component (AddParameter): Name = "TaMax_C"; Value = "150"; VariantName = "[No Variations]"
Add component (AddParameter): Name = "TaMin_C"; Value = "-65"; VariantName = "[No Variations]"
Add component (AddParameter): Name = "U/M"; Value = "EA"; VariantName = "[No Variations]"
Add component (AddParameter): Name = "Value"; Value = "40 V"; VariantName = "[No Variations]"
Add component (AddParameter): Name = "Value1"; Value = "0.8 A"; VariantName = "[No Variations]"
Add component (AddParameter): Name = "Value2"; Value = "300"; VariantName = "[No Variations]"
Add component (AddParameter): Name = "Vceo_V"; Value = "40"; VariantName = "[No Variations]"
Add component (AddParameter): Name = "Vcesat1_V"; Value = "0.3"; VariantName = "[No Variations]"
Added Component: Designator=Q2_2(dpak)
Add component (AddParameter): Name = "AEC Category"; Value = "Q101"; VariantName = "[No Variations]"
Add component (AddParameter): Name = "AEC Qualified"; Value = "?"; VariantName = "[No Variations]"
Add component (AddParameter): Name = "Alternate Manufacturer"; Value = ""; VariantName = "[No Variations]"
Add component (AddParameter): Name = "Alternate PartNumber"; Value = ""; VariantName = "[No Variations]"
Add component (AddParameter): Name = "ComponentLink1Description"; Value = "Datasheet link"; VariantName = "[No Variations]"
Add component (AddParameter): Name = "ComponentLink1URL"; Value = "http://www.nexperia.com/documents/data_sheet/BSR13_BSR14.pdf"; VariantName = "[No Variations]"
Add component (AddParameter): Name = "CompType"; Value = "BJT"; VariantName = "[No Variations]"
Add component (AddParameter): Name = "Green_EU RoHS"; Value = ""; VariantName = "[No Variations]"
Add component (AddParameter): Name = "Green_EU RoHS-2"; Value = ""; VariantName = "[No Variations]"
Add component (AddParameter): Name = "Green_Lifecycle"; Value = ""; VariantName = "[No Variations]"
Add component (AddParameter): Name = "Green_REACh"; Value = ""; VariantName = "[No Variations]"
Add component (AddParameter): Name = "HfeMax"; Value = "300"; VariantName = "[No Variations]"
Add component (AddParameter): Name = "IcRated_A"; Value = "0.8"; VariantName = "[No Variations]"
Add component (AddParameter): Name = "LatestRevisionDate"; Value = "2017-06-09"; VariantName = "[No Variations]"
Add component (AddParameter): Name = "Manufacturer"; Value = "Nexperia"; VariantName = "[No Variations]"
Add component (AddParameter): Name = "MountType"; Value = "SMT"; VariantName = "[No Variations]"
Add component (AddParameter): Name = "NPN"; Value = "1"; VariantName = "[No Variations]"
Add component (AddParameter): Name = "PackageReference"; Value = "SOT-23"; VariantName = "[No Variations]"
Add component (AddParameter): Name = "PartNumber"; Value = "BSR14"; VariantName = "[No Variations]"
Add component (AddParameter): Name = "PNP"; Value = "0"; VariantName = "[No Variations]"
Add component (AddParameter): Name = "Published"; Value = "2008-07-31"; VariantName = "[No Variations]"
Add component (AddParameter): Name = "Publisher"; Value = "Texas Instruments"; VariantName = "[No Variations]"
Add component (AddParameter): Name = "RoHS"; Value = "Y"; VariantName = "[No Variations]"
Add component (AddParameter): Name = "SizeArea_mm2"; Value = "7.5"; VariantName = "[No Variations]"
Add component (AddParameter): Name = "SizeAreaWB_mm2"; Value = "14"; VariantName = "[No Variations]"
Add component (AddParameter): Name = "SizeX_mm"; Value = "2.5"; VariantName = "[No Variations]"
Add component (AddParameter): Name = "SizeY_mm"; Value = "3"; VariantName = "[No Variations]"
Add component (AddParameter): Name = "SizeZ_mm"; Value = "1.1"; VariantName = "[No Variations]"
Add component (AddParameter): Name = "Supplier 1"; Value = "Digi-Key"; VariantName = "[No Variations]"
Add component (AddParameter): Name = "Supplier 2"; Value = ""; VariantName = "[No Variations]"
Add component (AddParameter): Name = "Supplier 3"; Value = ""; VariantName = "[No Variations]"
Add component (AddParameter): Name = "Supplier Part Number 1"; Value = "568-6225-1-ND"; VariantName = "[No Variations]"
Add component (AddParameter): Name = "Supplier Part Number 2"; Value = ""; VariantName = "[No Variations]"
Add component (AddParameter): Name = "Supplier Part Number 3"; Value = ""; VariantName = "[No Variations]"
Add component (AddParameter): Name = "SymbolVersion"; Value = "2008-07-31"; VariantName = "[No Variations]"
Add component (AddParameter): Name = "TaMax_C"; Value = "150"; VariantName = "[No Variations]"
Add component (AddParameter): Name = "TaMin_C"; Value = "-65"; VariantName = "[No Variations]"
Add component (AddParameter): Name = "U/M"; Value = "EA"; VariantName = "[No Variations]"
Add component (AddParameter): Name = "Value"; Value = "40 V"; VariantName = "[No Variations]"
Add component (AddParameter): Name = "Value1"; Value = "0.8 A"; VariantName = "[No Variations]"
Add component (AddParameter): Name = "Value2"; Value = "300"; VariantName = "[No Variations]"
Add component (AddParameter): Name = "Vceo_V"; Value = "40"; VariantName = "[No Variations]"
Add component (AddParameter): Name = "Vcesat1_V"; Value = "0.3"; VariantName = "[No Variations]"
Added Component: Designator=Q2_3(dpak)
Add component (AddParameter): Name = "AEC Category"; Value = "Q101"; VariantName = "[No Variations]"
Add component (AddParameter): Name = "AEC Qualified"; Value = "?"; VariantName = "[No Variations]"
Add component (AddParameter): Name = "Alternate Manufacturer"; Value = ""; VariantName = "[No Variations]"
Add component (AddParameter): Name = "Alternate PartNumber"; Value = ""; VariantName = "[No Variations]"
Add component (AddParameter): Name = "ComponentLink1Description"; Value = "Datasheet link"; VariantName = "[No Variations]"
Add component (AddParameter): Name = "ComponentLink1URL"; Value = "http://www.nexperia.com/documents/data_sheet/BSR13_BSR14.pdf"; VariantName = "[No Variations]"
Add component (AddParameter): Name = "CompType"; Value = "BJT"; VariantName = "[No Variations]"
Add component (AddParameter): Name = "Green_EU RoHS"; Value = ""; VariantName = "[No Variations]"
Add component (AddParameter): Name = "Green_EU RoHS-2"; Value = ""; VariantName = "[No Variations]"
Add component (AddParameter): Name = "Green_Lifecycle"; Value = ""; VariantName = "[No Variations]"
Add component (AddParameter): Name = "Green_REACh"; Value = ""; VariantName = "[No Variations]"
Add component (AddParameter): Name = "HfeMax"; Value = "300"; VariantName = "[No Variations]"
Add component (AddParameter): Name = "IcRated_A"; Value = "0.8"; VariantName = "[No Variations]"
Add component (AddParameter): Name = "LatestRevisionDate"; Value = "2017-06-09"; VariantName = "[No Variations]"
Add component (AddParameter): Name = "Manufacturer"; Value = "Nexperia"; VariantName = "[No Variations]"
Add component (AddParameter): Name = "MountType"; Value = "SMT"; VariantName = "[No Variations]"
Add component (AddParameter): Name = "NPN"; Value = "1"; VariantName = "[No Variations]"
Add component (AddParameter): Name = "PackageReference"; Value = "SOT-23"; VariantName = "[No Variations]"
Add component (AddParameter): Name = "PartNumber"; Value = "BSR14"; VariantName = "[No Variations]"
Add component (AddParameter): Name = "PNP"; Value = "0"; VariantName = "[No Variations]"
Add component (AddParameter): Name = "Published"; Value = "2008-07-31"; VariantName = "[No Variations]"
Add component (AddParameter): Name = "Publisher"; Value = "Texas Instruments"; VariantName = "[No Variations]"
Add component (AddParameter): Name = "RoHS"; Value = "Y"; VariantName = "[No Variations]"
Add component (AddParameter): Name = "SizeArea_mm2"; Value = "7.5"; VariantName = "[No Variations]"
Add component (AddParameter): Name = "SizeAreaWB_mm2"; Value = "14"; VariantName = "[No Variations]"
Add component (AddParameter): Name = "SizeX_mm"; Value = "2.5"; VariantName = "[No Variations]"
Add component (AddParameter): Name = "SizeY_mm"; Value = "3"; VariantName = "[No Variations]"
Add component (AddParameter): Name = "SizeZ_mm"; Value = "1.1"; VariantName = "[No Variations]"
Add component (AddParameter): Name = "Supplier 1"; Value = "Digi-Key"; VariantName = "[No Variations]"
Add component (AddParameter): Name = "Supplier 2"; Value = ""; VariantName = "[No Variations]"
Add component (AddParameter): Name = "Supplier 3"; Value = ""; VariantName = "[No Variations]"
Add component (AddParameter): Name = "Supplier Part Number 1"; Value = "568-6225-1-ND"; VariantName = "[No Variations]"
Add component (AddParameter): Name = "Supplier Part Number 2"; Value = ""; VariantName = "[No Variations]"
Add component (AddParameter): Name = "Supplier Part Number 3"; Value = ""; VariantName = "[No Variations]"
Add component (AddParameter): Name = "SymbolVersion"; Value = "2008-07-31"; VariantName = "[No Variations]"
Add component (AddParameter): Name = "TaMax_C"; Value = "150"; VariantName = "[No Variations]"
Add component (AddParameter): Name = "TaMin_C"; Value = "-65"; VariantName = "[No Variations]"
Add component (AddParameter): Name = "U/M"; Value = "EA"; VariantName = "[No Variations]"
Add component (AddParameter): Name = "Value"; Value = "40 V"; VariantName = "[No Variations]"
Add component (AddParameter): Name = "Value1"; Value = "0.8 A"; VariantName = "[No Variations]"
Add component (AddParameter): Name = "Value2"; Value = "300"; VariantName = "[No Variations]"
Add component (AddParameter): Name = "Vceo_V"; Value = "40"; VariantName = "[No Variations]"
Add component (AddParameter): Name = "Vcesat1_V"; Value = "0.3"; VariantName = "[No Variations]"
Added Component: Designator=Q2_4(dpak)
Add component (AddParameter): Name = "AEC Category"; Value = "Q101"; VariantName = "[No Variations]"
Add component (AddParameter): Name = "AEC Qualified"; Value = "?"; VariantName = "[No Variations]"
Add component (AddParameter): Name = "Alternate Manufacturer"; Value = ""; VariantName = "[No Variations]"
Add component (AddParameter): Name = "Alternate PartNumber"; Value = ""; VariantName = "[No Variations]"
Add component (AddParameter): Name = "ComponentLink1Description"; Value = "Datasheet link"; VariantName = "[No Variations]"
Add component (AddParameter): Name = "ComponentLink1URL"; Value = "http://www.nexperia.com/documents/data_sheet/BSR13_BSR14.pdf"; VariantName = "[No Variations]"
Add component (AddParameter): Name = "CompType"; Value = "BJT"; VariantName = "[No Variations]"
Add component (AddParameter): Name = "Green_EU RoHS"; Value = ""; VariantName = "[No Variations]"
Add component (AddParameter): Name = "Green_EU RoHS-2"; Value = ""; VariantName = "[No Variations]"
Add component (AddParameter): Name = "Green_Lifecycle"; Value = ""; VariantName = "[No Variations]"
Add component (AddParameter): Name = "Green_REACh"; Value = ""; VariantName = "[No Variations]"
Add component (AddParameter): Name = "HfeMax"; Value = "300"; VariantName = "[No Variations]"
Add component (AddParameter): Name = "IcRated_A"; Value = "0.8"; VariantName = "[No Variations]"
Add component (AddParameter): Name = "LatestRevisionDate"; Value = "2017-06-09"; VariantName = "[No Variations]"
Add component (AddParameter): Name = "Manufacturer"; Value = "Nexperia"; VariantName = "[No Variations]"
Add component (AddParameter): Name = "MountType"; Value = "SMT"; VariantName = "[No Variations]"
Add component (AddParameter): Name = "NPN"; Value = "1"; VariantName = "[No Variations]"
Add component (AddParameter): Name = "PackageReference"; Value = "SOT-23"; VariantName = "[No Variations]"
Add component (AddParameter): Name = "PartNumber"; Value = "BSR14"; VariantName = "[No Variations]"
Add component (AddParameter): Name = "PNP"; Value = "0"; VariantName = "[No Variations]"
Add component (AddParameter): Name = "Published"; Value = "2008-07-31"; VariantName = "[No Variations]"
Add component (AddParameter): Name = "Publisher"; Value = "Texas Instruments"; VariantName = "[No Variations]"
Add component (AddParameter): Name = "RoHS"; Value = "Y"; VariantName = "[No Variations]"
Add component (AddParameter): Name = "SizeArea_mm2"; Value = "7.5"; VariantName = "[No Variations]"
Add component (AddParameter): Name = "SizeAreaWB_mm2"; Value = "14"; VariantName = "[No Variations]"
Add component (AddParameter): Name = "SizeX_mm"; Value = "2.5"; VariantName = "[No Variations]"
Add component (AddParameter): Name = "SizeY_mm"; Value = "3"; VariantName = "[No Variations]"
Add component (AddParameter): Name = "SizeZ_mm"; Value = "1.1"; VariantName = "[No Variations]"
Add component (AddParameter): Name = "Supplier 1"; Value = "Digi-Key"; VariantName = "[No Variations]"
Add component (AddParameter): Name = "Supplier 2"; Value = ""; VariantName = "[No Variations]"
Add component (AddParameter): Name = "Supplier 3"; Value = ""; VariantName = "[No Variations]"
Add component (AddParameter): Name = "Supplier Part Number 1"; Value = "568-6225-1-ND"; VariantName = "[No Variations]"
Add component (AddParameter): Name = "Supplier Part Number 2"; Value = ""; VariantName = "[No Variations]"
Add component (AddParameter): Name = "Supplier Part Number 3"; Value = ""; VariantName = "[No Variations]"
Add component (AddParameter): Name = "SymbolVersion"; Value = "2008-07-31"; VariantName = "[No Variations]"
Add component (AddParameter): Name = "TaMax_C"; Value = "150"; VariantName = "[No Variations]"
Add component (AddParameter): Name = "TaMin_C"; Value = "-65"; VariantName = "[No Variations]"
Add component (AddParameter): Name = "U/M"; Value = "EA"; VariantName = "[No Variations]"
Add component (AddParameter): Name = "Value"; Value = "40 V"; VariantName = "[No Variations]"
Add component (AddParameter): Name = "Value1"; Value = "0.8 A"; VariantName = "[No Variations]"
Add component (AddParameter): Name = "Value2"; Value = "300"; VariantName = "[No Variations]"
Add component (AddParameter): Name = "Vceo_V"; Value = "40"; VariantName = "[No Variations]"
Add component (AddParameter): Name = "Vcesat1_V"; Value = "0.3"; VariantName = "[No Variations]"
Added Component: Designator=Q2_5(dpak)
Add component (AddParameter): Name = "AEC Category"; Value = "Q101"; VariantName = "[No Variations]"
Add component (AddParameter): Name = "AEC Qualified"; Value = "?"; VariantName = "[No Variations]"
Add component (AddParameter): Name = "Alternate Manufacturer"; Value = ""; VariantName = "[No Variations]"
Add component (AddParameter): Name = "Alternate PartNumber"; Value = ""; VariantName = "[No Variations]"
Add component (AddParameter): Name = "ComponentLink1Description"; Value = "Datasheet link"; VariantName = "[No Variations]"
Add component (AddParameter): Name = "ComponentLink1URL"; Value = "http://www.nexperia.com/documents/data_sheet/BSR13_BSR14.pdf"; VariantName = "[No Variations]"
Add component (AddParameter): Name = "CompType"; Value = "BJT"; VariantName = "[No Variations]"
Add component (AddParameter): Name = "Green_EU RoHS"; Value = ""; VariantName = "[No Variations]"
Add component (AddParameter): Name = "Green_EU RoHS-2"; Value = ""; VariantName = "[No Variations]"
Add component (AddParameter): Name = "Green_Lifecycle"; Value = ""; VariantName = "[No Variations]"
Add component (AddParameter): Name = "Green_REACh"; Value = ""; VariantName = "[No Variations]"
Add component (AddParameter): Name = "HfeMax"; Value = "300"; VariantName = "[No Variations]"
Add component (AddParameter): Name = "IcRated_A"; Value = "0.8"; VariantName = "[No Variations]"
Add component (AddParameter): Name = "LatestRevisionDate"; Value = "2017-06-09"; VariantName = "[No Variations]"
Add component (AddParameter): Name = "Manufacturer"; Value = "Nexperia"; VariantName = "[No Variations]"
Add component (AddParameter): Name = "MountType"; Value = "SMT"; VariantName = "[No Variations]"
Add component (AddParameter): Name = "NPN"; Value = "1"; VariantName = "[No Variations]"
Add component (AddParameter): Name = "PackageReference"; Value = "SOT-23"; VariantName = "[No Variations]"
Add component (AddParameter): Name = "PartNumber"; Value = "BSR14"; VariantName = "[No Variations]"
Add component (AddParameter): Name = "PNP"; Value = "0"; VariantName = "[No Variations]"
Add component (AddParameter): Name = "Published"; Value = "2008-07-31"; VariantName = "[No Variations]"
Add component (AddParameter): Name = "Publisher"; Value = "Texas Instruments"; VariantName = "[No Variations]"
Add component (AddParameter): Name = "RoHS"; Value = "Y"; VariantName = "[No Variations]"
Add component (AddParameter): Name = "SizeArea_mm2"; Value = "7.5"; VariantName = "[No Variations]"
Add component (AddParameter): Name = "SizeAreaWB_mm2"; Value = "14"; VariantName = "[No Variations]"
Add component (AddParameter): Name = "SizeX_mm"; Value = "2.5"; VariantName = "[No Variations]"
Add component (AddParameter): Name = "SizeY_mm"; Value = "3"; VariantName = "[No Variations]"
Add component (AddParameter): Name = "SizeZ_mm"; Value = "1.1"; VariantName = "[No Variations]"
Add component (AddParameter): Name = "Supplier 1"; Value = "Digi-Key"; VariantName = "[No Variations]"
Add component (AddParameter): Name = "Supplier 2"; Value = ""; VariantName = "[No Variations]"
Add component (AddParameter): Name = "Supplier 3"; Value = ""; VariantName = "[No Variations]"
Add component (AddParameter): Name = "Supplier Part Number 1"; Value = "568-6225-1-ND"; VariantName = "[No Variations]"
Add component (AddParameter): Name = "Supplier Part Number 2"; Value = ""; VariantName = "[No Variations]"
Add component (AddParameter): Name = "Supplier Part Number 3"; Value = ""; VariantName = "[No Variations]"
Add component (AddParameter): Name = "SymbolVersion"; Value = "2008-07-31"; VariantName = "[No Variations]"
Add component (AddParameter): Name = "TaMax_C"; Value = "150"; VariantName = "[No Variations]"
Add component (AddParameter): Name = "TaMin_C"; Value = "-65"; VariantName = "[No Variations]"
Add component (AddParameter): Name = "U/M"; Value = "EA"; VariantName = "[No Variations]"
Add component (AddParameter): Name = "Value"; Value = "40 V"; VariantName = "[No Variations]"
Add component (AddParameter): Name = "Value1"; Value = "0.8 A"; VariantName = "[No Variations]"
Add component (AddParameter): Name = "Value2"; Value = "300"; VariantName = "[No Variations]"
Add component (AddParameter): Name = "Vceo_V"; Value = "40"; VariantName = "[No Variations]"
Add component (AddParameter): Name = "Vcesat1_V"; Value = "0.3"; VariantName = "[No Variations]"
Added Component: Designator=Q2_6(dpak)
Add component (AddParameter): Name = "AEC Category"; Value = "Q101"; VariantName = "[No Variations]"
Add component (AddParameter): Name = "AEC Qualified"; Value = "?"; VariantName = "[No Variations]"
Add component (AddParameter): Name = "Alternate Manufacturer"; Value = ""; VariantName = "[No Variations]"
Add component (AddParameter): Name = "Alternate PartNumber"; Value = ""; VariantName = "[No Variations]"
Add component (AddParameter): Name = "ComponentLink1Description"; Value = "Datasheet link"; VariantName = "[No Variations]"
Add component (AddParameter): Name = "ComponentLink1URL"; Value = "http://www.nexperia.com/documents/data_sheet/BSR13_BSR14.pdf"; VariantName = "[No Variations]"
Add component (AddParameter): Name = "CompType"; Value = "BJT"; VariantName = "[No Variations]"
Add component (AddParameter): Name = "Green_EU RoHS"; Value = ""; VariantName = "[No Variations]"
Add component (AddParameter): Name = "Green_EU RoHS-2"; Value = ""; VariantName = "[No Variations]"
Add component (AddParameter): Name = "Green_Lifecycle"; Value = ""; VariantName = "[No Variations]"
Add component (AddParameter): Name = "Green_REACh"; Value = ""; VariantName = "[No Variations]"
Add component (AddParameter): Name = "HfeMax"; Value = "300"; VariantName = "[No Variations]"
Add component (AddParameter): Name = "IcRated_A"; Value = "0.8"; VariantName = "[No Variations]"
Add component (AddParameter): Name = "LatestRevisionDate"; Value = "2017-06-09"; VariantName = "[No Variations]"
Add component (AddParameter): Name = "Manufacturer"; Value = "Nexperia"; VariantName = "[No Variations]"
Add component (AddParameter): Name = "MountType"; Value = "SMT"; VariantName = "[No Variations]"
Add component (AddParameter): Name = "NPN"; Value = "1"; VariantName = "[No Variations]"
Add component (AddParameter): Name = "PackageReference"; Value = "SOT-23"; VariantName = "[No Variations]"
Add component (AddParameter): Name = "PartNumber"; Value = "BSR14"; VariantName = "[No Variations]"
Add component (AddParameter): Name = "PNP"; Value = "0"; VariantName = "[No Variations]"
Add component (AddParameter): Name = "Published"; Value = "2008-07-31"; VariantName = "[No Variations]"
Add component (AddParameter): Name = "Publisher"; Value = "Texas Instruments"; VariantName = "[No Variations]"
Add component (AddParameter): Name = "RoHS"; Value = "Y"; VariantName = "[No Variations]"
Add component (AddParameter): Name = "SizeArea_mm2"; Value = "7.5"; VariantName = "[No Variations]"
Add component (AddParameter): Name = "SizeAreaWB_mm2"; Value = "14"; VariantName = "[No Variations]"
Add component (AddParameter): Name = "SizeX_mm"; Value = "2.5"; VariantName = "[No Variations]"
Add component (AddParameter): Name = "SizeY_mm"; Value = "3"; VariantName = "[No Variations]"
Add component (AddParameter): Name = "SizeZ_mm"; Value = "1.1"; VariantName = "[No Variations]"
Add component (AddParameter): Name = "Supplier 1"; Value = "Digi-Key"; VariantName = "[No Variations]"
Add component (AddParameter): Name = "Supplier 2"; Value = ""; VariantName = "[No Variations]"
Add component (AddParameter): Name = "Supplier 3"; Value = ""; VariantName = "[No Variations]"
Add component (AddParameter): Name = "Supplier Part Number 1"; Value = "568-6225-1-ND"; VariantName = "[No Variations]"
Add component (AddParameter): Name = "Supplier Part Number 2"; Value = ""; VariantName = "[No Variations]"
Add component (AddParameter): Name = "Supplier Part Number 3"; Value = ""; VariantName = "[No Variations]"
Add component (AddParameter): Name = "SymbolVersion"; Value = "2008-07-31"; VariantName = "[No Variations]"
Add component (AddParameter): Name = "TaMax_C"; Value = "150"; VariantName = "[No Variations]"
Add component (AddParameter): Name = "TaMin_C"; Value = "-65"; VariantName = "[No Variations]"
Add component (AddParameter): Name = "U/M"; Value = "EA"; VariantName = "[No Variations]"
Add component (AddParameter): Name = "Value"; Value = "40 V"; VariantName = "[No Variations]"
Add component (AddParameter): Name = "Value1"; Value = "0.8 A"; VariantName = "[No Variations]"
Add component (AddParameter): Name = "Value2"; Value = "300"; VariantName = "[No Variations]"
Add component (AddParameter): Name = "Vceo_V"; Value = "40"; VariantName = "[No Variations]"
Add component (AddParameter): Name = "Vcesat1_V"; Value = "0.3"; VariantName = "[No Variations]"
Added Component: Designator=Q2_7(dpak)
Add component (AddParameter): Name = "AEC Category"; Value = "Q101"; VariantName = "[No Variations]"
Add component (AddParameter): Name = "AEC Qualified"; Value = "?"; VariantName = "[No Variations]"
Add component (AddParameter): Name = "Alternate Manufacturer"; Value = ""; VariantName = "[No Variations]"
Add component (AddParameter): Name = "Alternate PartNumber"; Value = ""; VariantName = "[No Variations]"
Add component (AddParameter): Name = "ComponentLink1Description"; Value = "Datasheet link"; VariantName = "[No Variations]"
Add component (AddParameter): Name = "ComponentLink1URL"; Value = "http://www.nexperia.com/documents/data_sheet/BSR13_BSR14.pdf"; VariantName = "[No Variations]"
Add component (AddParameter): Name = "CompType"; Value = "BJT"; VariantName = "[No Variations]"
Add component (AddParameter): Name = "Green_EU RoHS"; Value = ""; VariantName = "[No Variations]"
Add component (AddParameter): Name = "Green_EU RoHS-2"; Value = ""; VariantName = "[No Variations]"
Add component (AddParameter): Name = "Green_Lifecycle"; Value = ""; VariantName = "[No Variations]"
Add component (AddParameter): Name = "Green_REACh"; Value = ""; VariantName = "[No Variations]"
Add component (AddParameter): Name = "HfeMax"; Value = "300"; VariantName = "[No Variations]"
Add component (AddParameter): Name = "IcRated_A"; Value = "0.8"; VariantName = "[No Variations]"
Add component (AddParameter): Name = "LatestRevisionDate"; Value = "2017-06-09"; VariantName = "[No Variations]"
Add component (AddParameter): Name = "Manufacturer"; Value = "Nexperia"; VariantName = "[No Variations]"
Add component (AddParameter): Name = "MountType"; Value = "SMT"; VariantName = "[No Variations]"
Add component (AddParameter): Name = "NPN"; Value = "1"; VariantName = "[No Variations]"
Add component (AddParameter): Name = "PackageReference"; Value = "SOT-23"; VariantName = "[No Variations]"
Add component (AddParameter): Name = "PartNumber"; Value = "BSR14"; VariantName = "[No Variations]"
Add component (AddParameter): Name = "PNP"; Value = "0"; VariantName = "[No Variations]"
Add component (AddParameter): Name = "Published"; Value = "2008-07-31"; VariantName = "[No Variations]"
Add component (AddParameter): Name = "Publisher"; Value = "Texas Instruments"; VariantName = "[No Variations]"
Add component (AddParameter): Name = "RoHS"; Value = "Y"; VariantName = "[No Variations]"
Add component (AddParameter): Name = "SizeArea_mm2"; Value = "7.5"; VariantName = "[No Variations]"
Add component (AddParameter): Name = "SizeAreaWB_mm2"; Value = "14"; VariantName = "[No Variations]"
Add component (AddParameter): Name = "SizeX_mm"; Value = "2.5"; VariantName = "[No Variations]"
Add component (AddParameter): Name = "SizeY_mm"; Value = "3"; VariantName = "[No Variations]"
Add component (AddParameter): Name = "SizeZ_mm"; Value = "1.1"; VariantName = "[No Variations]"
Add component (AddParameter): Name = "Supplier 1"; Value = "Digi-Key"; VariantName = "[No Variations]"
Add component (AddParameter): Name = "Supplier 2"; Value = ""; VariantName = "[No Variations]"
Add component (AddParameter): Name = "Supplier 3"; Value = ""; VariantName = "[No Variations]"
Add component (AddParameter): Name = "Supplier Part Number 1"; Value = "568-6225-1-ND"; VariantName = "[No Variations]"
Add component (AddParameter): Name = "Supplier Part Number 2"; Value = ""; VariantName = "[No Variations]"
Add component (AddParameter): Name = "Supplier Part Number 3"; Value = ""; VariantName = "[No Variations]"
Add component (AddParameter): Name = "SymbolVersion"; Value = "2008-07-31"; VariantName = "[No Variations]"
Add component (AddParameter): Name = "TaMax_C"; Value = "150"; VariantName = "[No Variations]"
Add component (AddParameter): Name = "TaMin_C"; Value = "-65"; VariantName = "[No Variations]"
Add component (AddParameter): Name = "U/M"; Value = "EA"; VariantName = "[No Variations]"
Add component (AddParameter): Name = "Value"; Value = "40 V"; VariantName = "[No Variations]"
Add component (AddParameter): Name = "Value1"; Value = "0.8 A"; VariantName = "[No Variations]"
Add component (AddParameter): Name = "Value2"; Value = "300"; VariantName = "[No Variations]"
Add component (AddParameter): Name = "Vceo_V"; Value = "40"; VariantName = "[No Variations]"
Add component (AddParameter): Name = "Vcesat1_V"; Value = "0.3"; VariantName = "[No Variations]"
Added Component: Designator=Q2_8(dpak)
Add component (AddParameter): Name = "AEC Category"; Value = "Q101"; VariantName = "[No Variations]"
Add component (AddParameter): Name = "AEC Qualified"; Value = "?"; VariantName = "[No Variations]"
Add component (AddParameter): Name = "Alternate Manufacturer"; Value = ""; VariantName = "[No Variations]"
Add component (AddParameter): Name = "Alternate PartNumber"; Value = ""; VariantName = "[No Variations]"
Add component (AddParameter): Name = "ComponentLink1Description"; Value = "Datasheet link"; VariantName = "[No Variations]"
Add component (AddParameter): Name = "ComponentLink1URL"; Value = "http://www.nexperia.com/documents/data_sheet/BSR13_BSR14.pdf"; VariantName = "[No Variations]"
Add component (AddParameter): Name = "CompType"; Value = "BJT"; VariantName = "[No Variations]"
Add component (AddParameter): Name = "Green_EU RoHS"; Value = ""; VariantName = "[No Variations]"
Add component (AddParameter): Name = "Green_EU RoHS-2"; Value = ""; VariantName = "[No Variations]"
Add component (AddParameter): Name = "Green_Lifecycle"; Value = ""; VariantName = "[No Variations]"
Add component (AddParameter): Name = "Green_REACh"; Value = ""; VariantName = "[No Variations]"
Add component (AddParameter): Name = "HfeMax"; Value = "300"; VariantName = "[No Variations]"
Add component (AddParameter): Name = "IcRated_A"; Value = "0.8"; VariantName = "[No Variations]"
Add component (AddParameter): Name = "LatestRevisionDate"; Value = "2017-06-09"; VariantName = "[No Variations]"
Add component (AddParameter): Name = "Manufacturer"; Value = "Nexperia"; VariantName = "[No Variations]"
Add component (AddParameter): Name = "MountType"; Value = "SMT"; VariantName = "[No Variations]"
Add component (AddParameter): Name = "NPN"; Value = "1"; VariantName = "[No Variations]"
Add component (AddParameter): Name = "PackageReference"; Value = "SOT-23"; VariantName = "[No Variations]"
Add component (AddParameter): Name = "PartNumber"; Value = "BSR14"; VariantName = "[No Variations]"
Add component (AddParameter): Name = "PNP"; Value = "0"; VariantName = "[No Variations]"
Add component (AddParameter): Name = "Published"; Value = "2008-07-31"; VariantName = "[No Variations]"
Add component (AddParameter): Name = "Publisher"; Value = "Texas Instruments"; VariantName = "[No Variations]"
Add component (AddParameter): Name = "RoHS"; Value = "Y"; VariantName = "[No Variations]"
Add component (AddParameter): Name = "SizeArea_mm2"; Value = "7.5"; VariantName = "[No Variations]"
Add component (AddParameter): Name = "SizeAreaWB_mm2"; Value = "14"; VariantName = "[No Variations]"
Add component (AddParameter): Name = "SizeX_mm"; Value = "2.5"; VariantName = "[No Variations]"
Add component (AddParameter): Name = "SizeY_mm"; Value = "3"; VariantName = "[No Variations]"
Add component (AddParameter): Name = "SizeZ_mm"; Value = "1.1"; VariantName = "[No Variations]"
Add component (AddParameter): Name = "Supplier 1"; Value = "Digi-Key"; VariantName = "[No Variations]"
Add component (AddParameter): Name = "Supplier 2"; Value = ""; VariantName = "[No Variations]"
Add component (AddParameter): Name = "Supplier 3"; Value = ""; VariantName = "[No Variations]"
Add component (AddParameter): Name = "Supplier Part Number 1"; Value = "568-6225-1-ND"; VariantName = "[No Variations]"
Add component (AddParameter): Name = "Supplier Part Number 2"; Value = ""; VariantName = "[No Variations]"
Add component (AddParameter): Name = "Supplier Part Number 3"; Value = ""; VariantName = "[No Variations]"
Add component (AddParameter): Name = "SymbolVersion"; Value = "2008-07-31"; VariantName = "[No Variations]"
Add component (AddParameter): Name = "TaMax_C"; Value = "150"; VariantName = "[No Variations]"
Add component (AddParameter): Name = "TaMin_C"; Value = "-65"; VariantName = "[No Variations]"
Add component (AddParameter): Name = "U/M"; Value = "EA"; VariantName = "[No Variations]"
Add component (AddParameter): Name = "Value"; Value = "40 V"; VariantName = "[No Variations]"
Add component (AddParameter): Name = "Value1"; Value = "0.8 A"; VariantName = "[No Variations]"
Add component (AddParameter): Name = "Value2"; Value = "300"; VariantName = "[No Variations]"
Add component (AddParameter): Name = "Vceo_V"; Value = "40"; VariantName = "[No Variations]"
Add component (AddParameter): Name = "Vcesat1_V"; Value = "0.3"; VariantName = "[No Variations]"
Added Component: Designator=Q2_9(dpak)
Add component (AddParameter): Name = "AEC Category"; Value = "Q101"; VariantName = "[No Variations]"
Add component (AddParameter): Name = "AEC Qualified"; Value = "?"; VariantName = "[No Variations]"
Add component (AddParameter): Name = "Alternate Manufacturer"; Value = ""; VariantName = "[No Variations]"
Add component (AddParameter): Name = "Alternate PartNumber"; Value = ""; VariantName = "[No Variations]"
Add component (AddParameter): Name = "ComponentLink1Description"; Value = "Datasheet link"; VariantName = "[No Variations]"
Add component (AddParameter): Name = "ComponentLink1URL"; Value = "http://www.nexperia.com/documents/data_sheet/BSR13_BSR14.pdf"; VariantName = "[No Variations]"
Add component (AddParameter): Name = "CompType"; Value = "BJT"; VariantName = "[No Variations]"
Add component (AddParameter): Name = "Green_EU RoHS"; Value = ""; VariantName = "[No Variations]"
Add component (AddParameter): Name = "Green_EU RoHS-2"; Value = ""; VariantName = "[No Variations]"
Add component (AddParameter): Name = "Green_Lifecycle"; Value = ""; VariantName = "[No Variations]"
Add component (AddParameter): Name = "Green_REACh"; Value = ""; VariantName = "[No Variations]"
Add component (AddParameter): Name = "HfeMax"; Value = "300"; VariantName = "[No Variations]"
Add component (AddParameter): Name = "IcRated_A"; Value = "0.8"; VariantName = "[No Variations]"
Add component (AddParameter): Name = "LatestRevisionDate"; Value = "2017-06-09"; VariantName = "[No Variations]"
Add component (AddParameter): Name = "Manufacturer"; Value = "Nexperia"; VariantName = "[No Variations]"
Add component (AddParameter): Name = "MountType"; Value = "SMT"; VariantName = "[No Variations]"
Add component (AddParameter): Name = "NPN"; Value = "1"; VariantName = "[No Variations]"
Add component (AddParameter): Name = "PackageReference"; Value = "SOT-23"; VariantName = "[No Variations]"
Add component (AddParameter): Name = "PartNumber"; Value = "BSR14"; VariantName = "[No Variations]"
Add component (AddParameter): Name = "PNP"; Value = "0"; VariantName = "[No Variations]"
Add component (AddParameter): Name = "Published"; Value = "2008-07-31"; VariantName = "[No Variations]"
Add component (AddParameter): Name = "Publisher"; Value = "Texas Instruments"; VariantName = "[No Variations]"
Add component (AddParameter): Name = "RoHS"; Value = "Y"; VariantName = "[No Variations]"
Add component (AddParameter): Name = "SizeArea_mm2"; Value = "7.5"; VariantName = "[No Variations]"
Add component (AddParameter): Name = "SizeAreaWB_mm2"; Value = "14"; VariantName = "[No Variations]"
Add component (AddParameter): Name = "SizeX_mm"; Value = "2.5"; VariantName = "[No Variations]"
Add component (AddParameter): Name = "SizeY_mm"; Value = "3"; VariantName = "[No Variations]"
Add component (AddParameter): Name = "SizeZ_mm"; Value = "1.1"; VariantName = "[No Variations]"
Add component (AddParameter): Name = "Supplier 1"; Value = "Digi-Key"; VariantName = "[No Variations]"
Add component (AddParameter): Name = "Supplier 2"; Value = ""; VariantName = "[No Variations]"
Add component (AddParameter): Name = "Supplier 3"; Value = ""; VariantName = "[No Variations]"
Add component (AddParameter): Name = "Supplier Part Number 1"; Value = "568-6225-1-ND"; VariantName = "[No Variations]"
Add component (AddParameter): Name = "Supplier Part Number 2"; Value = ""; VariantName = "[No Variations]"
Add component (AddParameter): Name = "Supplier Part Number 3"; Value = ""; VariantName = "[No Variations]"
Add component (AddParameter): Name = "SymbolVersion"; Value = "2008-07-31"; VariantName = "[No Variations]"
Add component (AddParameter): Name = "TaMax_C"; Value = "150"; VariantName = "[No Variations]"
Add component (AddParameter): Name = "TaMin_C"; Value = "-65"; VariantName = "[No Variations]"
Add component (AddParameter): Name = "U/M"; Value = "EA"; VariantName = "[No Variations]"
Add component (AddParameter): Name = "Value"; Value = "40 V"; VariantName = "[No Variations]"
Add component (AddParameter): Name = "Value1"; Value = "0.8 A"; VariantName = "[No Variations]"
Add component (AddParameter): Name = "Value2"; Value = "300"; VariantName = "[No Variations]"
Add component (AddParameter): Name = "Vceo_V"; Value = "40"; VariantName = "[No Variations]"
Add component (AddParameter): Name = "Vcesat1_V"; Value = "0.3"; VariantName = "[No Variations]"
Added Component: Designator=Q2_10(dpak)
Add component (AddParameter): Name = "AEC Category"; Value = "Q101"; VariantName = "[No Variations]"
Add component (AddParameter): Name = "AEC Qualified"; Value = "?"; VariantName = "[No Variations]"
Add component (AddParameter): Name = "Alternate Manufacturer"; Value = ""; VariantName = "[No Variations]"
Add component (AddParameter): Name = "Alternate PartNumber"; Value = ""; VariantName = "[No Variations]"
Add component (AddParameter): Name = "ComponentLink1Description"; Value = "Datasheet link"; VariantName = "[No Variations]"
Add component (AddParameter): Name = "ComponentLink1URL"; Value = "http://www.nexperia.com/documents/data_sheet/BSR13_BSR14.pdf"; VariantName = "[No Variations]"
Add component (AddParameter): Name = "CompType"; Value = "BJT"; VariantName = "[No Variations]"
Add component (AddParameter): Name = "Green_EU RoHS"; Value = ""; VariantName = "[No Variations]"
Add component (AddParameter): Name = "Green_EU RoHS-2"; Value = ""; VariantName = "[No Variations]"
Add component (AddParameter): Name = "Green_Lifecycle"; Value = ""; VariantName = "[No Variations]"
Add component (AddParameter): Name = "Green_REACh"; Value = ""; VariantName = "[No Variations]"
Add component (AddParameter): Name = "HfeMax"; Value = "300"; VariantName = "[No Variations]"
Add component (AddParameter): Name = "IcRated_A"; Value = "0.8"; VariantName = "[No Variations]"
Add component (AddParameter): Name = "LatestRevisionDate"; Value = "2017-06-09"; VariantName = "[No Variations]"
Add component (AddParameter): Name = "Manufacturer"; Value = "Nexperia"; VariantName = "[No Variations]"
Add component (AddParameter): Name = "MountType"; Value = "SMT"; VariantName = "[No Variations]"
Add component (AddParameter): Name = "NPN"; Value = "1"; VariantName = "[No Variations]"
Add component (AddParameter): Name = "PackageReference"; Value = "SOT-23"; VariantName = "[No Variations]"
Add component (AddParameter): Name = "PartNumber"; Value = "BSR14"; VariantName = "[No Variations]"
Add component (AddParameter): Name = "PNP"; Value = "0"; VariantName = "[No Variations]"
Add component (AddParameter): Name = "Published"; Value = "2008-07-31"; VariantName = "[No Variations]"
Add component (AddParameter): Name = "Publisher"; Value = "Texas Instruments"; VariantName = "[No Variations]"
Add component (AddParameter): Name = "RoHS"; Value = "Y"; VariantName = "[No Variations]"
Add component (AddParameter): Name = "SizeArea_mm2"; Value = "7.5"; VariantName = "[No Variations]"
Add component (AddParameter): Name = "SizeAreaWB_mm2"; Value = "14"; VariantName = "[No Variations]"
Add component (AddParameter): Name = "SizeX_mm"; Value = "2.5"; VariantName = "[No Variations]"
Add component (AddParameter): Name = "SizeY_mm"; Value = "3"; VariantName = "[No Variations]"
Add component (AddParameter): Name = "SizeZ_mm"; Value = "1.1"; VariantName = "[No Variations]"
Add component (AddParameter): Name = "Supplier 1"; Value = "Digi-Key"; VariantName = "[No Variations]"
Add component (AddParameter): Name = "Supplier 2"; Value = ""; VariantName = "[No Variations]"
Add component (AddParameter): Name = "Supplier 3"; Value = ""; VariantName = "[No Variations]"
Add component (AddParameter): Name = "Supplier Part Number 1"; Value = "568-6225-1-ND"; VariantName = "[No Variations]"
Add component (AddParameter): Name = "Supplier Part Number 2"; Value = ""; VariantName = "[No Variations]"
Add component (AddParameter): Name = "Supplier Part Number 3"; Value = ""; VariantName = "[No Variations]"
Add component (AddParameter): Name = "SymbolVersion"; Value = "2008-07-31"; VariantName = "[No Variations]"
Add component (AddParameter): Name = "TaMax_C"; Value = "150"; VariantName = "[No Variations]"
Add component (AddParameter): Name = "TaMin_C"; Value = "-65"; VariantName = "[No Variations]"
Add component (AddParameter): Name = "U/M"; Value = "EA"; VariantName = "[No Variations]"
Add component (AddParameter): Name = "Value"; Value = "40 V"; VariantName = "[No Variations]"
Add component (AddParameter): Name = "Value1"; Value = "0.8 A"; VariantName = "[No Variations]"
Add component (AddParameter): Name = "Value2"; Value = "300"; VariantName = "[No Variations]"
Add component (AddParameter): Name = "Vceo_V"; Value = "40"; VariantName = "[No Variations]"
Add component (AddParameter): Name = "Vcesat1_V"; Value = "0.3"; VariantName = "[No Variations]"
Added Component: Designator=Q2_11(dpak)
Add component (AddParameter): Name = "AEC Category"; Value = "Q101"; VariantName = "[No Variations]"
Add component (AddParameter): Name = "AEC Qualified"; Value = "?"; VariantName = "[No Variations]"
Add component (AddParameter): Name = "Alternate Manufacturer"; Value = ""; VariantName = "[No Variations]"
Add component (AddParameter): Name = "Alternate PartNumber"; Value = ""; VariantName = "[No Variations]"
Add component (AddParameter): Name = "ComponentLink1Description"; Value = "Datasheet link"; VariantName = "[No Variations]"
Add component (AddParameter): Name = "ComponentLink1URL"; Value = "http://www.nexperia.com/documents/data_sheet/BSR13_BSR14.pdf"; VariantName = "[No Variations]"
Add component (AddParameter): Name = "CompType"; Value = "BJT"; VariantName = "[No Variations]"
Add component (AddParameter): Name = "Green_EU RoHS"; Value = ""; VariantName = "[No Variations]"
Add component (AddParameter): Name = "Green_EU RoHS-2"; Value = ""; VariantName = "[No Variations]"
Add component (AddParameter): Name = "Green_Lifecycle"; Value = ""; VariantName = "[No Variations]"
Add component (AddParameter): Name = "Green_REACh"; Value = ""; VariantName = "[No Variations]"
Add component (AddParameter): Name = "HfeMax"; Value = "300"; VariantName = "[No Variations]"
Add component (AddParameter): Name = "IcRated_A"; Value = "0.8"; VariantName = "[No Variations]"
Add component (AddParameter): Name = "LatestRevisionDate"; Value = "2017-06-09"; VariantName = "[No Variations]"
Add component (AddParameter): Name = "Manufacturer"; Value = "Nexperia"; VariantName = "[No Variations]"
Add component (AddParameter): Name = "MountType"; Value = "SMT"; VariantName = "[No Variations]"
Add component (AddParameter): Name = "NPN"; Value = "1"; VariantName = "[No Variations]"
Add component (AddParameter): Name = "PackageReference"; Value = "SOT-23"; VariantName = "[No Variations]"
Add component (AddParameter): Name = "PartNumber"; Value = "BSR14"; VariantName = "[No Variations]"
Add component (AddParameter): Name = "PNP"; Value = "0"; VariantName = "[No Variations]"
Add component (AddParameter): Name = "Published"; Value = "2008-07-31"; VariantName = "[No Variations]"
Add component (AddParameter): Name = "Publisher"; Value = "Texas Instruments"; VariantName = "[No Variations]"
Add component (AddParameter): Name = "RoHS"; Value = "Y"; VariantName = "[No Variations]"
Add component (AddParameter): Name = "SizeArea_mm2"; Value = "7.5"; VariantName = "[No Variations]"
Add component (AddParameter): Name = "SizeAreaWB_mm2"; Value = "14"; VariantName = "[No Variations]"
Add component (AddParameter): Name = "SizeX_mm"; Value = "2.5"; VariantName = "[No Variations]"
Add component (AddParameter): Name = "SizeY_mm"; Value = "3"; VariantName = "[No Variations]"
Add component (AddParameter): Name = "SizeZ_mm"; Value = "1.1"; VariantName = "[No Variations]"
Add component (AddParameter): Name = "Supplier 1"; Value = "Digi-Key"; VariantName = "[No Variations]"
Add component (AddParameter): Name = "Supplier 2"; Value = ""; VariantName = "[No Variations]"
Add component (AddParameter): Name = "Supplier 3"; Value = ""; VariantName = "[No Variations]"
Add component (AddParameter): Name = "Supplier Part Number 1"; Value = "568-6225-1-ND"; VariantName = "[No Variations]"
Add component (AddParameter): Name = "Supplier Part Number 2"; Value = ""; VariantName = "[No Variations]"
Add component (AddParameter): Name = "Supplier Part Number 3"; Value = ""; VariantName = "[No Variations]"
Add component (AddParameter): Name = "SymbolVersion"; Value = "2008-07-31"; VariantName = "[No Variations]"
Add component (AddParameter): Name = "TaMax_C"; Value = "150"; VariantName = "[No Variations]"
Add component (AddParameter): Name = "TaMin_C"; Value = "-65"; VariantName = "[No Variations]"
Add component (AddParameter): Name = "U/M"; Value = "EA"; VariantName = "[No Variations]"
Add component (AddParameter): Name = "Value"; Value = "40 V"; VariantName = "[No Variations]"
Add component (AddParameter): Name = "Value1"; Value = "0.8 A"; VariantName = "[No Variations]"
Add component (AddParameter): Name = "Value2"; Value = "300"; VariantName = "[No Variations]"
Add component (AddParameter): Name = "Vceo_V"; Value = "40"; VariantName = "[No Variations]"
Add component (AddParameter): Name = "Vcesat1_V"; Value = "0.3"; VariantName = "[No Variations]"
Added Component: Designator=Q2_12(dpak)
Add component (AddParameter): Name = "AEC Category"; Value = "Q101"; VariantName = "[No Variations]"
Add component (AddParameter): Name = "AEC Qualified"; Value = "?"; VariantName = "[No Variations]"
Add component (AddParameter): Name = "Alternate Manufacturer"; Value = ""; VariantName = "[No Variations]"
Add component (AddParameter): Name = "Alternate PartNumber"; Value = ""; VariantName = "[No Variations]"
Add component (AddParameter): Name = "ComponentLink1Description"; Value = "Datasheet link"; VariantName = "[No Variations]"
Add component (AddParameter): Name = "ComponentLink1URL"; Value = "http://www.nexperia.com/documents/data_sheet/BSR13_BSR14.pdf"; VariantName = "[No Variations]"
Add component (AddParameter): Name = "CompType"; Value = "BJT"; VariantName = "[No Variations]"
Add component (AddParameter): Name = "Green_EU RoHS"; Value = ""; VariantName = "[No Variations]"
Add component (AddParameter): Name = "Green_EU RoHS-2"; Value = ""; VariantName = "[No Variations]"
Add component (AddParameter): Name = "Green_Lifecycle"; Value = ""; VariantName = "[No Variations]"
Add component (AddParameter): Name = "Green_REACh"; Value = ""; VariantName = "[No Variations]"
Add component (AddParameter): Name = "HfeMax"; Value = "300"; VariantName = "[No Variations]"
Add component (AddParameter): Name = "IcRated_A"; Value = "0.8"; VariantName = "[No Variations]"
Add component (AddParameter): Name = "LatestRevisionDate"; Value = "2017-06-09"; VariantName = "[No Variations]"
Add component (AddParameter): Name = "Manufacturer"; Value = "Nexperia"; VariantName = "[No Variations]"
Add component (AddParameter): Name = "MountType"; Value = "SMT"; VariantName = "[No Variations]"
Add component (AddParameter): Name = "NPN"; Value = "1"; VariantName = "[No Variations]"
Add component (AddParameter): Name = "PackageReference"; Value = "SOT-23"; VariantName = "[No Variations]"
Add component (AddParameter): Name = "PartNumber"; Value = "BSR14"; VariantName = "[No Variations]"
Add component (AddParameter): Name = "PNP"; Value = "0"; VariantName = "[No Variations]"
Add component (AddParameter): Name = "Published"; Value = "2008-07-31"; VariantName = "[No Variations]"
Add component (AddParameter): Name = "Publisher"; Value = "Texas Instruments"; VariantName = "[No Variations]"
Add component (AddParameter): Name = "RoHS"; Value = "Y"; VariantName = "[No Variations]"
Add component (AddParameter): Name = "SizeArea_mm2"; Value = "7.5"; VariantName = "[No Variations]"
Add component (AddParameter): Name = "SizeAreaWB_mm2"; Value = "14"; VariantName = "[No Variations]"
Add component (AddParameter): Name = "SizeX_mm"; Value = "2.5"; VariantName = "[No Variations]"
Add component (AddParameter): Name = "SizeY_mm"; Value = "3"; VariantName = "[No Variations]"
Add component (AddParameter): Name = "SizeZ_mm"; Value = "1.1"; VariantName = "[No Variations]"
Add component (AddParameter): Name = "Supplier 1"; Value = "Digi-Key"; VariantName = "[No Variations]"
Add component (AddParameter): Name = "Supplier 2"; Value = ""; VariantName = "[No Variations]"
Add component (AddParameter): Name = "Supplier 3"; Value = ""; VariantName = "[No Variations]"
Add component (AddParameter): Name = "Supplier Part Number 1"; Value = "568-6225-1-ND"; VariantName = "[No Variations]"
Add component (AddParameter): Name = "Supplier Part Number 2"; Value = ""; VariantName = "[No Variations]"
Add component (AddParameter): Name = "Supplier Part Number 3"; Value = ""; VariantName = "[No Variations]"
Add component (AddParameter): Name = "SymbolVersion"; Value = "2008-07-31"; VariantName = "[No Variations]"
Add component (AddParameter): Name = "TaMax_C"; Value = "150"; VariantName = "[No Variations]"
Add component (AddParameter): Name = "TaMin_C"; Value = "-65"; VariantName = "[No Variations]"
Add component (AddParameter): Name = "U/M"; Value = "EA"; VariantName = "[No Variations]"
Add component (AddParameter): Name = "Value"; Value = "40 V"; VariantName = "[No Variations]"
Add component (AddParameter): Name = "Value1"; Value = "0.8 A"; VariantName = "[No Variations]"
Add component (AddParameter): Name = "Value2"; Value = "300"; VariantName = "[No Variations]"
Add component (AddParameter): Name = "Vceo_V"; Value = "40"; VariantName = "[No Variations]"
Add component (AddParameter): Name = "Vcesat1_V"; Value = "0.3"; VariantName = "[No Variations]"
Added Component: Designator=Q2_13(dpak)
Add component (AddParameter): Name = "AEC Category"; Value = "Q101"; VariantName = "[No Variations]"
Add component (AddParameter): Name = "AEC Qualified"; Value = "?"; VariantName = "[No Variations]"
Add component (AddParameter): Name = "Alternate Manufacturer"; Value = ""; VariantName = "[No Variations]"
Add component (AddParameter): Name = "Alternate PartNumber"; Value = ""; VariantName = "[No Variations]"
Add component (AddParameter): Name = "ComponentLink1Description"; Value = "Datasheet link"; VariantName = "[No Variations]"
Add component (AddParameter): Name = "ComponentLink1URL"; Value = "http://www.nexperia.com/documents/data_sheet/BSR13_BSR14.pdf"; VariantName = "[No Variations]"
Add component (AddParameter): Name = "CompType"; Value = "BJT"; VariantName = "[No Variations]"
Add component (AddParameter): Name = "Green_EU RoHS"; Value = ""; VariantName = "[No Variations]"
Add component (AddParameter): Name = "Green_EU RoHS-2"; Value = ""; VariantName = "[No Variations]"
Add component (AddParameter): Name = "Green_Lifecycle"; Value = ""; VariantName = "[No Variations]"
Add component (AddParameter): Name = "Green_REACh"; Value = ""; VariantName = "[No Variations]"
Add component (AddParameter): Name = "HfeMax"; Value = "300"; VariantName = "[No Variations]"
Add component (AddParameter): Name = "IcRated_A"; Value = "0.8"; VariantName = "[No Variations]"
Add component (AddParameter): Name = "LatestRevisionDate"; Value = "2017-06-09"; VariantName = "[No Variations]"
Add component (AddParameter): Name = "Manufacturer"; Value = "Nexperia"; VariantName = "[No Variations]"
Add component (AddParameter): Name = "MountType"; Value = "SMT"; VariantName = "[No Variations]"
Add component (AddParameter): Name = "NPN"; Value = "1"; VariantName = "[No Variations]"
Add component (AddParameter): Name = "PackageReference"; Value = "SOT-23"; VariantName = "[No Variations]"
Add component (AddParameter): Name = "PartNumber"; Value = "BSR14"; VariantName = "[No Variations]"
Add component (AddParameter): Name = "PNP"; Value = "0"; VariantName = "[No Variations]"
Add component (AddParameter): Name = "Published"; Value = "2008-07-31"; VariantName = "[No Variations]"
Add component (AddParameter): Name = "Publisher"; Value = "Texas Instruments"; VariantName = "[No Variations]"
Add component (AddParameter): Name = "RoHS"; Value = "Y"; VariantName = "[No Variations]"
Add component (AddParameter): Name = "SizeArea_mm2"; Value = "7.5"; VariantName = "[No Variations]"
Add component (AddParameter): Name = "SizeAreaWB_mm2"; Value = "14"; VariantName = "[No Variations]"
Add component (AddParameter): Name = "SizeX_mm"; Value = "2.5"; VariantName = "[No Variations]"
Add component (AddParameter): Name = "SizeY_mm"; Value = "3"; VariantName = "[No Variations]"
Add component (AddParameter): Name = "SizeZ_mm"; Value = "1.1"; VariantName = "[No Variations]"
Add component (AddParameter): Name = "Supplier 1"; Value = "Digi-Key"; VariantName = "[No Variations]"
Add component (AddParameter): Name = "Supplier 2"; Value = ""; VariantName = "[No Variations]"
Add component (AddParameter): Name = "Supplier 3"; Value = ""; VariantName = "[No Variations]"
Add component (AddParameter): Name = "Supplier Part Number 1"; Value = "568-6225-1-ND"; VariantName = "[No Variations]"
Add component (AddParameter): Name = "Supplier Part Number 2"; Value = ""; VariantName = "[No Variations]"
Add component (AddParameter): Name = "Supplier Part Number 3"; Value = ""; VariantName = "[No Variations]"
Add component (AddParameter): Name = "SymbolVersion"; Value = "2008-07-31"; VariantName = "[No Variations]"
Add component (AddParameter): Name = "TaMax_C"; Value = "150"; VariantName = "[No Variations]"
Add component (AddParameter): Name = "TaMin_C"; Value = "-65"; VariantName = "[No Variations]"
Add component (AddParameter): Name = "U/M"; Value = "EA"; VariantName = "[No Variations]"
Add component (AddParameter): Name = "Value"; Value = "40 V"; VariantName = "[No Variations]"
Add component (AddParameter): Name = "Value1"; Value = "0.8 A"; VariantName = "[No Variations]"
Add component (AddParameter): Name = "Value2"; Value = "300"; VariantName = "[No Variations]"
Add component (AddParameter): Name = "Vceo_V"; Value = "40"; VariantName = "[No Variations]"
Add component (AddParameter): Name = "Vcesat1_V"; Value = "0.3"; VariantName = "[No Variations]"
Added Component: Designator=Q2_14(dpak)
Add component (AddParameter): Name = "AEC Category"; Value = "Q101"; VariantName = "[No Variations]"
Add component (AddParameter): Name = "AEC Qualified"; Value = "?"; VariantName = "[No Variations]"
Add component (AddParameter): Name = "Alternate Manufacturer"; Value = ""; VariantName = "[No Variations]"
Add component (AddParameter): Name = "Alternate PartNumber"; Value = ""; VariantName = "[No Variations]"
Add component (AddParameter): Name = "ComponentLink1Description"; Value = "Datasheet link"; VariantName = "[No Variations]"
Add component (AddParameter): Name = "ComponentLink1URL"; Value = "http://www.nexperia.com/documents/data_sheet/BSR13_BSR14.pdf"; VariantName = "[No Variations]"
Add component (AddParameter): Name = "CompType"; Value = "BJT"; VariantName = "[No Variations]"
Add component (AddParameter): Name = "Green_EU RoHS"; Value = ""; VariantName = "[No Variations]"
Add component (AddParameter): Name = "Green_EU RoHS-2"; Value = ""; VariantName = "[No Variations]"
Add component (AddParameter): Name = "Green_Lifecycle"; Value = ""; VariantName = "[No Variations]"
Add component (AddParameter): Name = "Green_REACh"; Value = ""; VariantName = "[No Variations]"
Add component (AddParameter): Name = "HfeMax"; Value = "300"; VariantName = "[No Variations]"
Add component (AddParameter): Name = "IcRated_A"; Value = "0.8"; VariantName = "[No Variations]"
Add component (AddParameter): Name = "LatestRevisionDate"; Value = "2017-06-09"; VariantName = "[No Variations]"
Add component (AddParameter): Name = "Manufacturer"; Value = "Nexperia"; VariantName = "[No Variations]"
Add component (AddParameter): Name = "MountType"; Value = "SMT"; VariantName = "[No Variations]"
Add component (AddParameter): Name = "NPN"; Value = "1"; VariantName = "[No Variations]"
Add component (AddParameter): Name = "PackageReference"; Value = "SOT-23"; VariantName = "[No Variations]"
Add component (AddParameter): Name = "PartNumber"; Value = "BSR14"; VariantName = "[No Variations]"
Add component (AddParameter): Name = "PNP"; Value = "0"; VariantName = "[No Variations]"
Add component (AddParameter): Name = "Published"; Value = "2008-07-31"; VariantName = "[No Variations]"
Add component (AddParameter): Name = "Publisher"; Value = "Texas Instruments"; VariantName = "[No Variations]"
Add component (AddParameter): Name = "RoHS"; Value = "Y"; VariantName = "[No Variations]"
Add component (AddParameter): Name = "SizeArea_mm2"; Value = "7.5"; VariantName = "[No Variations]"
Add component (AddParameter): Name = "SizeAreaWB_mm2"; Value = "14"; VariantName = "[No Variations]"
Add component (AddParameter): Name = "SizeX_mm"; Value = "2.5"; VariantName = "[No Variations]"
Add component (AddParameter): Name = "SizeY_mm"; Value = "3"; VariantName = "[No Variations]"
Add component (AddParameter): Name = "SizeZ_mm"; Value = "1.1"; VariantName = "[No Variations]"
Add component (AddParameter): Name = "Supplier 1"; Value = "Digi-Key"; VariantName = "[No Variations]"
Add component (AddParameter): Name = "Supplier 2"; Value = ""; VariantName = "[No Variations]"
Add component (AddParameter): Name = "Supplier 3"; Value = ""; VariantName = "[No Variations]"
Add component (AddParameter): Name = "Supplier Part Number 1"; Value = "568-6225-1-ND"; VariantName = "[No Variations]"
Add component (AddParameter): Name = "Supplier Part Number 2"; Value = ""; VariantName = "[No Variations]"
Add component (AddParameter): Name = "Supplier Part Number 3"; Value = ""; VariantName = "[No Variations]"
Add component (AddParameter): Name = "SymbolVersion"; Value = "2008-07-31"; VariantName = "[No Variations]"
Add component (AddParameter): Name = "TaMax_C"; Value = "150"; VariantName = "[No Variations]"
Add component (AddParameter): Name = "TaMin_C"; Value = "-65"; VariantName = "[No Variations]"
Add component (AddParameter): Name = "U/M"; Value = "EA"; VariantName = "[No Variations]"
Add component (AddParameter): Name = "Value"; Value = "40 V"; VariantName = "[No Variations]"
Add component (AddParameter): Name = "Value1"; Value = "0.8 A"; VariantName = "[No Variations]"
Add component (AddParameter): Name = "Value2"; Value = "300"; VariantName = "[No Variations]"
Add component (AddParameter): Name = "Vceo_V"; Value = "40"; VariantName = "[No Variations]"
Add component (AddParameter): Name = "Vcesat1_V"; Value = "0.3"; VariantName = "[No Variations]"
Added Component: Designator=Q2_15(dpak)
Add component (AddParameter): Name = "AEC Category"; Value = "Q101"; VariantName = "[No Variations]"
Add component (AddParameter): Name = "AEC Qualified"; Value = "?"; VariantName = "[No Variations]"
Add component (AddParameter): Name = "Alternate Manufacturer"; Value = ""; VariantName = "[No Variations]"
Add component (AddParameter): Name = "Alternate PartNumber"; Value = ""; VariantName = "[No Variations]"
Add component (AddParameter): Name = "ComponentLink1Description"; Value = "Datasheet link"; VariantName = "[No Variations]"
Add component (AddParameter): Name = "ComponentLink1URL"; Value = "http://www.nexperia.com/documents/data_sheet/BSR13_BSR14.pdf"; VariantName = "[No Variations]"
Add component (AddParameter): Name = "CompType"; Value = "BJT"; VariantName = "[No Variations]"
Add component (AddParameter): Name = "Green_EU RoHS"; Value = ""; VariantName = "[No Variations]"
Add component (AddParameter): Name = "Green_EU RoHS-2"; Value = ""; VariantName = "[No Variations]"
Add component (AddParameter): Name = "Green_Lifecycle"; Value = ""; VariantName = "[No Variations]"
Add component (AddParameter): Name = "Green_REACh"; Value = ""; VariantName = "[No Variations]"
Add component (AddParameter): Name = "HfeMax"; Value = "300"; VariantName = "[No Variations]"
Add component (AddParameter): Name = "IcRated_A"; Value = "0.8"; VariantName = "[No Variations]"
Add component (AddParameter): Name = "LatestRevisionDate"; Value = "2017-06-09"; VariantName = "[No Variations]"
Add component (AddParameter): Name = "Manufacturer"; Value = "Nexperia"; VariantName = "[No Variations]"
Add component (AddParameter): Name = "MountType"; Value = "SMT"; VariantName = "[No Variations]"
Add component (AddParameter): Name = "NPN"; Value = "1"; VariantName = "[No Variations]"
Add component (AddParameter): Name = "PackageReference"; Value = "SOT-23"; VariantName = "[No Variations]"
Add component (AddParameter): Name = "PartNumber"; Value = "BSR14"; VariantName = "[No Variations]"
Add component (AddParameter): Name = "PNP"; Value = "0"; VariantName = "[No Variations]"
Add component (AddParameter): Name = "Published"; Value = "2008-07-31"; VariantName = "[No Variations]"
Add component (AddParameter): Name = "Publisher"; Value = "Texas Instruments"; VariantName = "[No Variations]"
Add component (AddParameter): Name = "RoHS"; Value = "Y"; VariantName = "[No Variations]"
Add component (AddParameter): Name = "SizeArea_mm2"; Value = "7.5"; VariantName = "[No Variations]"
Add component (AddParameter): Name = "SizeAreaWB_mm2"; Value = "14"; VariantName = "[No Variations]"
Add component (AddParameter): Name = "SizeX_mm"; Value = "2.5"; VariantName = "[No Variations]"
Add component (AddParameter): Name = "SizeY_mm"; Value = "3"; VariantName = "[No Variations]"
Add component (AddParameter): Name = "SizeZ_mm"; Value = "1.1"; VariantName = "[No Variations]"
Add component (AddParameter): Name = "Supplier 1"; Value = "Digi-Key"; VariantName = "[No Variations]"
Add component (AddParameter): Name = "Supplier 2"; Value = ""; VariantName = "[No Variations]"
Add component (AddParameter): Name = "Supplier 3"; Value = ""; VariantName = "[No Variations]"
Add component (AddParameter): Name = "Supplier Part Number 1"; Value = "568-6225-1-ND"; VariantName = "[No Variations]"
Add component (AddParameter): Name = "Supplier Part Number 2"; Value = ""; VariantName = "[No Variations]"
Add component (AddParameter): Name = "Supplier Part Number 3"; Value = ""; VariantName = "[No Variations]"
Add component (AddParameter): Name = "SymbolVersion"; Value = "2008-07-31"; VariantName = "[No Variations]"
Add component (AddParameter): Name = "TaMax_C"; Value = "150"; VariantName = "[No Variations]"
Add component (AddParameter): Name = "TaMin_C"; Value = "-65"; VariantName = "[No Variations]"
Add component (AddParameter): Name = "U/M"; Value = "EA"; VariantName = "[No Variations]"
Add component (AddParameter): Name = "Value"; Value = "40 V"; VariantName = "[No Variations]"
Add component (AddParameter): Name = "Value1"; Value = "0.8 A"; VariantName = "[No Variations]"
Add component (AddParameter): Name = "Value2"; Value = "300"; VariantName = "[No Variations]"
Add component (AddParameter): Name = "Vceo_V"; Value = "40"; VariantName = "[No Variations]"
Add component (AddParameter): Name = "Vcesat1_V"; Value = "0.3"; VariantName = "[No Variations]"
Added Component: Designator=Q2_16(dpak)
Add component (AddParameter): Name = "AEC Category"; Value = "Q101"; VariantName = "[No Variations]"
Add component (AddParameter): Name = "AEC Qualified"; Value = "?"; VariantName = "[No Variations]"
Add component (AddParameter): Name = "Alternate Manufacturer"; Value = ""; VariantName = "[No Variations]"
Add component (AddParameter): Name = "Alternate PartNumber"; Value = ""; VariantName = "[No Variations]"
Add component (AddParameter): Name = "ComponentLink1Description"; Value = "Datasheet link"; VariantName = "[No Variations]"
Add component (AddParameter): Name = "ComponentLink1URL"; Value = "http://www.nexperia.com/documents/data_sheet/BSR13_BSR14.pdf"; VariantName = "[No Variations]"
Add component (AddParameter): Name = "CompType"; Value = "BJT"; VariantName = "[No Variations]"
Add component (AddParameter): Name = "Green_EU RoHS"; Value = ""; VariantName = "[No Variations]"
Add component (AddParameter): Name = "Green_EU RoHS-2"; Value = ""; VariantName = "[No Variations]"
Add component (AddParameter): Name = "Green_Lifecycle"; Value = ""; VariantName = "[No Variations]"
Add component (AddParameter): Name = "Green_REACh"; Value = ""; VariantName = "[No Variations]"
Add component (AddParameter): Name = "HfeMax"; Value = "300"; VariantName = "[No Variations]"
Add component (AddParameter): Name = "IcRated_A"; Value = "0.8"; VariantName = "[No Variations]"
Add component (AddParameter): Name = "LatestRevisionDate"; Value = "2017-06-09"; VariantName = "[No Variations]"
Add component (AddParameter): Name = "Manufacturer"; Value = "Nexperia"; VariantName = "[No Variations]"
Add component (AddParameter): Name = "MountType"; Value = "SMT"; VariantName = "[No Variations]"
Add component (AddParameter): Name = "NPN"; Value = "1"; VariantName = "[No Variations]"
Add component (AddParameter): Name = "PackageReference"; Value = "SOT-23"; VariantName = "[No Variations]"
Add component (AddParameter): Name = "PartNumber"; Value = "BSR14"; VariantName = "[No Variations]"
Add component (AddParameter): Name = "PNP"; Value = "0"; VariantName = "[No Variations]"
Add component (AddParameter): Name = "Published"; Value = "2008-07-31"; VariantName = "[No Variations]"
Add component (AddParameter): Name = "Publisher"; Value = "Texas Instruments"; VariantName = "[No Variations]"
Add component (AddParameter): Name = "RoHS"; Value = "Y"; VariantName = "[No Variations]"
Add component (AddParameter): Name = "SizeArea_mm2"; Value = "7.5"; VariantName = "[No Variations]"
Add component (AddParameter): Name = "SizeAreaWB_mm2"; Value = "14"; VariantName = "[No Variations]"
Add component (AddParameter): Name = "SizeX_mm"; Value = "2.5"; VariantName = "[No Variations]"
Add component (AddParameter): Name = "SizeY_mm"; Value = "3"; VariantName = "[No Variations]"
Add component (AddParameter): Name = "SizeZ_mm"; Value = "1.1"; VariantName = "[No Variations]"
Add component (AddParameter): Name = "Supplier 1"; Value = "Digi-Key"; VariantName = "[No Variations]"
Add component (AddParameter): Name = "Supplier 2"; Value = ""; VariantName = "[No Variations]"
Add component (AddParameter): Name = "Supplier 3"; Value = ""; VariantName = "[No Variations]"
Add component (AddParameter): Name = "Supplier Part Number 1"; Value = "568-6225-1-ND"; VariantName = "[No Variations]"
Add component (AddParameter): Name = "Supplier Part Number 2"; Value = ""; VariantName = "[No Variations]"
Add component (AddParameter): Name = "Supplier Part Number 3"; Value = ""; VariantName = "[No Variations]"
Add component (AddParameter): Name = "SymbolVersion"; Value = "2008-07-31"; VariantName = "[No Variations]"
Add component (AddParameter): Name = "TaMax_C"; Value = "150"; VariantName = "[No Variations]"
Add component (AddParameter): Name = "TaMin_C"; Value = "-65"; VariantName = "[No Variations]"
Add component (AddParameter): Name = "U/M"; Value = "EA"; VariantName = "[No Variations]"
Add component (AddParameter): Name = "Value"; Value = "40 V"; VariantName = "[No Variations]"
Add component (AddParameter): Name = "Value1"; Value = "0.8 A"; VariantName = "[No Variations]"
Add component (AddParameter): Name = "Value2"; Value = "300"; VariantName = "[No Variations]"
Add component (AddParameter): Name = "Vceo_V"; Value = "40"; VariantName = "[No Variations]"
Add component (AddParameter): Name = "Vcesat1_V"; Value = "0.3"; VariantName = "[No Variations]"
Added Component: Designator=Q3(dpak)
Add component (AddParameter): Name = "ComponentLink1Description"; Value = "Manufacturer Link"; VariantName = "[No Variations]"
Add component (AddParameter): Name = "ComponentLink1URL"; Value = "http://www.irf.com/"; VariantName = "[No Variations]"
Add component (AddParameter): Name = "DatasheetVersion"; Value = "PD-9.814"; VariantName = "[No Variations]"
Add component (AddParameter): Name = "LatestRevisionDate"; Value = "17-Jul-2002"; VariantName = "[No Variations]"
Add component (AddParameter): Name = "LatestRevisionNote"; Value = "Re-released for DXP Platform."; VariantName = "[No Variations]"
Add component (AddParameter): Name = "Note"; Value = "Pin 2 is electrically connected to pin 4."; VariantName = "[No Variations]"
Add component (AddParameter): Name = "PackageDescription"; Value = "TO, Thru-Hole, Vertical, Heatsink Mounted; 3 In-Line Leads; Pitch 2.54 mm"; VariantName = "[No Variations]"
Add component (AddParameter): Name = "PackageReference"; Value = "TO-220AB"; VariantName = "[No Variations]"
Add component (AddParameter): Name = "PackageVersion"; Value = "Feb-1997"; VariantName = "[No Variations]"
Add component (AddParameter): Name = "Published"; Value = "8-Jun-2000"; VariantName = "[No Variations]"
Add component (AddParameter): Name = "Publisher"; Value = "Altium Limited"; VariantName = "[No Variations]"
Added Component: Designator=Q5_1(NPN)
Add component (AddParameter): Name = "Transistor"; Value = "BC817"; VariantName = "[No Variations]"
Added Component: Designator=Q5_2(NPN)
Add component (AddParameter): Name = "Transistor"; Value = "BC817"; VariantName = "[No Variations]"
Added Component: Designator=Q6_1(dpak)
Add component (AddParameter): Name = "ComponentLink1Description"; Value = "Manufacturer Link"; VariantName = "[No Variations]"
Add component (AddParameter): Name = "ComponentLink1URL"; Value = "http://www.irf.com/"; VariantName = "[No Variations]"
Add component (AddParameter): Name = "DatasheetVersion"; Value = "PD-9.814"; VariantName = "[No Variations]"
Add component (AddParameter): Name = "LatestRevisionDate"; Value = "17-Jul-2002"; VariantName = "[No Variations]"
Add component (AddParameter): Name = "LatestRevisionNote"; Value = "Re-released for DXP Platform."; VariantName = "[No Variations]"
Add component (AddParameter): Name = "Note"; Value = "Pin 2 is electrically connected to pin 4."; VariantName = "[No Variations]"
Add component (AddParameter): Name = "PackageDescription"; Value = "TO, Thru-Hole, Vertical, Heatsink Mounted; 3 In-Line Leads; Pitch 2.54 mm"; VariantName = "[No Variations]"
Add component (AddParameter): Name = "PackageReference"; Value = "TO-220AB"; VariantName = "[No Variations]"
Add component (AddParameter): Name = "PackageVersion"; Value = "Feb-1997"; VariantName = "[No Variations]"
Add component (AddParameter): Name = "Published"; Value = "8-Jun-2000"; VariantName = "[No Variations]"
Add component (AddParameter): Name = "Publisher"; Value = "Altium Limited"; VariantName = "[No Variations]"
Added Component: Designator=Q6_2(dpak)
Add component (AddParameter): Name = "ComponentLink1Description"; Value = "Manufacturer Link"; VariantName = "[No Variations]"
Add component (AddParameter): Name = "ComponentLink1URL"; Value = "http://www.irf.com/"; VariantName = "[No Variations]"
Add component (AddParameter): Name = "DatasheetVersion"; Value = "PD-9.814"; VariantName = "[No Variations]"
Add component (AddParameter): Name = "LatestRevisionDate"; Value = "17-Jul-2002"; VariantName = "[No Variations]"
Add component (AddParameter): Name = "LatestRevisionNote"; Value = "Re-released for DXP Platform."; VariantName = "[No Variations]"
Add component (AddParameter): Name = "Note"; Value = "Pin 2 is electrically connected to pin 4."; VariantName = "[No Variations]"
Add component (AddParameter): Name = "PackageDescription"; Value = "TO, Thru-Hole, Vertical, Heatsink Mounted; 3 In-Line Leads; Pitch 2.54 mm"; VariantName = "[No Variations]"
Add component (AddParameter): Name = "PackageReference"; Value = "TO-220AB"; VariantName = "[No Variations]"
Add component (AddParameter): Name = "PackageVersion"; Value = "Feb-1997"; VariantName = "[No Variations]"
Add component (AddParameter): Name = "Published"; Value = "8-Jun-2000"; VariantName = "[No Variations]"
Add component (AddParameter): Name = "Publisher"; Value = "Altium Limited"; VariantName = "[No Variations]"
Added Component: Designator=R40_1(RESC0603)
Add component (AddParameter): Name = "LatestRevisionDate"; Value = "17-Jul-2002"; VariantName = "[No Variations]"
Add component (AddParameter): Name = "LatestRevisionNote"; Value = "Re-released for DXP Platform."; VariantName = "[No Variations]"
Add component (AddParameter): Name = "PackageReference"; Value = "AXIAL-0.5"; VariantName = "[No Variations]"
Add component (AddParameter): Name = "Published"; Value = "8-Jun-2000"; VariantName = "[No Variations]"
Add component (AddParameter): Name = "Publisher"; Value = "Altium Limited"; VariantName = "[No Variations]"
Add component (AddParameter): Name = "Value"; Value = "100"; VariantName = "[No Variations]"
Added Component: Designator=R40_2(RESC0603)
Add component (AddParameter): Name = "LatestRevisionDate"; Value = "17-Jul-2002"; VariantName = "[No Variations]"
Add component (AddParameter): Name = "LatestRevisionNote"; Value = "Re-released for DXP Platform."; VariantName = "[No Variations]"
Add component (AddParameter): Name = "PackageReference"; Value = "AXIAL-0.5"; VariantName = "[No Variations]"
Add component (AddParameter): Name = "Published"; Value = "8-Jun-2000"; VariantName = "[No Variations]"
Add component (AddParameter): Name = "Publisher"; Value = "Altium Limited"; VariantName = "[No Variations]"
Add component (AddParameter): Name = "Value"; Value = "100"; VariantName = "[No Variations]"
Added Component: Designator=R40_3(RESC0603)
Add component (AddParameter): Name = "LatestRevisionDate"; Value = "17-Jul-2002"; VariantName = "[No Variations]"
Add component (AddParameter): Name = "LatestRevisionNote"; Value = "Re-released for DXP Platform."; VariantName = "[No Variations]"
Add component (AddParameter): Name = "PackageReference"; Value = "AXIAL-0.5"; VariantName = "[No Variations]"
Add component (AddParameter): Name = "Published"; Value = "8-Jun-2000"; VariantName = "[No Variations]"
Add component (AddParameter): Name = "Publisher"; Value = "Altium Limited"; VariantName = "[No Variations]"
Add component (AddParameter): Name = "Value"; Value = "100"; VariantName = "[No Variations]"
Added Component: Designator=R40_4(RESC0603)
Add component (AddParameter): Name = "LatestRevisionDate"; Value = "17-Jul-2002"; VariantName = "[No Variations]"
Add component (AddParameter): Name = "LatestRevisionNote"; Value = "Re-released for DXP Platform."; VariantName = "[No Variations]"
Add component (AddParameter): Name = "PackageReference"; Value = "AXIAL-0.5"; VariantName = "[No Variations]"
Add component (AddParameter): Name = "Published"; Value = "8-Jun-2000"; VariantName = "[No Variations]"
Add component (AddParameter): Name = "Publisher"; Value = "Altium Limited"; VariantName = "[No Variations]"
Add component (AddParameter): Name = "Value"; Value = "100"; VariantName = "[No Variations]"
Added Component: Designator=R40_5(RESC0603)
Add component (AddParameter): Name = "LatestRevisionDate"; Value = "17-Jul-2002"; VariantName = "[No Variations]"
Add component (AddParameter): Name = "LatestRevisionNote"; Value = "Re-released for DXP Platform."; VariantName = "[No Variations]"
Add component (AddParameter): Name = "PackageReference"; Value = "AXIAL-0.5"; VariantName = "[No Variations]"
Add component (AddParameter): Name = "Published"; Value = "8-Jun-2000"; VariantName = "[No Variations]"
Add component (AddParameter): Name = "Publisher"; Value = "Altium Limited"; VariantName = "[No Variations]"
Add component (AddParameter): Name = "Value"; Value = "100"; VariantName = "[No Variations]"
Added Component: Designator=R40_6(RESC0603)
Add component (AddParameter): Name = "LatestRevisionDate"; Value = "17-Jul-2002"; VariantName = "[No Variations]"
Add component (AddParameter): Name = "LatestRevisionNote"; Value = "Re-released for DXP Platform."; VariantName = "[No Variations]"
Add component (AddParameter): Name = "PackageReference"; Value = "AXIAL-0.5"; VariantName = "[No Variations]"
Add component (AddParameter): Name = "Published"; Value = "8-Jun-2000"; VariantName = "[No Variations]"
Add component (AddParameter): Name = "Publisher"; Value = "Altium Limited"; VariantName = "[No Variations]"
Add component (AddParameter): Name = "Value"; Value = "100"; VariantName = "[No Variations]"
Added Component: Designator=R40_7(RESC0603)
Add component (AddParameter): Name = "LatestRevisionDate"; Value = "17-Jul-2002"; VariantName = "[No Variations]"
Add component (AddParameter): Name = "LatestRevisionNote"; Value = "Re-released for DXP Platform."; VariantName = "[No Variations]"
Add component (AddParameter): Name = "PackageReference"; Value = "AXIAL-0.5"; VariantName = "[No Variations]"
Add component (AddParameter): Name = "Published"; Value = "8-Jun-2000"; VariantName = "[No Variations]"
Add component (AddParameter): Name = "Publisher"; Value = "Altium Limited"; VariantName = "[No Variations]"
Add component (AddParameter): Name = "Value"; Value = "100"; VariantName = "[No Variations]"
Added Component: Designator=R40_8(RESC0603)
Add component (AddParameter): Name = "LatestRevisionDate"; Value = "17-Jul-2002"; VariantName = "[No Variations]"
Add component (AddParameter): Name = "LatestRevisionNote"; Value = "Re-released for DXP Platform."; VariantName = "[No Variations]"
Add component (AddParameter): Name = "PackageReference"; Value = "AXIAL-0.5"; VariantName = "[No Variations]"
Add component (AddParameter): Name = "Published"; Value = "8-Jun-2000"; VariantName = "[No Variations]"
Add component (AddParameter): Name = "Publisher"; Value = "Altium Limited"; VariantName = "[No Variations]"
Add component (AddParameter): Name = "Value"; Value = "100"; VariantName = "[No Variations]"
Added Component: Designator=R40_9(RESC0603)
Add component (AddParameter): Name = "LatestRevisionDate"; Value = "17-Jul-2002"; VariantName = "[No Variations]"
Add component (AddParameter): Name = "LatestRevisionNote"; Value = "Re-released for DXP Platform."; VariantName = "[No Variations]"
Add component (AddParameter): Name = "PackageReference"; Value = "AXIAL-0.5"; VariantName = "[No Variations]"
Add component (AddParameter): Name = "Published"; Value = "8-Jun-2000"; VariantName = "[No Variations]"
Add component (AddParameter): Name = "Publisher"; Value = "Altium Limited"; VariantName = "[No Variations]"
Add component (AddParameter): Name = "Value"; Value = "100"; VariantName = "[No Variations]"
Added Component: Designator=R40_10(RESC0603)
Add component (AddParameter): Name = "LatestRevisionDate"; Value = "17-Jul-2002"; VariantName = "[No Variations]"
Add component (AddParameter): Name = "LatestRevisionNote"; Value = "Re-released for DXP Platform."; VariantName = "[No Variations]"
Add component (AddParameter): Name = "PackageReference"; Value = "AXIAL-0.5"; VariantName = "[No Variations]"
Add component (AddParameter): Name = "Published"; Value = "8-Jun-2000"; VariantName = "[No Variations]"
Add component (AddParameter): Name = "Publisher"; Value = "Altium Limited"; VariantName = "[No Variations]"
Add component (AddParameter): Name = "Value"; Value = "100"; VariantName = "[No Variations]"
Added Component: Designator=R40_11(RESC0603)
Add component (AddParameter): Name = "LatestRevisionDate"; Value = "17-Jul-2002"; VariantName = "[No Variations]"
Add component (AddParameter): Name = "LatestRevisionNote"; Value = "Re-released for DXP Platform."; VariantName = "[No Variations]"
Add component (AddParameter): Name = "PackageReference"; Value = "AXIAL-0.5"; VariantName = "[No Variations]"
Add component (AddParameter): Name = "Published"; Value = "8-Jun-2000"; VariantName = "[No Variations]"
Add component (AddParameter): Name = "Publisher"; Value = "Altium Limited"; VariantName = "[No Variations]"
Add component (AddParameter): Name = "Value"; Value = "100"; VariantName = "[No Variations]"
Added Component: Designator=R40_12(RESC0603)
Add component (AddParameter): Name = "LatestRevisionDate"; Value = "17-Jul-2002"; VariantName = "[No Variations]"
Add component (AddParameter): Name = "LatestRevisionNote"; Value = "Re-released for DXP Platform."; VariantName = "[No Variations]"
Add component (AddParameter): Name = "PackageReference"; Value = "AXIAL-0.5"; VariantName = "[No Variations]"
Add component (AddParameter): Name = "Published"; Value = "8-Jun-2000"; VariantName = "[No Variations]"
Add component (AddParameter): Name = "Publisher"; Value = "Altium Limited"; VariantName = "[No Variations]"
Add component (AddParameter): Name = "Value"; Value = "100"; VariantName = "[No Variations]"
Added Component: Designator=R40_13(RESC0603)
Add component (AddParameter): Name = "LatestRevisionDate"; Value = "17-Jul-2002"; VariantName = "[No Variations]"
Add component (AddParameter): Name = "LatestRevisionNote"; Value = "Re-released for DXP Platform."; VariantName = "[No Variations]"
Add component (AddParameter): Name = "PackageReference"; Value = "AXIAL-0.5"; VariantName = "[No Variations]"
Add component (AddParameter): Name = "Published"; Value = "8-Jun-2000"; VariantName = "[No Variations]"
Add component (AddParameter): Name = "Publisher"; Value = "Altium Limited"; VariantName = "[No Variations]"
Add component (AddParameter): Name = "Value"; Value = "100"; VariantName = "[No Variations]"
Added Component: Designator=R40_14(RESC0603)
Add component (AddParameter): Name = "LatestRevisionDate"; Value = "17-Jul-2002"; VariantName = "[No Variations]"
Add component (AddParameter): Name = "LatestRevisionNote"; Value = "Re-released for DXP Platform."; VariantName = "[No Variations]"
Add component (AddParameter): Name = "PackageReference"; Value = "AXIAL-0.5"; VariantName = "[No Variations]"
Add component (AddParameter): Name = "Published"; Value = "8-Jun-2000"; VariantName = "[No Variations]"
Add component (AddParameter): Name = "Publisher"; Value = "Altium Limited"; VariantName = "[No Variations]"
Add component (AddParameter): Name = "Value"; Value = "100"; VariantName = "[No Variations]"
Added Component: Designator=R40_15(RESC0603)
Add component (AddParameter): Name = "LatestRevisionDate"; Value = "17-Jul-2002"; VariantName = "[No Variations]"
Add component (AddParameter): Name = "LatestRevisionNote"; Value = "Re-released for DXP Platform."; VariantName = "[No Variations]"
Add component (AddParameter): Name = "PackageReference"; Value = "AXIAL-0.5"; VariantName = "[No Variations]"
Add component (AddParameter): Name = "Published"; Value = "8-Jun-2000"; VariantName = "[No Variations]"
Add component (AddParameter): Name = "Publisher"; Value = "Altium Limited"; VariantName = "[No Variations]"
Add component (AddParameter): Name = "Value"; Value = "100"; VariantName = "[No Variations]"
Added Component: Designator=R40_16(RESC0603)
Add component (AddParameter): Name = "LatestRevisionDate"; Value = "17-Jul-2002"; VariantName = "[No Variations]"
Add component (AddParameter): Name = "LatestRevisionNote"; Value = "Re-released for DXP Platform."; VariantName = "[No Variations]"
Add component (AddParameter): Name = "PackageReference"; Value = "AXIAL-0.5"; VariantName = "[No Variations]"
Add component (AddParameter): Name = "Published"; Value = "8-Jun-2000"; VariantName = "[No Variations]"
Add component (AddParameter): Name = "Publisher"; Value = "Altium Limited"; VariantName = "[No Variations]"
Add component (AddParameter): Name = "Value"; Value = "100"; VariantName = "[No Variations]"
Added Component: Designator=R41_1(RES2512)
Add component (AddParameter): Name = "LatestRevisionDate"; Value = "17-Jul-2002"; VariantName = "[No Variations]"
Add component (AddParameter): Name = "LatestRevisionNote"; Value = "Re-released for DXP Platform."; VariantName = "[No Variations]"
Add component (AddParameter): Name = "PackageReference"; Value = "AXIAL-0.5"; VariantName = "[No Variations]"
Add component (AddParameter): Name = "Published"; Value = "8-Jun-2000"; VariantName = "[No Variations]"
Add component (AddParameter): Name = "Publisher"; Value = "Altium Limited"; VariantName = "[No Variations]"
Add component (AddParameter): Name = "Value"; Value = "3.3"; VariantName = "[No Variations]"
Added Component: Designator=R41_2(RES2512)
Add component (AddParameter): Name = "LatestRevisionDate"; Value = "17-Jul-2002"; VariantName = "[No Variations]"
Add component (AddParameter): Name = "LatestRevisionNote"; Value = "Re-released for DXP Platform."; VariantName = "[No Variations]"
Add component (AddParameter): Name = "PackageReference"; Value = "AXIAL-0.5"; VariantName = "[No Variations]"
Add component (AddParameter): Name = "Published"; Value = "8-Jun-2000"; VariantName = "[No Variations]"
Add component (AddParameter): Name = "Publisher"; Value = "Altium Limited"; VariantName = "[No Variations]"
Add component (AddParameter): Name = "Value"; Value = "3.3"; VariantName = "[No Variations]"
Added Component: Designator=R41_3(RES2512)
Add component (AddParameter): Name = "LatestRevisionDate"; Value = "17-Jul-2002"; VariantName = "[No Variations]"
Add component (AddParameter): Name = "LatestRevisionNote"; Value = "Re-released for DXP Platform."; VariantName = "[No Variations]"
Add component (AddParameter): Name = "PackageReference"; Value = "AXIAL-0.5"; VariantName = "[No Variations]"
Add component (AddParameter): Name = "Published"; Value = "8-Jun-2000"; VariantName = "[No Variations]"
Add component (AddParameter): Name = "Publisher"; Value = "Altium Limited"; VariantName = "[No Variations]"
Add component (AddParameter): Name = "Value"; Value = "3.3"; VariantName = "[No Variations]"
Added Component: Designator=R41_4(RES2512)
Add component (AddParameter): Name = "LatestRevisionDate"; Value = "17-Jul-2002"; VariantName = "[No Variations]"
Add component (AddParameter): Name = "LatestRevisionNote"; Value = "Re-released for DXP Platform."; VariantName = "[No Variations]"
Add component (AddParameter): Name = "PackageReference"; Value = "AXIAL-0.5"; VariantName = "[No Variations]"
Add component (AddParameter): Name = "Published"; Value = "8-Jun-2000"; VariantName = "[No Variations]"
Add component (AddParameter): Name = "Publisher"; Value = "Altium Limited"; VariantName = "[No Variations]"
Add component (AddParameter): Name = "Value"; Value = "3.3"; VariantName = "[No Variations]"
Added Component: Designator=R41_5(RES2512)
Add component (AddParameter): Name = "LatestRevisionDate"; Value = "17-Jul-2002"; VariantName = "[No Variations]"
Add component (AddParameter): Name = "LatestRevisionNote"; Value = "Re-released for DXP Platform."; VariantName = "[No Variations]"
Add component (AddParameter): Name = "PackageReference"; Value = "AXIAL-0.5"; VariantName = "[No Variations]"
Add component (AddParameter): Name = "Published"; Value = "8-Jun-2000"; VariantName = "[No Variations]"
Add component (AddParameter): Name = "Publisher"; Value = "Altium Limited"; VariantName = "[No Variations]"
Add component (AddParameter): Name = "Value"; Value = "3.3"; VariantName = "[No Variations]"
Added Component: Designator=R41_6(RES2512)
Add component (AddParameter): Name = "LatestRevisionDate"; Value = "17-Jul-2002"; VariantName = "[No Variations]"
Add component (AddParameter): Name = "LatestRevisionNote"; Value = "Re-released for DXP Platform."; VariantName = "[No Variations]"
Add component (AddParameter): Name = "PackageReference"; Value = "AXIAL-0.5"; VariantName = "[No Variations]"
Add component (AddParameter): Name = "Published"; Value = "8-Jun-2000"; VariantName = "[No Variations]"
Add component (AddParameter): Name = "Publisher"; Value = "Altium Limited"; VariantName = "[No Variations]"
Add component (AddParameter): Name = "Value"; Value = "3.3"; VariantName = "[No Variations]"
Added Component: Designator=R41_7(RES2512)
Add component (AddParameter): Name = "LatestRevisionDate"; Value = "17-Jul-2002"; VariantName = "[No Variations]"
Add component (AddParameter): Name = "LatestRevisionNote"; Value = "Re-released for DXP Platform."; VariantName = "[No Variations]"
Add component (AddParameter): Name = "PackageReference"; Value = "AXIAL-0.5"; VariantName = "[No Variations]"
Add component (AddParameter): Name = "Published"; Value = "8-Jun-2000"; VariantName = "[No Variations]"
Add component (AddParameter): Name = "Publisher"; Value = "Altium Limited"; VariantName = "[No Variations]"
Add component (AddParameter): Name = "Value"; Value = "3.3"; VariantName = "[No Variations]"
Added Component: Designator=R41_8(RES2512)
Add component (AddParameter): Name = "LatestRevisionDate"; Value = "17-Jul-2002"; VariantName = "[No Variations]"
Add component (AddParameter): Name = "LatestRevisionNote"; Value = "Re-released for DXP Platform."; VariantName = "[No Variations]"
Add component (AddParameter): Name = "PackageReference"; Value = "AXIAL-0.5"; VariantName = "[No Variations]"
Add component (AddParameter): Name = "Published"; Value = "8-Jun-2000"; VariantName = "[No Variations]"
Add component (AddParameter): Name = "Publisher"; Value = "Altium Limited"; VariantName = "[No Variations]"
Add component (AddParameter): Name = "Value"; Value = "3.3"; VariantName = "[No Variations]"
Added Component: Designator=R41_9(RES2512)
Add component (AddParameter): Name = "LatestRevisionDate"; Value = "17-Jul-2002"; VariantName = "[No Variations]"
Add component (AddParameter): Name = "LatestRevisionNote"; Value = "Re-released for DXP Platform."; VariantName = "[No Variations]"
Add component (AddParameter): Name = "PackageReference"; Value = "AXIAL-0.5"; VariantName = "[No Variations]"
Add component (AddParameter): Name = "Published"; Value = "8-Jun-2000"; VariantName = "[No Variations]"
Add component (AddParameter): Name = "Publisher"; Value = "Altium Limited"; VariantName = "[No Variations]"
Add component (AddParameter): Name = "Value"; Value = "3.3"; VariantName = "[No Variations]"
Added Component: Designator=R41_10(RES2512)
Add component (AddParameter): Name = "LatestRevisionDate"; Value = "17-Jul-2002"; VariantName = "[No Variations]"
Add component (AddParameter): Name = "LatestRevisionNote"; Value = "Re-released for DXP Platform."; VariantName = "[No Variations]"
Add component (AddParameter): Name = "PackageReference"; Value = "AXIAL-0.5"; VariantName = "[No Variations]"
Add component (AddParameter): Name = "Published"; Value = "8-Jun-2000"; VariantName = "[No Variations]"
Add component (AddParameter): Name = "Publisher"; Value = "Altium Limited"; VariantName = "[No Variations]"
Add component (AddParameter): Name = "Value"; Value = "3.3"; VariantName = "[No Variations]"
Added Component: Designator=R41_11(RES2512)
Add component (AddParameter): Name = "LatestRevisionDate"; Value = "17-Jul-2002"; VariantName = "[No Variations]"
Add component (AddParameter): Name = "LatestRevisionNote"; Value = "Re-released for DXP Platform."; VariantName = "[No Variations]"
Add component (AddParameter): Name = "PackageReference"; Value = "AXIAL-0.5"; VariantName = "[No Variations]"
Add component (AddParameter): Name = "Published"; Value = "8-Jun-2000"; VariantName = "[No Variations]"
Add component (AddParameter): Name = "Publisher"; Value = "Altium Limited"; VariantName = "[No Variations]"
Add component (AddParameter): Name = "Value"; Value = "3.3"; VariantName = "[No Variations]"
Added Component: Designator=R41_12(RES2512)
Add component (AddParameter): Name = "LatestRevisionDate"; Value = "17-Jul-2002"; VariantName = "[No Variations]"
Add component (AddParameter): Name = "LatestRevisionNote"; Value = "Re-released for DXP Platform."; VariantName = "[No Variations]"
Add component (AddParameter): Name = "PackageReference"; Value = "AXIAL-0.5"; VariantName = "[No Variations]"
Add component (AddParameter): Name = "Published"; Value = "8-Jun-2000"; VariantName = "[No Variations]"
Add component (AddParameter): Name = "Publisher"; Value = "Altium Limited"; VariantName = "[No Variations]"
Add component (AddParameter): Name = "Value"; Value = "3.3"; VariantName = "[No Variations]"
Added Component: Designator=R41_13(RES2512)
Add component (AddParameter): Name = "LatestRevisionDate"; Value = "17-Jul-2002"; VariantName = "[No Variations]"
Add component (AddParameter): Name = "LatestRevisionNote"; Value = "Re-released for DXP Platform."; VariantName = "[No Variations]"
Add component (AddParameter): Name = "PackageReference"; Value = "AXIAL-0.5"; VariantName = "[No Variations]"
Add component (AddParameter): Name = "Published"; Value = "8-Jun-2000"; VariantName = "[No Variations]"
Add component (AddParameter): Name = "Publisher"; Value = "Altium Limited"; VariantName = "[No Variations]"
Add component (AddParameter): Name = "Value"; Value = "3.3"; VariantName = "[No Variations]"
Added Component: Designator=R41_14(RES2512)
Add component (AddParameter): Name = "LatestRevisionDate"; Value = "17-Jul-2002"; VariantName = "[No Variations]"
Add component (AddParameter): Name = "LatestRevisionNote"; Value = "Re-released for DXP Platform."; VariantName = "[No Variations]"
Add component (AddParameter): Name = "PackageReference"; Value = "AXIAL-0.5"; VariantName = "[No Variations]"
Add component (AddParameter): Name = "Published"; Value = "8-Jun-2000"; VariantName = "[No Variations]"
Add component (AddParameter): Name = "Publisher"; Value = "Altium Limited"; VariantName = "[No Variations]"
Add component (AddParameter): Name = "Value"; Value = "3.3"; VariantName = "[No Variations]"
Added Component: Designator=R41_15(RES2512)
Add component (AddParameter): Name = "LatestRevisionDate"; Value = "17-Jul-2002"; VariantName = "[No Variations]"
Add component (AddParameter): Name = "LatestRevisionNote"; Value = "Re-released for DXP Platform."; VariantName = "[No Variations]"
Add component (AddParameter): Name = "PackageReference"; Value = "AXIAL-0.5"; VariantName = "[No Variations]"
Add component (AddParameter): Name = "Published"; Value = "8-Jun-2000"; VariantName = "[No Variations]"
Add component (AddParameter): Name = "Publisher"; Value = "Altium Limited"; VariantName = "[No Variations]"
Add component (AddParameter): Name = "Value"; Value = "3.3"; VariantName = "[No Variations]"
Added Component: Designator=R41_16(RES2512)
Add component (AddParameter): Name = "LatestRevisionDate"; Value = "17-Jul-2002"; VariantName = "[No Variations]"
Add component (AddParameter): Name = "LatestRevisionNote"; Value = "Re-released for DXP Platform."; VariantName = "[No Variations]"
Add component (AddParameter): Name = "PackageReference"; Value = "AXIAL-0.5"; VariantName = "[No Variations]"
Add component (AddParameter): Name = "Published"; Value = "8-Jun-2000"; VariantName = "[No Variations]"
Add component (AddParameter): Name = "Publisher"; Value = "Altium Limited"; VariantName = "[No Variations]"
Add component (AddParameter): Name = "Value"; Value = "3.3"; VariantName = "[No Variations]"
Added Component: Designator=R42_1(RES2512)
Add component (AddParameter): Name = "LatestRevisionDate"; Value = "17-Jul-2002"; VariantName = "[No Variations]"
Add component (AddParameter): Name = "LatestRevisionNote"; Value = "Re-released for DXP Platform."; VariantName = "[No Variations]"
Add component (AddParameter): Name = "PackageReference"; Value = "AXIAL-0.5"; VariantName = "[No Variations]"
Add component (AddParameter): Name = "Published"; Value = "8-Jun-2000"; VariantName = "[No Variations]"
Add component (AddParameter): Name = "Publisher"; Value = "Altium Limited"; VariantName = "[No Variations]"
Add component (AddParameter): Name = "Value"; Value = "3.3"; VariantName = "[No Variations]"
Added Component: Designator=R42_2(RES2512)
Add component (AddParameter): Name = "LatestRevisionDate"; Value = "17-Jul-2002"; VariantName = "[No Variations]"
Add component (AddParameter): Name = "LatestRevisionNote"; Value = "Re-released for DXP Platform."; VariantName = "[No Variations]"
Add component (AddParameter): Name = "PackageReference"; Value = "AXIAL-0.5"; VariantName = "[No Variations]"
Add component (AddParameter): Name = "Published"; Value = "8-Jun-2000"; VariantName = "[No Variations]"
Add component (AddParameter): Name = "Publisher"; Value = "Altium Limited"; VariantName = "[No Variations]"
Add component (AddParameter): Name = "Value"; Value = "3.3"; VariantName = "[No Variations]"
Added Component: Designator=R42_3(RES2512)
Add component (AddParameter): Name = "LatestRevisionDate"; Value = "17-Jul-2002"; VariantName = "[No Variations]"
Add component (AddParameter): Name = "LatestRevisionNote"; Value = "Re-released for DXP Platform."; VariantName = "[No Variations]"
Add component (AddParameter): Name = "PackageReference"; Value = "AXIAL-0.5"; VariantName = "[No Variations]"
Add component (AddParameter): Name = "Published"; Value = "8-Jun-2000"; VariantName = "[No Variations]"
Add component (AddParameter): Name = "Publisher"; Value = "Altium Limited"; VariantName = "[No Variations]"
Add component (AddParameter): Name = "Value"; Value = "3.3"; VariantName = "[No Variations]"
Added Component: Designator=R42_4(RES2512)
Add component (AddParameter): Name = "LatestRevisionDate"; Value = "17-Jul-2002"; VariantName = "[No Variations]"
Add component (AddParameter): Name = "LatestRevisionNote"; Value = "Re-released for DXP Platform."; VariantName = "[No Variations]"
Add component (AddParameter): Name = "PackageReference"; Value = "AXIAL-0.5"; VariantName = "[No Variations]"
Add component (AddParameter): Name = "Published"; Value = "8-Jun-2000"; VariantName = "[No Variations]"
Add component (AddParameter): Name = "Publisher"; Value = "Altium Limited"; VariantName = "[No Variations]"
Add component (AddParameter): Name = "Value"; Value = "3.3"; VariantName = "[No Variations]"
Added Component: Designator=R42_5(RES2512)
Add component (AddParameter): Name = "LatestRevisionDate"; Value = "17-Jul-2002"; VariantName = "[No Variations]"
Add component (AddParameter): Name = "LatestRevisionNote"; Value = "Re-released for DXP Platform."; VariantName = "[No Variations]"
Add component (AddParameter): Name = "PackageReference"; Value = "AXIAL-0.5"; VariantName = "[No Variations]"
Add component (AddParameter): Name = "Published"; Value = "8-Jun-2000"; VariantName = "[No Variations]"
Add component (AddParameter): Name = "Publisher"; Value = "Altium Limited"; VariantName = "[No Variations]"
Add component (AddParameter): Name = "Value"; Value = "3.3"; VariantName = "[No Variations]"
Added Component: Designator=R42_6(RES2512)
Add component (AddParameter): Name = "LatestRevisionDate"; Value = "17-Jul-2002"; VariantName = "[No Variations]"
Add component (AddParameter): Name = "LatestRevisionNote"; Value = "Re-released for DXP Platform."; VariantName = "[No Variations]"
Add component (AddParameter): Name = "PackageReference"; Value = "AXIAL-0.5"; VariantName = "[No Variations]"
Add component (AddParameter): Name = "Published"; Value = "8-Jun-2000"; VariantName = "[No Variations]"
Add component (AddParameter): Name = "Publisher"; Value = "Altium Limited"; VariantName = "[No Variations]"
Add component (AddParameter): Name = "Value"; Value = "3.3"; VariantName = "[No Variations]"
Added Component: Designator=R42_7(RES2512)
Add component (AddParameter): Name = "LatestRevisionDate"; Value = "17-Jul-2002"; VariantName = "[No Variations]"
Add component (AddParameter): Name = "LatestRevisionNote"; Value = "Re-released for DXP Platform."; VariantName = "[No Variations]"
Add component (AddParameter): Name = "PackageReference"; Value = "AXIAL-0.5"; VariantName = "[No Variations]"
Add component (AddParameter): Name = "Published"; Value = "8-Jun-2000"; VariantName = "[No Variations]"
Add component (AddParameter): Name = "Publisher"; Value = "Altium Limited"; VariantName = "[No Variations]"
Add component (AddParameter): Name = "Value"; Value = "3.3"; VariantName = "[No Variations]"
Added Component: Designator=R42_8(RES2512)
Add component (AddParameter): Name = "LatestRevisionDate"; Value = "17-Jul-2002"; VariantName = "[No Variations]"
Add component (AddParameter): Name = "LatestRevisionNote"; Value = "Re-released for DXP Platform."; VariantName = "[No Variations]"
Add component (AddParameter): Name = "PackageReference"; Value = "AXIAL-0.5"; VariantName = "[No Variations]"
Add component (AddParameter): Name = "Published"; Value = "8-Jun-2000"; VariantName = "[No Variations]"
Add component (AddParameter): Name = "Publisher"; Value = "Altium Limited"; VariantName = "[No Variations]"
Add component (AddParameter): Name = "Value"; Value = "3.3"; VariantName = "[No Variations]"
Added Component: Designator=R42_9(RES2512)
Add component (AddParameter): Name = "LatestRevisionDate"; Value = "17-Jul-2002"; VariantName = "[No Variations]"
Add component (AddParameter): Name = "LatestRevisionNote"; Value = "Re-released for DXP Platform."; VariantName = "[No Variations]"
Add component (AddParameter): Name = "PackageReference"; Value = "AXIAL-0.5"; VariantName = "[No Variations]"
Add component (AddParameter): Name = "Published"; Value = "8-Jun-2000"; VariantName = "[No Variations]"
Add component (AddParameter): Name = "Publisher"; Value = "Altium Limited"; VariantName = "[No Variations]"
Add component (AddParameter): Name = "Value"; Value = "3.3"; VariantName = "[No Variations]"
Added Component: Designator=R42_10(RES2512)
Add component (AddParameter): Name = "LatestRevisionDate"; Value = "17-Jul-2002"; VariantName = "[No Variations]"
Add component (AddParameter): Name = "LatestRevisionNote"; Value = "Re-released for DXP Platform."; VariantName = "[No Variations]"
Add component (AddParameter): Name = "PackageReference"; Value = "AXIAL-0.5"; VariantName = "[No Variations]"
Add component (AddParameter): Name = "Published"; Value = "8-Jun-2000"; VariantName = "[No Variations]"
Add component (AddParameter): Name = "Publisher"; Value = "Altium Limited"; VariantName = "[No Variations]"
Add component (AddParameter): Name = "Value"; Value = "3.3"; VariantName = "[No Variations]"
Added Component: Designator=R42_11(RES2512)
Add component (AddParameter): Name = "LatestRevisionDate"; Value = "17-Jul-2002"; VariantName = "[No Variations]"
Add component (AddParameter): Name = "LatestRevisionNote"; Value = "Re-released for DXP Platform."; VariantName = "[No Variations]"
Add component (AddParameter): Name = "PackageReference"; Value = "AXIAL-0.5"; VariantName = "[No Variations]"
Add component (AddParameter): Name = "Published"; Value = "8-Jun-2000"; VariantName = "[No Variations]"
Add component (AddParameter): Name = "Publisher"; Value = "Altium Limited"; VariantName = "[No Variations]"
Add component (AddParameter): Name = "Value"; Value = "3.3"; VariantName = "[No Variations]"
Added Component: Designator=R42_12(RES2512)
Add component (AddParameter): Name = "LatestRevisionDate"; Value = "17-Jul-2002"; VariantName = "[No Variations]"
Add component (AddParameter): Name = "LatestRevisionNote"; Value = "Re-released for DXP Platform."; VariantName = "[No Variations]"
Add component (AddParameter): Name = "PackageReference"; Value = "AXIAL-0.5"; VariantName = "[No Variations]"
Add component (AddParameter): Name = "Published"; Value = "8-Jun-2000"; VariantName = "[No Variations]"
Add component (AddParameter): Name = "Publisher"; Value = "Altium Limited"; VariantName = "[No Variations]"
Add component (AddParameter): Name = "Value"; Value = "3.3"; VariantName = "[No Variations]"
Added Component: Designator=R42_13(RES2512)
Add component (AddParameter): Name = "LatestRevisionDate"; Value = "17-Jul-2002"; VariantName = "[No Variations]"
Add component (AddParameter): Name = "LatestRevisionNote"; Value = "Re-released for DXP Platform."; VariantName = "[No Variations]"
Add component (AddParameter): Name = "PackageReference"; Value = "AXIAL-0.5"; VariantName = "[No Variations]"
Add component (AddParameter): Name = "Published"; Value = "8-Jun-2000"; VariantName = "[No Variations]"
Add component (AddParameter): Name = "Publisher"; Value = "Altium Limited"; VariantName = "[No Variations]"
Add component (AddParameter): Name = "Value"; Value = "3.3"; VariantName = "[No Variations]"
Added Component: Designator=R42_14(RES2512)
Add component (AddParameter): Name = "LatestRevisionDate"; Value = "17-Jul-2002"; VariantName = "[No Variations]"
Add component (AddParameter): Name = "LatestRevisionNote"; Value = "Re-released for DXP Platform."; VariantName = "[No Variations]"
Add component (AddParameter): Name = "PackageReference"; Value = "AXIAL-0.5"; VariantName = "[No Variations]"
Add component (AddParameter): Name = "Published"; Value = "8-Jun-2000"; VariantName = "[No Variations]"
Add component (AddParameter): Name = "Publisher"; Value = "Altium Limited"; VariantName = "[No Variations]"
Add component (AddParameter): Name = "Value"; Value = "3.3"; VariantName = "[No Variations]"
Added Component: Designator=R42_15(RES2512)
Add component (AddParameter): Name = "LatestRevisionDate"; Value = "17-Jul-2002"; VariantName = "[No Variations]"
Add component (AddParameter): Name = "LatestRevisionNote"; Value = "Re-released for DXP Platform."; VariantName = "[No Variations]"
Add component (AddParameter): Name = "PackageReference"; Value = "AXIAL-0.5"; VariantName = "[No Variations]"
Add component (AddParameter): Name = "Published"; Value = "8-Jun-2000"; VariantName = "[No Variations]"
Add component (AddParameter): Name = "Publisher"; Value = "Altium Limited"; VariantName = "[No Variations]"
Add component (AddParameter): Name = "Value"; Value = "3.3"; VariantName = "[No Variations]"
Added Component: Designator=R42_16(RES2512)
Add component (AddParameter): Name = "LatestRevisionDate"; Value = "17-Jul-2002"; VariantName = "[No Variations]"
Add component (AddParameter): Name = "LatestRevisionNote"; Value = "Re-released for DXP Platform."; VariantName = "[No Variations]"
Add component (AddParameter): Name = "PackageReference"; Value = "AXIAL-0.5"; VariantName = "[No Variations]"
Add component (AddParameter): Name = "Published"; Value = "8-Jun-2000"; VariantName = "[No Variations]"
Add component (AddParameter): Name = "Publisher"; Value = "Altium Limited"; VariantName = "[No Variations]"
Add component (AddParameter): Name = "Value"; Value = "3.3"; VariantName = "[No Variations]"
Added Component: Designator=R43_1(RES2512)
Add component (AddParameter): Name = "LatestRevisionDate"; Value = "17-Jul-2002"; VariantName = "[No Variations]"
Add component (AddParameter): Name = "LatestRevisionNote"; Value = "Re-released for DXP Platform."; VariantName = "[No Variations]"
Add component (AddParameter): Name = "PackageReference"; Value = "AXIAL-0.5"; VariantName = "[No Variations]"
Add component (AddParameter): Name = "Published"; Value = "8-Jun-2000"; VariantName = "[No Variations]"
Add component (AddParameter): Name = "Publisher"; Value = "Altium Limited"; VariantName = "[No Variations]"
Add component (AddParameter): Name = "Value"; Value = "3.3"; VariantName = "[No Variations]"
Added Component: Designator=R43_2(RES2512)
Add component (AddParameter): Name = "LatestRevisionDate"; Value = "17-Jul-2002"; VariantName = "[No Variations]"
Add component (AddParameter): Name = "LatestRevisionNote"; Value = "Re-released for DXP Platform."; VariantName = "[No Variations]"
Add component (AddParameter): Name = "PackageReference"; Value = "AXIAL-0.5"; VariantName = "[No Variations]"
Add component (AddParameter): Name = "Published"; Value = "8-Jun-2000"; VariantName = "[No Variations]"
Add component (AddParameter): Name = "Publisher"; Value = "Altium Limited"; VariantName = "[No Variations]"
Add component (AddParameter): Name = "Value"; Value = "3.3"; VariantName = "[No Variations]"
Added Component: Designator=R43_3(RES2512)
Add component (AddParameter): Name = "LatestRevisionDate"; Value = "17-Jul-2002"; VariantName = "[No Variations]"
Add component (AddParameter): Name = "LatestRevisionNote"; Value = "Re-released for DXP Platform."; VariantName = "[No Variations]"
Add component (AddParameter): Name = "PackageReference"; Value = "AXIAL-0.5"; VariantName = "[No Variations]"
Add component (AddParameter): Name = "Published"; Value = "8-Jun-2000"; VariantName = "[No Variations]"
Add component (AddParameter): Name = "Publisher"; Value = "Altium Limited"; VariantName = "[No Variations]"
Add component (AddParameter): Name = "Value"; Value = "3.3"; VariantName = "[No Variations]"
Added Component: Designator=R43_4(RES2512)
Add component (AddParameter): Name = "LatestRevisionDate"; Value = "17-Jul-2002"; VariantName = "[No Variations]"
Add component (AddParameter): Name = "LatestRevisionNote"; Value = "Re-released for DXP Platform."; VariantName = "[No Variations]"
Add component (AddParameter): Name = "PackageReference"; Value = "AXIAL-0.5"; VariantName = "[No Variations]"
Add component (AddParameter): Name = "Published"; Value = "8-Jun-2000"; VariantName = "[No Variations]"
Add component (AddParameter): Name = "Publisher"; Value = "Altium Limited"; VariantName = "[No Variations]"
Add component (AddParameter): Name = "Value"; Value = "3.3"; VariantName = "[No Variations]"
Added Component: Designator=R43_5(RES2512)
Add component (AddParameter): Name = "LatestRevisionDate"; Value = "17-Jul-2002"; VariantName = "[No Variations]"
Add component (AddParameter): Name = "LatestRevisionNote"; Value = "Re-released for DXP Platform."; VariantName = "[No Variations]"
Add component (AddParameter): Name = "PackageReference"; Value = "AXIAL-0.5"; VariantName = "[No Variations]"
Add component (AddParameter): Name = "Published"; Value = "8-Jun-2000"; VariantName = "[No Variations]"
Add component (AddParameter): Name = "Publisher"; Value = "Altium Limited"; VariantName = "[No Variations]"
Add component (AddParameter): Name = "Value"; Value = "3.3"; VariantName = "[No Variations]"
Added Component: Designator=R43_6(RES2512)
Add component (AddParameter): Name = "LatestRevisionDate"; Value = "17-Jul-2002"; VariantName = "[No Variations]"
Add component (AddParameter): Name = "LatestRevisionNote"; Value = "Re-released for DXP Platform."; VariantName = "[No Variations]"
Add component (AddParameter): Name = "PackageReference"; Value = "AXIAL-0.5"; VariantName = "[No Variations]"
Add component (AddParameter): Name = "Published"; Value = "8-Jun-2000"; VariantName = "[No Variations]"
Add component (AddParameter): Name = "Publisher"; Value = "Altium Limited"; VariantName = "[No Variations]"
Add component (AddParameter): Name = "Value"; Value = "3.3"; VariantName = "[No Variations]"
Added Component: Designator=R43_7(RES2512)
Add component (AddParameter): Name = "LatestRevisionDate"; Value = "17-Jul-2002"; VariantName = "[No Variations]"
Add component (AddParameter): Name = "LatestRevisionNote"; Value = "Re-released for DXP Platform."; VariantName = "[No Variations]"
Add component (AddParameter): Name = "PackageReference"; Value = "AXIAL-0.5"; VariantName = "[No Variations]"
Add component (AddParameter): Name = "Published"; Value = "8-Jun-2000"; VariantName = "[No Variations]"
Add component (AddParameter): Name = "Publisher"; Value = "Altium Limited"; VariantName = "[No Variations]"
Add component (AddParameter): Name = "Value"; Value = "3.3"; VariantName = "[No Variations]"
Added Component: Designator=R43_8(RES2512)
Add component (AddParameter): Name = "LatestRevisionDate"; Value = "17-Jul-2002"; VariantName = "[No Variations]"
Add component (AddParameter): Name = "LatestRevisionNote"; Value = "Re-released for DXP Platform."; VariantName = "[No Variations]"
Add component (AddParameter): Name = "PackageReference"; Value = "AXIAL-0.5"; VariantName = "[No Variations]"
Add component (AddParameter): Name = "Published"; Value = "8-Jun-2000"; VariantName = "[No Variations]"
Add component (AddParameter): Name = "Publisher"; Value = "Altium Limited"; VariantName = "[No Variations]"
Add component (AddParameter): Name = "Value"; Value = "3.3"; VariantName = "[No Variations]"
Added Component: Designator=R43_9(RES2512)
Add component (AddParameter): Name = "LatestRevisionDate"; Value = "17-Jul-2002"; VariantName = "[No Variations]"
Add component (AddParameter): Name = "LatestRevisionNote"; Value = "Re-released for DXP Platform."; VariantName = "[No Variations]"
Add component (AddParameter): Name = "PackageReference"; Value = "AXIAL-0.5"; VariantName = "[No Variations]"
Add component (AddParameter): Name = "Published"; Value = "8-Jun-2000"; VariantName = "[No Variations]"
Add component (AddParameter): Name = "Publisher"; Value = "Altium Limited"; VariantName = "[No Variations]"
Add component (AddParameter): Name = "Value"; Value = "3.3"; VariantName = "[No Variations]"
Added Component: Designator=R43_10(RES2512)
Add component (AddParameter): Name = "LatestRevisionDate"; Value = "17-Jul-2002"; VariantName = "[No Variations]"
Add component (AddParameter): Name = "LatestRevisionNote"; Value = "Re-released for DXP Platform."; VariantName = "[No Variations]"
Add component (AddParameter): Name = "PackageReference"; Value = "AXIAL-0.5"; VariantName = "[No Variations]"
Add component (AddParameter): Name = "Published"; Value = "8-Jun-2000"; VariantName = "[No Variations]"
Add component (AddParameter): Name = "Publisher"; Value = "Altium Limited"; VariantName = "[No Variations]"
Add component (AddParameter): Name = "Value"; Value = "3.3"; VariantName = "[No Variations]"
Added Component: Designator=R43_11(RES2512)
Add component (AddParameter): Name = "LatestRevisionDate"; Value = "17-Jul-2002"; VariantName = "[No Variations]"
Add component (AddParameter): Name = "LatestRevisionNote"; Value = "Re-released for DXP Platform."; VariantName = "[No Variations]"
Add component (AddParameter): Name = "PackageReference"; Value = "AXIAL-0.5"; VariantName = "[No Variations]"
Add component (AddParameter): Name = "Published"; Value = "8-Jun-2000"; VariantName = "[No Variations]"
Add component (AddParameter): Name = "Publisher"; Value = "Altium Limited"; VariantName = "[No Variations]"
Add component (AddParameter): Name = "Value"; Value = "3.3"; VariantName = "[No Variations]"
Added Component: Designator=R43_12(RES2512)
Add component (AddParameter): Name = "LatestRevisionDate"; Value = "17-Jul-2002"; VariantName = "[No Variations]"
Add component (AddParameter): Name = "LatestRevisionNote"; Value = "Re-released for DXP Platform."; VariantName = "[No Variations]"
Add component (AddParameter): Name = "PackageReference"; Value = "AXIAL-0.5"; VariantName = "[No Variations]"
Add component (AddParameter): Name = "Published"; Value = "8-Jun-2000"; VariantName = "[No Variations]"
Add component (AddParameter): Name = "Publisher"; Value = "Altium Limited"; VariantName = "[No Variations]"
Add component (AddParameter): Name = "Value"; Value = "3.3"; VariantName = "[No Variations]"
Added Component: Designator=R43_13(RES2512)
Add component (AddParameter): Name = "LatestRevisionDate"; Value = "17-Jul-2002"; VariantName = "[No Variations]"
Add component (AddParameter): Name = "LatestRevisionNote"; Value = "Re-released for DXP Platform."; VariantName = "[No Variations]"
Add component (AddParameter): Name = "PackageReference"; Value = "AXIAL-0.5"; VariantName = "[No Variations]"
Add component (AddParameter): Name = "Published"; Value = "8-Jun-2000"; VariantName = "[No Variations]"
Add component (AddParameter): Name = "Publisher"; Value = "Altium Limited"; VariantName = "[No Variations]"
Add component (AddParameter): Name = "Value"; Value = "3.3"; VariantName = "[No Variations]"
Added Component: Designator=R43_14(RES2512)
Add component (AddParameter): Name = "LatestRevisionDate"; Value = "17-Jul-2002"; VariantName = "[No Variations]"
Add component (AddParameter): Name = "LatestRevisionNote"; Value = "Re-released for DXP Platform."; VariantName = "[No Variations]"
Add component (AddParameter): Name = "PackageReference"; Value = "AXIAL-0.5"; VariantName = "[No Variations]"
Add component (AddParameter): Name = "Published"; Value = "8-Jun-2000"; VariantName = "[No Variations]"
Add component (AddParameter): Name = "Publisher"; Value = "Altium Limited"; VariantName = "[No Variations]"
Add component (AddParameter): Name = "Value"; Value = "3.3"; VariantName = "[No Variations]"
Added Component: Designator=R43_15(RES2512)
Add component (AddParameter): Name = "LatestRevisionDate"; Value = "17-Jul-2002"; VariantName = "[No Variations]"
Add component (AddParameter): Name = "LatestRevisionNote"; Value = "Re-released for DXP Platform."; VariantName = "[No Variations]"
Add component (AddParameter): Name = "PackageReference"; Value = "AXIAL-0.5"; VariantName = "[No Variations]"
Add component (AddParameter): Name = "Published"; Value = "8-Jun-2000"; VariantName = "[No Variations]"
Add component (AddParameter): Name = "Publisher"; Value = "Altium Limited"; VariantName = "[No Variations]"
Add component (AddParameter): Name = "Value"; Value = "3.3"; VariantName = "[No Variations]"
Added Component: Designator=R43_16(RES2512)
Add component (AddParameter): Name = "LatestRevisionDate"; Value = "17-Jul-2002"; VariantName = "[No Variations]"
Add component (AddParameter): Name = "LatestRevisionNote"; Value = "Re-released for DXP Platform."; VariantName = "[No Variations]"
Add component (AddParameter): Name = "PackageReference"; Value = "AXIAL-0.5"; VariantName = "[No Variations]"
Add component (AddParameter): Name = "Published"; Value = "8-Jun-2000"; VariantName = "[No Variations]"
Add component (AddParameter): Name = "Publisher"; Value = "Altium Limited"; VariantName = "[No Variations]"
Add component (AddParameter): Name = "Value"; Value = "3.3"; VariantName = "[No Variations]"
Added Component: Designator=R44_1(RES2512)
Add component (AddParameter): Name = "LatestRevisionDate"; Value = "17-Jul-2002"; VariantName = "[No Variations]"
Add component (AddParameter): Name = "LatestRevisionNote"; Value = "Re-released for DXP Platform."; VariantName = "[No Variations]"
Add component (AddParameter): Name = "PackageReference"; Value = "AXIAL-0.5"; VariantName = "[No Variations]"
Add component (AddParameter): Name = "Published"; Value = "8-Jun-2000"; VariantName = "[No Variations]"
Add component (AddParameter): Name = "Publisher"; Value = "Altium Limited"; VariantName = "[No Variations]"
Add component (AddParameter): Name = "Value"; Value = "3.3"; VariantName = "[No Variations]"
Added Component: Designator=R44_2(RES2512)
Add component (AddParameter): Name = "LatestRevisionDate"; Value = "17-Jul-2002"; VariantName = "[No Variations]"
Add component (AddParameter): Name = "LatestRevisionNote"; Value = "Re-released for DXP Platform."; VariantName = "[No Variations]"
Add component (AddParameter): Name = "PackageReference"; Value = "AXIAL-0.5"; VariantName = "[No Variations]"
Add component (AddParameter): Name = "Published"; Value = "8-Jun-2000"; VariantName = "[No Variations]"
Add component (AddParameter): Name = "Publisher"; Value = "Altium Limited"; VariantName = "[No Variations]"
Add component (AddParameter): Name = "Value"; Value = "3.3"; VariantName = "[No Variations]"
Added Component: Designator=R44_3(RES2512)
Add component (AddParameter): Name = "LatestRevisionDate"; Value = "17-Jul-2002"; VariantName = "[No Variations]"
Add component (AddParameter): Name = "LatestRevisionNote"; Value = "Re-released for DXP Platform."; VariantName = "[No Variations]"
Add component (AddParameter): Name = "PackageReference"; Value = "AXIAL-0.5"; VariantName = "[No Variations]"
Add component (AddParameter): Name = "Published"; Value = "8-Jun-2000"; VariantName = "[No Variations]"
Add component (AddParameter): Name = "Publisher"; Value = "Altium Limited"; VariantName = "[No Variations]"
Add component (AddParameter): Name = "Value"; Value = "3.3"; VariantName = "[No Variations]"
Added Component: Designator=R44_4(RES2512)
Add component (AddParameter): Name = "LatestRevisionDate"; Value = "17-Jul-2002"; VariantName = "[No Variations]"
Add component (AddParameter): Name = "LatestRevisionNote"; Value = "Re-released for DXP Platform."; VariantName = "[No Variations]"
Add component (AddParameter): Name = "PackageReference"; Value = "AXIAL-0.5"; VariantName = "[No Variations]"
Add component (AddParameter): Name = "Published"; Value = "8-Jun-2000"; VariantName = "[No Variations]"
Add component (AddParameter): Name = "Publisher"; Value = "Altium Limited"; VariantName = "[No Variations]"
Add component (AddParameter): Name = "Value"; Value = "3.3"; VariantName = "[No Variations]"
Added Component: Designator=R44_5(RES2512)
Add component (AddParameter): Name = "LatestRevisionDate"; Value = "17-Jul-2002"; VariantName = "[No Variations]"
Add component (AddParameter): Name = "LatestRevisionNote"; Value = "Re-released for DXP Platform."; VariantName = "[No Variations]"
Add component (AddParameter): Name = "PackageReference"; Value = "AXIAL-0.5"; VariantName = "[No Variations]"
Add component (AddParameter): Name = "Published"; Value = "8-Jun-2000"; VariantName = "[No Variations]"
Add component (AddParameter): Name = "Publisher"; Value = "Altium Limited"; VariantName = "[No Variations]"
Add component (AddParameter): Name = "Value"; Value = "3.3"; VariantName = "[No Variations]"
Added Component: Designator=R44_6(RES2512)
Add component (AddParameter): Name = "LatestRevisionDate"; Value = "17-Jul-2002"; VariantName = "[No Variations]"
Add component (AddParameter): Name = "LatestRevisionNote"; Value = "Re-released for DXP Platform."; VariantName = "[No Variations]"
Add component (AddParameter): Name = "PackageReference"; Value = "AXIAL-0.5"; VariantName = "[No Variations]"
Add component (AddParameter): Name = "Published"; Value = "8-Jun-2000"; VariantName = "[No Variations]"
Add component (AddParameter): Name = "Publisher"; Value = "Altium Limited"; VariantName = "[No Variations]"
Add component (AddParameter): Name = "Value"; Value = "3.3"; VariantName = "[No Variations]"
Added Component: Designator=R44_7(RES2512)
Add component (AddParameter): Name = "LatestRevisionDate"; Value = "17-Jul-2002"; VariantName = "[No Variations]"
Add component (AddParameter): Name = "LatestRevisionNote"; Value = "Re-released for DXP Platform."; VariantName = "[No Variations]"
Add component (AddParameter): Name = "PackageReference"; Value = "AXIAL-0.5"; VariantName = "[No Variations]"
Add component (AddParameter): Name = "Published"; Value = "8-Jun-2000"; VariantName = "[No Variations]"
Add component (AddParameter): Name = "Publisher"; Value = "Altium Limited"; VariantName = "[No Variations]"
Add component (AddParameter): Name = "Value"; Value = "3.3"; VariantName = "[No Variations]"
Added Component: Designator=R44_8(RES2512)
Add component (AddParameter): Name = "LatestRevisionDate"; Value = "17-Jul-2002"; VariantName = "[No Variations]"
Add component (AddParameter): Name = "LatestRevisionNote"; Value = "Re-released for DXP Platform."; VariantName = "[No Variations]"
Add component (AddParameter): Name = "PackageReference"; Value = "AXIAL-0.5"; VariantName = "[No Variations]"
Add component (AddParameter): Name = "Published"; Value = "8-Jun-2000"; VariantName = "[No Variations]"
Add component (AddParameter): Name = "Publisher"; Value = "Altium Limited"; VariantName = "[No Variations]"
Add component (AddParameter): Name = "Value"; Value = "3.3"; VariantName = "[No Variations]"
Added Component: Designator=R44_9(RES2512)
Add component (AddParameter): Name = "LatestRevisionDate"; Value = "17-Jul-2002"; VariantName = "[No Variations]"
Add component (AddParameter): Name = "LatestRevisionNote"; Value = "Re-released for DXP Platform."; VariantName = "[No Variations]"
Add component (AddParameter): Name = "PackageReference"; Value = "AXIAL-0.5"; VariantName = "[No Variations]"
Add component (AddParameter): Name = "Published"; Value = "8-Jun-2000"; VariantName = "[No Variations]"
Add component (AddParameter): Name = "Publisher"; Value = "Altium Limited"; VariantName = "[No Variations]"
Add component (AddParameter): Name = "Value"; Value = "3.3"; VariantName = "[No Variations]"
Added Component: Designator=R44_10(RES2512)
Add component (AddParameter): Name = "LatestRevisionDate"; Value = "17-Jul-2002"; VariantName = "[No Variations]"
Add component (AddParameter): Name = "LatestRevisionNote"; Value = "Re-released for DXP Platform."; VariantName = "[No Variations]"
Add component (AddParameter): Name = "PackageReference"; Value = "AXIAL-0.5"; VariantName = "[No Variations]"
Add component (AddParameter): Name = "Published"; Value = "8-Jun-2000"; VariantName = "[No Variations]"
Add component (AddParameter): Name = "Publisher"; Value = "Altium Limited"; VariantName = "[No Variations]"
Add component (AddParameter): Name = "Value"; Value = "3.3"; VariantName = "[No Variations]"
Added Component: Designator=R44_11(RES2512)
Add component (AddParameter): Name = "LatestRevisionDate"; Value = "17-Jul-2002"; VariantName = "[No Variations]"
Add component (AddParameter): Name = "LatestRevisionNote"; Value = "Re-released for DXP Platform."; VariantName = "[No Variations]"
Add component (AddParameter): Name = "PackageReference"; Value = "AXIAL-0.5"; VariantName = "[No Variations]"
Add component (AddParameter): Name = "Published"; Value = "8-Jun-2000"; VariantName = "[No Variations]"
Add component (AddParameter): Name = "Publisher"; Value = "Altium Limited"; VariantName = "[No Variations]"
Add component (AddParameter): Name = "Value"; Value = "3.3"; VariantName = "[No Variations]"
Added Component: Designator=R44_12(RES2512)
Add component (AddParameter): Name = "LatestRevisionDate"; Value = "17-Jul-2002"; VariantName = "[No Variations]"
Add component (AddParameter): Name = "LatestRevisionNote"; Value = "Re-released for DXP Platform."; VariantName = "[No Variations]"
Add component (AddParameter): Name = "PackageReference"; Value = "AXIAL-0.5"; VariantName = "[No Variations]"
Add component (AddParameter): Name = "Published"; Value = "8-Jun-2000"; VariantName = "[No Variations]"
Add component (AddParameter): Name = "Publisher"; Value = "Altium Limited"; VariantName = "[No Variations]"
Add component (AddParameter): Name = "Value"; Value = "3.3"; VariantName = "[No Variations]"
Added Component: Designator=R44_13(RES2512)
Add component (AddParameter): Name = "LatestRevisionDate"; Value = "17-Jul-2002"; VariantName = "[No Variations]"
Add component (AddParameter): Name = "LatestRevisionNote"; Value = "Re-released for DXP Platform."; VariantName = "[No Variations]"
Add component (AddParameter): Name = "PackageReference"; Value = "AXIAL-0.5"; VariantName = "[No Variations]"
Add component (AddParameter): Name = "Published"; Value = "8-Jun-2000"; VariantName = "[No Variations]"
Add component (AddParameter): Name = "Publisher"; Value = "Altium Limited"; VariantName = "[No Variations]"
Add component (AddParameter): Name = "Value"; Value = "3.3"; VariantName = "[No Variations]"
Added Component: Designator=R44_14(RES2512)
Add component (AddParameter): Name = "LatestRevisionDate"; Value = "17-Jul-2002"; VariantName = "[No Variations]"
Add component (AddParameter): Name = "LatestRevisionNote"; Value = "Re-released for DXP Platform."; VariantName = "[No Variations]"
Add component (AddParameter): Name = "PackageReference"; Value = "AXIAL-0.5"; VariantName = "[No Variations]"
Add component (AddParameter): Name = "Published"; Value = "8-Jun-2000"; VariantName = "[No Variations]"
Add component (AddParameter): Name = "Publisher"; Value = "Altium Limited"; VariantName = "[No Variations]"
Add component (AddParameter): Name = "Value"; Value = "3.3"; VariantName = "[No Variations]"
Added Component: Designator=R44_15(RES2512)
Add component (AddParameter): Name = "LatestRevisionDate"; Value = "17-Jul-2002"; VariantName = "[No Variations]"
Add component (AddParameter): Name = "LatestRevisionNote"; Value = "Re-released for DXP Platform."; VariantName = "[No Variations]"
Add component (AddParameter): Name = "PackageReference"; Value = "AXIAL-0.5"; VariantName = "[No Variations]"
Add component (AddParameter): Name = "Published"; Value = "8-Jun-2000"; VariantName = "[No Variations]"
Add component (AddParameter): Name = "Publisher"; Value = "Altium Limited"; VariantName = "[No Variations]"
Add component (AddParameter): Name = "Value"; Value = "3.3"; VariantName = "[No Variations]"
Added Component: Designator=R44_16(RES2512)
Add component (AddParameter): Name = "LatestRevisionDate"; Value = "17-Jul-2002"; VariantName = "[No Variations]"
Add component (AddParameter): Name = "LatestRevisionNote"; Value = "Re-released for DXP Platform."; VariantName = "[No Variations]"
Add component (AddParameter): Name = "PackageReference"; Value = "AXIAL-0.5"; VariantName = "[No Variations]"
Add component (AddParameter): Name = "Published"; Value = "8-Jun-2000"; VariantName = "[No Variations]"
Add component (AddParameter): Name = "Publisher"; Value = "Altium Limited"; VariantName = "[No Variations]"
Add component (AddParameter): Name = "Value"; Value = "3.3"; VariantName = "[No Variations]"
Added Component: Designator=R45_1(RESC0603)
Add component (AddParameter): Name = "LatestRevisionDate"; Value = "17-Jul-2002"; VariantName = "[No Variations]"
Add component (AddParameter): Name = "LatestRevisionNote"; Value = "Re-released for DXP Platform."; VariantName = "[No Variations]"
Add component (AddParameter): Name = "PackageReference"; Value = "AXIAL-0.5"; VariantName = "[No Variations]"
Add component (AddParameter): Name = "Published"; Value = "8-Jun-2000"; VariantName = "[No Variations]"
Add component (AddParameter): Name = "Publisher"; Value = "Altium Limited"; VariantName = "[No Variations]"
Add component (AddParameter): Name = "Value"; Value = "300"; VariantName = "[No Variations]"
Added Component: Designator=R45_2(RESC0603)
Add component (AddParameter): Name = "LatestRevisionDate"; Value = "17-Jul-2002"; VariantName = "[No Variations]"
Add component (AddParameter): Name = "LatestRevisionNote"; Value = "Re-released for DXP Platform."; VariantName = "[No Variations]"
Add component (AddParameter): Name = "PackageReference"; Value = "AXIAL-0.5"; VariantName = "[No Variations]"
Add component (AddParameter): Name = "Published"; Value = "8-Jun-2000"; VariantName = "[No Variations]"
Add component (AddParameter): Name = "Publisher"; Value = "Altium Limited"; VariantName = "[No Variations]"
Add component (AddParameter): Name = "Value"; Value = "300"; VariantName = "[No Variations]"
Added Component: Designator=R45_3(RESC0603)
Add component (AddParameter): Name = "LatestRevisionDate"; Value = "17-Jul-2002"; VariantName = "[No Variations]"
Add component (AddParameter): Name = "LatestRevisionNote"; Value = "Re-released for DXP Platform."; VariantName = "[No Variations]"
Add component (AddParameter): Name = "PackageReference"; Value = "AXIAL-0.5"; VariantName = "[No Variations]"
Add component (AddParameter): Name = "Published"; Value = "8-Jun-2000"; VariantName = "[No Variations]"
Add component (AddParameter): Name = "Publisher"; Value = "Altium Limited"; VariantName = "[No Variations]"
Add component (AddParameter): Name = "Value"; Value = "300"; VariantName = "[No Variations]"
Added Component: Designator=R45_4(RESC0603)
Add component (AddParameter): Name = "LatestRevisionDate"; Value = "17-Jul-2002"; VariantName = "[No Variations]"
Add component (AddParameter): Name = "LatestRevisionNote"; Value = "Re-released for DXP Platform."; VariantName = "[No Variations]"
Add component (AddParameter): Name = "PackageReference"; Value = "AXIAL-0.5"; VariantName = "[No Variations]"
Add component (AddParameter): Name = "Published"; Value = "8-Jun-2000"; VariantName = "[No Variations]"
Add component (AddParameter): Name = "Publisher"; Value = "Altium Limited"; VariantName = "[No Variations]"
Add component (AddParameter): Name = "Value"; Value = "300"; VariantName = "[No Variations]"
Added Component: Designator=R45_5(RESC0603)
Add component (AddParameter): Name = "LatestRevisionDate"; Value = "17-Jul-2002"; VariantName = "[No Variations]"
Add component (AddParameter): Name = "LatestRevisionNote"; Value = "Re-released for DXP Platform."; VariantName = "[No Variations]"
Add component (AddParameter): Name = "PackageReference"; Value = "AXIAL-0.5"; VariantName = "[No Variations]"
Add component (AddParameter): Name = "Published"; Value = "8-Jun-2000"; VariantName = "[No Variations]"
Add component (AddParameter): Name = "Publisher"; Value = "Altium Limited"; VariantName = "[No Variations]"
Add component (AddParameter): Name = "Value"; Value = "300"; VariantName = "[No Variations]"
Added Component: Designator=R45_6(RESC0603)
Add component (AddParameter): Name = "LatestRevisionDate"; Value = "17-Jul-2002"; VariantName = "[No Variations]"
Add component (AddParameter): Name = "LatestRevisionNote"; Value = "Re-released for DXP Platform."; VariantName = "[No Variations]"
Add component (AddParameter): Name = "PackageReference"; Value = "AXIAL-0.5"; VariantName = "[No Variations]"
Add component (AddParameter): Name = "Published"; Value = "8-Jun-2000"; VariantName = "[No Variations]"
Add component (AddParameter): Name = "Publisher"; Value = "Altium Limited"; VariantName = "[No Variations]"
Add component (AddParameter): Name = "Value"; Value = "300"; VariantName = "[No Variations]"
Added Component: Designator=R45_7(RESC0603)
Add component (AddParameter): Name = "LatestRevisionDate"; Value = "17-Jul-2002"; VariantName = "[No Variations]"
Add component (AddParameter): Name = "LatestRevisionNote"; Value = "Re-released for DXP Platform."; VariantName = "[No Variations]"
Add component (AddParameter): Name = "PackageReference"; Value = "AXIAL-0.5"; VariantName = "[No Variations]"
Add component (AddParameter): Name = "Published"; Value = "8-Jun-2000"; VariantName = "[No Variations]"
Add component (AddParameter): Name = "Publisher"; Value = "Altium Limited"; VariantName = "[No Variations]"
Add component (AddParameter): Name = "Value"; Value = "300"; VariantName = "[No Variations]"
Added Component: Designator=R45_8(RESC0603)
Add component (AddParameter): Name = "LatestRevisionDate"; Value = "17-Jul-2002"; VariantName = "[No Variations]"
Add component (AddParameter): Name = "LatestRevisionNote"; Value = "Re-released for DXP Platform."; VariantName = "[No Variations]"
Add component (AddParameter): Name = "PackageReference"; Value = "AXIAL-0.5"; VariantName = "[No Variations]"
Add component (AddParameter): Name = "Published"; Value = "8-Jun-2000"; VariantName = "[No Variations]"
Add component (AddParameter): Name = "Publisher"; Value = "Altium Limited"; VariantName = "[No Variations]"
Add component (AddParameter): Name = "Value"; Value = "300"; VariantName = "[No Variations]"
Added Component: Designator=R45_9(RESC0603)
Add component (AddParameter): Name = "LatestRevisionDate"; Value = "17-Jul-2002"; VariantName = "[No Variations]"
Add component (AddParameter): Name = "LatestRevisionNote"; Value = "Re-released for DXP Platform."; VariantName = "[No Variations]"
Add component (AddParameter): Name = "PackageReference"; Value = "AXIAL-0.5"; VariantName = "[No Variations]"
Add component (AddParameter): Name = "Published"; Value = "8-Jun-2000"; VariantName = "[No Variations]"
Add component (AddParameter): Name = "Publisher"; Value = "Altium Limited"; VariantName = "[No Variations]"
Add component (AddParameter): Name = "Value"; Value = "300"; VariantName = "[No Variations]"
Added Component: Designator=R45_10(RESC0603)
Add component (AddParameter): Name = "LatestRevisionDate"; Value = "17-Jul-2002"; VariantName = "[No Variations]"
Add component (AddParameter): Name = "LatestRevisionNote"; Value = "Re-released for DXP Platform."; VariantName = "[No Variations]"
Add component (AddParameter): Name = "PackageReference"; Value = "AXIAL-0.5"; VariantName = "[No Variations]"
Add component (AddParameter): Name = "Published"; Value = "8-Jun-2000"; VariantName = "[No Variations]"
Add component (AddParameter): Name = "Publisher"; Value = "Altium Limited"; VariantName = "[No Variations]"
Add component (AddParameter): Name = "Value"; Value = "300"; VariantName = "[No Variations]"
Added Component: Designator=R45_11(RESC0603)
Add component (AddParameter): Name = "LatestRevisionDate"; Value = "17-Jul-2002"; VariantName = "[No Variations]"
Add component (AddParameter): Name = "LatestRevisionNote"; Value = "Re-released for DXP Platform."; VariantName = "[No Variations]"
Add component (AddParameter): Name = "PackageReference"; Value = "AXIAL-0.5"; VariantName = "[No Variations]"
Add component (AddParameter): Name = "Published"; Value = "8-Jun-2000"; VariantName = "[No Variations]"
Add component (AddParameter): Name = "Publisher"; Value = "Altium Limited"; VariantName = "[No Variations]"
Add component (AddParameter): Name = "Value"; Value = "300"; VariantName = "[No Variations]"
Added Component: Designator=R45_12(RESC0603)
Add component (AddParameter): Name = "LatestRevisionDate"; Value = "17-Jul-2002"; VariantName = "[No Variations]"
Add component (AddParameter): Name = "LatestRevisionNote"; Value = "Re-released for DXP Platform."; VariantName = "[No Variations]"
Add component (AddParameter): Name = "PackageReference"; Value = "AXIAL-0.5"; VariantName = "[No Variations]"
Add component (AddParameter): Name = "Published"; Value = "8-Jun-2000"; VariantName = "[No Variations]"
Add component (AddParameter): Name = "Publisher"; Value = "Altium Limited"; VariantName = "[No Variations]"
Add component (AddParameter): Name = "Value"; Value = "300"; VariantName = "[No Variations]"
Added Component: Designator=R45_13(RESC0603)
Add component (AddParameter): Name = "LatestRevisionDate"; Value = "17-Jul-2002"; VariantName = "[No Variations]"
Add component (AddParameter): Name = "LatestRevisionNote"; Value = "Re-released for DXP Platform."; VariantName = "[No Variations]"
Add component (AddParameter): Name = "PackageReference"; Value = "AXIAL-0.5"; VariantName = "[No Variations]"
Add component (AddParameter): Name = "Published"; Value = "8-Jun-2000"; VariantName = "[No Variations]"
Add component (AddParameter): Name = "Publisher"; Value = "Altium Limited"; VariantName = "[No Variations]"
Add component (AddParameter): Name = "Value"; Value = "300"; VariantName = "[No Variations]"
Added Component: Designator=R45_14(RESC0603)
Add component (AddParameter): Name = "LatestRevisionDate"; Value = "17-Jul-2002"; VariantName = "[No Variations]"
Add component (AddParameter): Name = "LatestRevisionNote"; Value = "Re-released for DXP Platform."; VariantName = "[No Variations]"
Add component (AddParameter): Name = "PackageReference"; Value = "AXIAL-0.5"; VariantName = "[No Variations]"
Add component (AddParameter): Name = "Published"; Value = "8-Jun-2000"; VariantName = "[No Variations]"
Add component (AddParameter): Name = "Publisher"; Value = "Altium Limited"; VariantName = "[No Variations]"
Add component (AddParameter): Name = "Value"; Value = "300"; VariantName = "[No Variations]"
Added Component: Designator=R45_15(RESC0603)
Add component (AddParameter): Name = "LatestRevisionDate"; Value = "17-Jul-2002"; VariantName = "[No Variations]"
Add component (AddParameter): Name = "LatestRevisionNote"; Value = "Re-released for DXP Platform."; VariantName = "[No Variations]"
Add component (AddParameter): Name = "PackageReference"; Value = "AXIAL-0.5"; VariantName = "[No Variations]"
Add component (AddParameter): Name = "Published"; Value = "8-Jun-2000"; VariantName = "[No Variations]"
Add component (AddParameter): Name = "Publisher"; Value = "Altium Limited"; VariantName = "[No Variations]"
Add component (AddParameter): Name = "Value"; Value = "300"; VariantName = "[No Variations]"
Added Component: Designator=R45_16(RESC0603)
Add component (AddParameter): Name = "LatestRevisionDate"; Value = "17-Jul-2002"; VariantName = "[No Variations]"
Add component (AddParameter): Name = "LatestRevisionNote"; Value = "Re-released for DXP Platform."; VariantName = "[No Variations]"
Add component (AddParameter): Name = "PackageReference"; Value = "AXIAL-0.5"; VariantName = "[No Variations]"
Add component (AddParameter): Name = "Published"; Value = "8-Jun-2000"; VariantName = "[No Variations]"
Add component (AddParameter): Name = "Publisher"; Value = "Altium Limited"; VariantName = "[No Variations]"
Add component (AddParameter): Name = "Value"; Value = "300"; VariantName = "[No Variations]"
Added Component: Designator=R46_1(RESC0603)
Add component (AddParameter): Name = "LatestRevisionDate"; Value = "17-Jul-2002"; VariantName = "[No Variations]"
Add component (AddParameter): Name = "LatestRevisionNote"; Value = "Re-released for DXP Platform."; VariantName = "[No Variations]"
Add component (AddParameter): Name = "PackageReference"; Value = "AXIAL-0.5"; VariantName = "[No Variations]"
Add component (AddParameter): Name = "Published"; Value = "8-Jun-2000"; VariantName = "[No Variations]"
Add component (AddParameter): Name = "Publisher"; Value = "Altium Limited"; VariantName = "[No Variations]"
Add component (AddParameter): Name = "Value"; Value = "200"; VariantName = "[No Variations]"
Added Component: Designator=R46_2(RESC0603)
Add component (AddParameter): Name = "LatestRevisionDate"; Value = "17-Jul-2002"; VariantName = "[No Variations]"
Add component (AddParameter): Name = "LatestRevisionNote"; Value = "Re-released for DXP Platform."; VariantName = "[No Variations]"
Add component (AddParameter): Name = "PackageReference"; Value = "AXIAL-0.5"; VariantName = "[No Variations]"
Add component (AddParameter): Name = "Published"; Value = "8-Jun-2000"; VariantName = "[No Variations]"
Add component (AddParameter): Name = "Publisher"; Value = "Altium Limited"; VariantName = "[No Variations]"
Add component (AddParameter): Name = "Value"; Value = "200"; VariantName = "[No Variations]"
Added Component: Designator=R46_3(RESC0603)
Add component (AddParameter): Name = "LatestRevisionDate"; Value = "17-Jul-2002"; VariantName = "[No Variations]"
Add component (AddParameter): Name = "LatestRevisionNote"; Value = "Re-released for DXP Platform."; VariantName = "[No Variations]"
Add component (AddParameter): Name = "PackageReference"; Value = "AXIAL-0.5"; VariantName = "[No Variations]"
Add component (AddParameter): Name = "Published"; Value = "8-Jun-2000"; VariantName = "[No Variations]"
Add component (AddParameter): Name = "Publisher"; Value = "Altium Limited"; VariantName = "[No Variations]"
Add component (AddParameter): Name = "Value"; Value = "200"; VariantName = "[No Variations]"
Added Component: Designator=R46_4(RESC0603)
Add component (AddParameter): Name = "LatestRevisionDate"; Value = "17-Jul-2002"; VariantName = "[No Variations]"
Add component (AddParameter): Name = "LatestRevisionNote"; Value = "Re-released for DXP Platform."; VariantName = "[No Variations]"
Add component (AddParameter): Name = "PackageReference"; Value = "AXIAL-0.5"; VariantName = "[No Variations]"
Add component (AddParameter): Name = "Published"; Value = "8-Jun-2000"; VariantName = "[No Variations]"
Add component (AddParameter): Name = "Publisher"; Value = "Altium Limited"; VariantName = "[No Variations]"
Add component (AddParameter): Name = "Value"; Value = "200"; VariantName = "[No Variations]"
Added Component: Designator=R46_5(RESC0603)
Add component (AddParameter): Name = "LatestRevisionDate"; Value = "17-Jul-2002"; VariantName = "[No Variations]"
Add component (AddParameter): Name = "LatestRevisionNote"; Value = "Re-released for DXP Platform."; VariantName = "[No Variations]"
Add component (AddParameter): Name = "PackageReference"; Value = "AXIAL-0.5"; VariantName = "[No Variations]"
Add component (AddParameter): Name = "Published"; Value = "8-Jun-2000"; VariantName = "[No Variations]"
Add component (AddParameter): Name = "Publisher"; Value = "Altium Limited"; VariantName = "[No Variations]"
Add component (AddParameter): Name = "Value"; Value = "200"; VariantName = "[No Variations]"
Added Component: Designator=R46_6(RESC0603)
Add component (AddParameter): Name = "LatestRevisionDate"; Value = "17-Jul-2002"; VariantName = "[No Variations]"
Add component (AddParameter): Name = "LatestRevisionNote"; Value = "Re-released for DXP Platform."; VariantName = "[No Variations]"
Add component (AddParameter): Name = "PackageReference"; Value = "AXIAL-0.5"; VariantName = "[No Variations]"
Add component (AddParameter): Name = "Published"; Value = "8-Jun-2000"; VariantName = "[No Variations]"
Add component (AddParameter): Name = "Publisher"; Value = "Altium Limited"; VariantName = "[No Variations]"
Add component (AddParameter): Name = "Value"; Value = "200"; VariantName = "[No Variations]"
Added Component: Designator=R46_7(RESC0603)
Add component (AddParameter): Name = "LatestRevisionDate"; Value = "17-Jul-2002"; VariantName = "[No Variations]"
Add component (AddParameter): Name = "LatestRevisionNote"; Value = "Re-released for DXP Platform."; VariantName = "[No Variations]"
Add component (AddParameter): Name = "PackageReference"; Value = "AXIAL-0.5"; VariantName = "[No Variations]"
Add component (AddParameter): Name = "Published"; Value = "8-Jun-2000"; VariantName = "[No Variations]"
Add component (AddParameter): Name = "Publisher"; Value = "Altium Limited"; VariantName = "[No Variations]"
Add component (AddParameter): Name = "Value"; Value = "200"; VariantName = "[No Variations]"
Added Component: Designator=R46_8(RESC0603)
Add component (AddParameter): Name = "LatestRevisionDate"; Value = "17-Jul-2002"; VariantName = "[No Variations]"
Add component (AddParameter): Name = "LatestRevisionNote"; Value = "Re-released for DXP Platform."; VariantName = "[No Variations]"
Add component (AddParameter): Name = "PackageReference"; Value = "AXIAL-0.5"; VariantName = "[No Variations]"
Add component (AddParameter): Name = "Published"; Value = "8-Jun-2000"; VariantName = "[No Variations]"
Add component (AddParameter): Name = "Publisher"; Value = "Altium Limited"; VariantName = "[No Variations]"
Add component (AddParameter): Name = "Value"; Value = "200"; VariantName = "[No Variations]"
Added Component: Designator=R46_9(RESC0603)
Add component (AddParameter): Name = "LatestRevisionDate"; Value = "17-Jul-2002"; VariantName = "[No Variations]"
Add component (AddParameter): Name = "LatestRevisionNote"; Value = "Re-released for DXP Platform."; VariantName = "[No Variations]"
Add component (AddParameter): Name = "PackageReference"; Value = "AXIAL-0.5"; VariantName = "[No Variations]"
Add component (AddParameter): Name = "Published"; Value = "8-Jun-2000"; VariantName = "[No Variations]"
Add component (AddParameter): Name = "Publisher"; Value = "Altium Limited"; VariantName = "[No Variations]"
Add component (AddParameter): Name = "Value"; Value = "200"; VariantName = "[No Variations]"
Added Component: Designator=R46_10(RESC0603)
Add component (AddParameter): Name = "LatestRevisionDate"; Value = "17-Jul-2002"; VariantName = "[No Variations]"
Add component (AddParameter): Name = "LatestRevisionNote"; Value = "Re-released for DXP Platform."; VariantName = "[No Variations]"
Add component (AddParameter): Name = "PackageReference"; Value = "AXIAL-0.5"; VariantName = "[No Variations]"
Add component (AddParameter): Name = "Published"; Value = "8-Jun-2000"; VariantName = "[No Variations]"
Add component (AddParameter): Name = "Publisher"; Value = "Altium Limited"; VariantName = "[No Variations]"
Add component (AddParameter): Name = "Value"; Value = "200"; VariantName = "[No Variations]"
Added Component: Designator=R46_11(RESC0603)
Add component (AddParameter): Name = "LatestRevisionDate"; Value = "17-Jul-2002"; VariantName = "[No Variations]"
Add component (AddParameter): Name = "LatestRevisionNote"; Value = "Re-released for DXP Platform."; VariantName = "[No Variations]"
Add component (AddParameter): Name = "PackageReference"; Value = "AXIAL-0.5"; VariantName = "[No Variations]"
Add component (AddParameter): Name = "Published"; Value = "8-Jun-2000"; VariantName = "[No Variations]"
Add component (AddParameter): Name = "Publisher"; Value = "Altium Limited"; VariantName = "[No Variations]"
Add component (AddParameter): Name = "Value"; Value = "200"; VariantName = "[No Variations]"
Added Component: Designator=R46_12(RESC0603)
Add component (AddParameter): Name = "LatestRevisionDate"; Value = "17-Jul-2002"; VariantName = "[No Variations]"
Add component (AddParameter): Name = "LatestRevisionNote"; Value = "Re-released for DXP Platform."; VariantName = "[No Variations]"
Add component (AddParameter): Name = "PackageReference"; Value = "AXIAL-0.5"; VariantName = "[No Variations]"
Add component (AddParameter): Name = "Published"; Value = "8-Jun-2000"; VariantName = "[No Variations]"
Add component (AddParameter): Name = "Publisher"; Value = "Altium Limited"; VariantName = "[No Variations]"
Add component (AddParameter): Name = "Value"; Value = "200"; VariantName = "[No Variations]"
Added Component: Designator=R46_13(RESC0603)
Add component (AddParameter): Name = "LatestRevisionDate"; Value = "17-Jul-2002"; VariantName = "[No Variations]"
Add component (AddParameter): Name = "LatestRevisionNote"; Value = "Re-released for DXP Platform."; VariantName = "[No Variations]"
Add component (AddParameter): Name = "PackageReference"; Value = "AXIAL-0.5"; VariantName = "[No Variations]"
Add component (AddParameter): Name = "Published"; Value = "8-Jun-2000"; VariantName = "[No Variations]"
Add component (AddParameter): Name = "Publisher"; Value = "Altium Limited"; VariantName = "[No Variations]"
Add component (AddParameter): Name = "Value"; Value = "200"; VariantName = "[No Variations]"
Added Component: Designator=R46_14(RESC0603)
Add component (AddParameter): Name = "LatestRevisionDate"; Value = "17-Jul-2002"; VariantName = "[No Variations]"
Add component (AddParameter): Name = "LatestRevisionNote"; Value = "Re-released for DXP Platform."; VariantName = "[No Variations]"
Add component (AddParameter): Name = "PackageReference"; Value = "AXIAL-0.5"; VariantName = "[No Variations]"
Add component (AddParameter): Name = "Published"; Value = "8-Jun-2000"; VariantName = "[No Variations]"
Add component (AddParameter): Name = "Publisher"; Value = "Altium Limited"; VariantName = "[No Variations]"
Add component (AddParameter): Name = "Value"; Value = "200"; VariantName = "[No Variations]"
Added Component: Designator=R46_15(RESC0603)
Add component (AddParameter): Name = "LatestRevisionDate"; Value = "17-Jul-2002"; VariantName = "[No Variations]"
Add component (AddParameter): Name = "LatestRevisionNote"; Value = "Re-released for DXP Platform."; VariantName = "[No Variations]"
Add component (AddParameter): Name = "PackageReference"; Value = "AXIAL-0.5"; VariantName = "[No Variations]"
Add component (AddParameter): Name = "Published"; Value = "8-Jun-2000"; VariantName = "[No Variations]"
Add component (AddParameter): Name = "Publisher"; Value = "Altium Limited"; VariantName = "[No Variations]"
Add component (AddParameter): Name = "Value"; Value = "200"; VariantName = "[No Variations]"
Added Component: Designator=R46_16(RESC0603)
Add component (AddParameter): Name = "LatestRevisionDate"; Value = "17-Jul-2002"; VariantName = "[No Variations]"
Add component (AddParameter): Name = "LatestRevisionNote"; Value = "Re-released for DXP Platform."; VariantName = "[No Variations]"
Add component (AddParameter): Name = "PackageReference"; Value = "AXIAL-0.5"; VariantName = "[No Variations]"
Add component (AddParameter): Name = "Published"; Value = "8-Jun-2000"; VariantName = "[No Variations]"
Add component (AddParameter): Name = "Publisher"; Value = "Altium Limited"; VariantName = "[No Variations]"
Add component (AddParameter): Name = "Value"; Value = "200"; VariantName = "[No Variations]"
Added Component: Designator=R47_1(RESC0603)
Add component (AddParameter): Name = "LatestRevisionDate"; Value = "17-Jul-2002"; VariantName = "[No Variations]"
Add component (AddParameter): Name = "LatestRevisionNote"; Value = "Re-released for DXP Platform."; VariantName = "[No Variations]"
Add component (AddParameter): Name = "PackageReference"; Value = "AXIAL-0.5"; VariantName = "[No Variations]"
Add component (AddParameter): Name = "Published"; Value = "8-Jun-2000"; VariantName = "[No Variations]"
Add component (AddParameter): Name = "Publisher"; Value = "Altium Limited"; VariantName = "[No Variations]"
Add component (AddParameter): Name = "Value"; Value = "100"; VariantName = "[No Variations]"
Added Component: Designator=R47_2(RESC0603)
Add component (AddParameter): Name = "LatestRevisionDate"; Value = "17-Jul-2002"; VariantName = "[No Variations]"
Add component (AddParameter): Name = "LatestRevisionNote"; Value = "Re-released for DXP Platform."; VariantName = "[No Variations]"
Add component (AddParameter): Name = "PackageReference"; Value = "AXIAL-0.5"; VariantName = "[No Variations]"
Add component (AddParameter): Name = "Published"; Value = "8-Jun-2000"; VariantName = "[No Variations]"
Add component (AddParameter): Name = "Publisher"; Value = "Altium Limited"; VariantName = "[No Variations]"
Add component (AddParameter): Name = "Value"; Value = "100"; VariantName = "[No Variations]"
Added Component: Designator=R47_3(RESC0603)
Add component (AddParameter): Name = "LatestRevisionDate"; Value = "17-Jul-2002"; VariantName = "[No Variations]"
Add component (AddParameter): Name = "LatestRevisionNote"; Value = "Re-released for DXP Platform."; VariantName = "[No Variations]"
Add component (AddParameter): Name = "PackageReference"; Value = "AXIAL-0.5"; VariantName = "[No Variations]"
Add component (AddParameter): Name = "Published"; Value = "8-Jun-2000"; VariantName = "[No Variations]"
Add component (AddParameter): Name = "Publisher"; Value = "Altium Limited"; VariantName = "[No Variations]"
Add component (AddParameter): Name = "Value"; Value = "100"; VariantName = "[No Variations]"
Added Component: Designator=R47_4(RESC0603)
Add component (AddParameter): Name = "LatestRevisionDate"; Value = "17-Jul-2002"; VariantName = "[No Variations]"
Add component (AddParameter): Name = "LatestRevisionNote"; Value = "Re-released for DXP Platform."; VariantName = "[No Variations]"
Add component (AddParameter): Name = "PackageReference"; Value = "AXIAL-0.5"; VariantName = "[No Variations]"
Add component (AddParameter): Name = "Published"; Value = "8-Jun-2000"; VariantName = "[No Variations]"
Add component (AddParameter): Name = "Publisher"; Value = "Altium Limited"; VariantName = "[No Variations]"
Add component (AddParameter): Name = "Value"; Value = "100"; VariantName = "[No Variations]"
Added Component: Designator=R47_5(RESC0603)
Add component (AddParameter): Name = "LatestRevisionDate"; Value = "17-Jul-2002"; VariantName = "[No Variations]"
Add component (AddParameter): Name = "LatestRevisionNote"; Value = "Re-released for DXP Platform."; VariantName = "[No Variations]"
Add component (AddParameter): Name = "PackageReference"; Value = "AXIAL-0.5"; VariantName = "[No Variations]"
Add component (AddParameter): Name = "Published"; Value = "8-Jun-2000"; VariantName = "[No Variations]"
Add component (AddParameter): Name = "Publisher"; Value = "Altium Limited"; VariantName = "[No Variations]"
Add component (AddParameter): Name = "Value"; Value = "100"; VariantName = "[No Variations]"
Added Component: Designator=R47_6(RESC0603)
Add component (AddParameter): Name = "LatestRevisionDate"; Value = "17-Jul-2002"; VariantName = "[No Variations]"
Add component (AddParameter): Name = "LatestRevisionNote"; Value = "Re-released for DXP Platform."; VariantName = "[No Variations]"
Add component (AddParameter): Name = "PackageReference"; Value = "AXIAL-0.5"; VariantName = "[No Variations]"
Add component (AddParameter): Name = "Published"; Value = "8-Jun-2000"; VariantName = "[No Variations]"
Add component (AddParameter): Name = "Publisher"; Value = "Altium Limited"; VariantName = "[No Variations]"
Add component (AddParameter): Name = "Value"; Value = "100"; VariantName = "[No Variations]"
Added Component: Designator=R47_7(RESC0603)
Add component (AddParameter): Name = "LatestRevisionDate"; Value = "17-Jul-2002"; VariantName = "[No Variations]"
Add component (AddParameter): Name = "LatestRevisionNote"; Value = "Re-released for DXP Platform."; VariantName = "[No Variations]"
Add component (AddParameter): Name = "PackageReference"; Value = "AXIAL-0.5"; VariantName = "[No Variations]"
Add component (AddParameter): Name = "Published"; Value = "8-Jun-2000"; VariantName = "[No Variations]"
Add component (AddParameter): Name = "Publisher"; Value = "Altium Limited"; VariantName = "[No Variations]"
Add component (AddParameter): Name = "Value"; Value = "100"; VariantName = "[No Variations]"
Added Component: Designator=R47_8(RESC0603)
Add component (AddParameter): Name = "LatestRevisionDate"; Value = "17-Jul-2002"; VariantName = "[No Variations]"
Add component (AddParameter): Name = "LatestRevisionNote"; Value = "Re-released for DXP Platform."; VariantName = "[No Variations]"
Add component (AddParameter): Name = "PackageReference"; Value = "AXIAL-0.5"; VariantName = "[No Variations]"
Add component (AddParameter): Name = "Published"; Value = "8-Jun-2000"; VariantName = "[No Variations]"
Add component (AddParameter): Name = "Publisher"; Value = "Altium Limited"; VariantName = "[No Variations]"
Add component (AddParameter): Name = "Value"; Value = "100"; VariantName = "[No Variations]"
Added Component: Designator=R47_9(RESC0603)
Add component (AddParameter): Name = "LatestRevisionDate"; Value = "17-Jul-2002"; VariantName = "[No Variations]"
Add component (AddParameter): Name = "LatestRevisionNote"; Value = "Re-released for DXP Platform."; VariantName = "[No Variations]"
Add component (AddParameter): Name = "PackageReference"; Value = "AXIAL-0.5"; VariantName = "[No Variations]"
Add component (AddParameter): Name = "Published"; Value = "8-Jun-2000"; VariantName = "[No Variations]"
Add component (AddParameter): Name = "Publisher"; Value = "Altium Limited"; VariantName = "[No Variations]"
Add component (AddParameter): Name = "Value"; Value = "100"; VariantName = "[No Variations]"
Added Component: Designator=R47_10(RESC0603)
Add component (AddParameter): Name = "LatestRevisionDate"; Value = "17-Jul-2002"; VariantName = "[No Variations]"
Add component (AddParameter): Name = "LatestRevisionNote"; Value = "Re-released for DXP Platform."; VariantName = "[No Variations]"
Add component (AddParameter): Name = "PackageReference"; Value = "AXIAL-0.5"; VariantName = "[No Variations]"
Add component (AddParameter): Name = "Published"; Value = "8-Jun-2000"; VariantName = "[No Variations]"
Add component (AddParameter): Name = "Publisher"; Value = "Altium Limited"; VariantName = "[No Variations]"
Add component (AddParameter): Name = "Value"; Value = "100"; VariantName = "[No Variations]"
Added Component: Designator=R47_11(RESC0603)
Add component (AddParameter): Name = "LatestRevisionDate"; Value = "17-Jul-2002"; VariantName = "[No Variations]"
Add component (AddParameter): Name = "LatestRevisionNote"; Value = "Re-released for DXP Platform."; VariantName = "[No Variations]"
Add component (AddParameter): Name = "PackageReference"; Value = "AXIAL-0.5"; VariantName = "[No Variations]"
Add component (AddParameter): Name = "Published"; Value = "8-Jun-2000"; VariantName = "[No Variations]"
Add component (AddParameter): Name = "Publisher"; Value = "Altium Limited"; VariantName = "[No Variations]"
Add component (AddParameter): Name = "Value"; Value = "100"; VariantName = "[No Variations]"
Added Component: Designator=R47_12(RESC0603)
Add component (AddParameter): Name = "LatestRevisionDate"; Value = "17-Jul-2002"; VariantName = "[No Variations]"
Add component (AddParameter): Name = "LatestRevisionNote"; Value = "Re-released for DXP Platform."; VariantName = "[No Variations]"
Add component (AddParameter): Name = "PackageReference"; Value = "AXIAL-0.5"; VariantName = "[No Variations]"
Add component (AddParameter): Name = "Published"; Value = "8-Jun-2000"; VariantName = "[No Variations]"
Add component (AddParameter): Name = "Publisher"; Value = "Altium Limited"; VariantName = "[No Variations]"
Add component (AddParameter): Name = "Value"; Value = "100"; VariantName = "[No Variations]"
Added Component: Designator=R47_13(RESC0603)
Add component (AddParameter): Name = "LatestRevisionDate"; Value = "17-Jul-2002"; VariantName = "[No Variations]"
Add component (AddParameter): Name = "LatestRevisionNote"; Value = "Re-released for DXP Platform."; VariantName = "[No Variations]"
Add component (AddParameter): Name = "PackageReference"; Value = "AXIAL-0.5"; VariantName = "[No Variations]"
Add component (AddParameter): Name = "Published"; Value = "8-Jun-2000"; VariantName = "[No Variations]"
Add component (AddParameter): Name = "Publisher"; Value = "Altium Limited"; VariantName = "[No Variations]"
Add component (AddParameter): Name = "Value"; Value = "100"; VariantName = "[No Variations]"
Added Component: Designator=R47_14(RESC0603)
Add component (AddParameter): Name = "LatestRevisionDate"; Value = "17-Jul-2002"; VariantName = "[No Variations]"
Add component (AddParameter): Name = "LatestRevisionNote"; Value = "Re-released for DXP Platform."; VariantName = "[No Variations]"
Add component (AddParameter): Name = "PackageReference"; Value = "AXIAL-0.5"; VariantName = "[No Variations]"
Add component (AddParameter): Name = "Published"; Value = "8-Jun-2000"; VariantName = "[No Variations]"
Add component (AddParameter): Name = "Publisher"; Value = "Altium Limited"; VariantName = "[No Variations]"
Add component (AddParameter): Name = "Value"; Value = "100"; VariantName = "[No Variations]"
Added Component: Designator=R47_15(RESC0603)
Add component (AddParameter): Name = "LatestRevisionDate"; Value = "17-Jul-2002"; VariantName = "[No Variations]"
Add component (AddParameter): Name = "LatestRevisionNote"; Value = "Re-released for DXP Platform."; VariantName = "[No Variations]"
Add component (AddParameter): Name = "PackageReference"; Value = "AXIAL-0.5"; VariantName = "[No Variations]"
Add component (AddParameter): Name = "Published"; Value = "8-Jun-2000"; VariantName = "[No Variations]"
Add component (AddParameter): Name = "Publisher"; Value = "Altium Limited"; VariantName = "[No Variations]"
Add component (AddParameter): Name = "Value"; Value = "100"; VariantName = "[No Variations]"
Added Component: Designator=R47_16(RESC0603)
Add component (AddParameter): Name = "LatestRevisionDate"; Value = "17-Jul-2002"; VariantName = "[No Variations]"
Add component (AddParameter): Name = "LatestRevisionNote"; Value = "Re-released for DXP Platform."; VariantName = "[No Variations]"
Add component (AddParameter): Name = "PackageReference"; Value = "AXIAL-0.5"; VariantName = "[No Variations]"
Add component (AddParameter): Name = "Published"; Value = "8-Jun-2000"; VariantName = "[No Variations]"
Add component (AddParameter): Name = "Publisher"; Value = "Altium Limited"; VariantName = "[No Variations]"
Add component (AddParameter): Name = "Value"; Value = "100"; VariantName = "[No Variations]"
Added Component: Designator=R57_1(RESC0603)
Add component (AddParameter): Name = "LatestRevisionDate"; Value = "17-Jul-2002"; VariantName = "[No Variations]"
Add component (AddParameter): Name = "LatestRevisionNote"; Value = "Re-released for DXP Platform."; VariantName = "[No Variations]"
Add component (AddParameter): Name = "PackageReference"; Value = "AXIAL-0.5"; VariantName = "[No Variations]"
Add component (AddParameter): Name = "Published"; Value = "8-Jun-2000"; VariantName = "[No Variations]"
Add component (AddParameter): Name = "Publisher"; Value = "Altium Limited"; VariantName = "[No Variations]"
Add component (AddParameter): Name = "Value"; Value = "10K"; VariantName = "[No Variations]"
Added Component: Designator=R57_2(RESC0603)
Add component (AddParameter): Name = "LatestRevisionDate"; Value = "17-Jul-2002"; VariantName = "[No Variations]"
Add component (AddParameter): Name = "LatestRevisionNote"; Value = "Re-released for DXP Platform."; VariantName = "[No Variations]"
Add component (AddParameter): Name = "PackageReference"; Value = "AXIAL-0.5"; VariantName = "[No Variations]"
Add component (AddParameter): Name = "Published"; Value = "8-Jun-2000"; VariantName = "[No Variations]"
Add component (AddParameter): Name = "Publisher"; Value = "Altium Limited"; VariantName = "[No Variations]"
Add component (AddParameter): Name = "Value"; Value = "10K"; VariantName = "[No Variations]"
Added Component: Designator=R58_1(RESC0603)
Add component (AddParameter): Name = "LatestRevisionDate"; Value = "17-Jul-2002"; VariantName = "[No Variations]"
Add component (AddParameter): Name = "LatestRevisionNote"; Value = "Re-released for DXP Platform."; VariantName = "[No Variations]"
Add component (AddParameter): Name = "PackageReference"; Value = "AXIAL-0.5"; VariantName = "[No Variations]"
Add component (AddParameter): Name = "Published"; Value = "8-Jun-2000"; VariantName = "[No Variations]"
Add component (AddParameter): Name = "Publisher"; Value = "Altium Limited"; VariantName = "[No Variations]"
Add component (AddParameter): Name = "Value"; Value = "220"; VariantName = "[No Variations]"
Added Component: Designator=R58_2(RESC0603)
Add component (AddParameter): Name = "LatestRevisionDate"; Value = "17-Jul-2002"; VariantName = "[No Variations]"
Add component (AddParameter): Name = "LatestRevisionNote"; Value = "Re-released for DXP Platform."; VariantName = "[No Variations]"
Add component (AddParameter): Name = "PackageReference"; Value = "AXIAL-0.5"; VariantName = "[No Variations]"
Add component (AddParameter): Name = "Published"; Value = "8-Jun-2000"; VariantName = "[No Variations]"
Add component (AddParameter): Name = "Publisher"; Value = "Altium Limited"; VariantName = "[No Variations]"
Add component (AddParameter): Name = "Value"; Value = "220"; VariantName = "[No Variations]"
Added Component: Designator=R59_1(RESC0603)
Add component (AddParameter): Name = "LatestRevisionDate"; Value = "17-Jul-2002"; VariantName = "[No Variations]"
Add component (AddParameter): Name = "LatestRevisionNote"; Value = "Re-released for DXP Platform."; VariantName = "[No Variations]"
Add component (AddParameter): Name = "PackageReference"; Value = "AXIAL-0.5"; VariantName = "[No Variations]"
Add component (AddParameter): Name = "Published"; Value = "8-Jun-2000"; VariantName = "[No Variations]"
Add component (AddParameter): Name = "Publisher"; Value = "Altium Limited"; VariantName = "[No Variations]"
Add component (AddParameter): Name = "Value"; Value = "10"; VariantName = "[No Variations]"
Added Component: Designator=R59_2(RESC0603)
Add component (AddParameter): Name = "LatestRevisionDate"; Value = "17-Jul-2002"; VariantName = "[No Variations]"
Add component (AddParameter): Name = "LatestRevisionNote"; Value = "Re-released for DXP Platform."; VariantName = "[No Variations]"
Add component (AddParameter): Name = "PackageReference"; Value = "AXIAL-0.5"; VariantName = "[No Variations]"
Add component (AddParameter): Name = "Published"; Value = "8-Jun-2000"; VariantName = "[No Variations]"
Add component (AddParameter): Name = "Publisher"; Value = "Altium Limited"; VariantName = "[No Variations]"
Add component (AddParameter): Name = "Value"; Value = "10"; VariantName = "[No Variations]"
Added Component: Designator=R61_1(RESC0603)
Add component (AddParameter): Name = "LatestRevisionDate"; Value = "17-Jul-2002"; VariantName = "[No Variations]"
Add component (AddParameter): Name = "LatestRevisionNote"; Value = "Re-released for DXP Platform."; VariantName = "[No Variations]"
Add component (AddParameter): Name = "PackageReference"; Value = "AXIAL-0.5"; VariantName = "[No Variations]"
Add component (AddParameter): Name = "Published"; Value = "8-Jun-2000"; VariantName = "[No Variations]"
Add component (AddParameter): Name = "Publisher"; Value = "Altium Limited"; VariantName = "[No Variations]"
Add component (AddParameter): Name = "Value"; Value = "10K"; VariantName = "[No Variations]"
Added Component: Designator=R61_2(RESC0603)
Add component (AddParameter): Name = "LatestRevisionDate"; Value = "17-Jul-2002"; VariantName = "[No Variations]"
Add component (AddParameter): Name = "LatestRevisionNote"; Value = "Re-released for DXP Platform."; VariantName = "[No Variations]"
Add component (AddParameter): Name = "PackageReference"; Value = "AXIAL-0.5"; VariantName = "[No Variations]"
Add component (AddParameter): Name = "Published"; Value = "8-Jun-2000"; VariantName = "[No Variations]"
Add component (AddParameter): Name = "Publisher"; Value = "Altium Limited"; VariantName = "[No Variations]"
Add component (AddParameter): Name = "Value"; Value = "10K"; VariantName = "[No Variations]"
Added Component: Designator=U8_1(PC817)
Added Component: Designator=U8_2(PC817)
Added Pin To Net: NetName=-BalanceCommand_1 Pin=C25_1-1
Added Pin To Net: NetName=+BalanceCommand_1 Pin=C25_1-2
Added Pin To Net: NetName=+BalanceCommand_1 Pin=C25_2-1
Added Pin To Net: NetName=+BalanceCommand_2 Pin=C25_2-2
Added Pin To Net: NetName=+BalanceCommand_2 Pin=C25_3-1
Added Pin To Net: NetName=+BalanceCommand_3 Pin=C25_3-2
Added Pin To Net: NetName=+BalanceCommand_3 Pin=C25_4-1
Added Pin To Net: NetName=+BalanceCommand_4 Pin=C25_4-2
Added Pin To Net: NetName=+BalanceCommand_4 Pin=C25_5-1
Added Pin To Net: NetName=+BalanceCommand_5 Pin=C25_5-2
Added Pin To Net: NetName=+BalanceCommand_5 Pin=C25_6-1
Added Pin To Net: NetName=+BalanceCommand_6 Pin=C25_6-2
Added Pin To Net: NetName=+BalanceCommand_6 Pin=C25_7-1
Added Pin To Net: NetName=+BalanceCommand_7 Pin=C25_7-2
Added Pin To Net: NetName=+BalanceCommand_7 Pin=C25_8-1
Added Pin To Net: NetName=+BalanceCommand_8 Pin=C25_8-2
Added Pin To Net: NetName=+BalanceCommand_8 Pin=C25_9-1
Added Pin To Net: NetName=+BalanceCommand_9 Pin=C25_9-2
Added Pin To Net: NetName=+BalanceCommand_9 Pin=C25_10-1
Added Pin To Net: NetName=+BalanceCommand_10 Pin=C25_10-2
Added Pin To Net: NetName=+BalanceCommand_10 Pin=C25_11-1
Added Pin To Net: NetName=+BalanceCommand_11 Pin=C25_11-2
Added Pin To Net: NetName=+BalanceCommand_11 Pin=C25_12-1
Added Pin To Net: NetName=+BalanceCommand_12 Pin=C25_12-2
Added Pin To Net: NetName=+BalanceCommand_12 Pin=C25_13-1
Added Pin To Net: NetName=+BalanceCommand_13 Pin=C25_13-2
Added Pin To Net: NetName=+BalanceCommand_13 Pin=C25_14-1
Added Pin To Net: NetName=+BalanceCommand_14 Pin=C25_14-2
Added Pin To Net: NetName=+BalanceCommand_14 Pin=C25_15-1
Added Pin To Net: NetName=+BalanceCommand_15 Pin=C25_15-2
Added Pin To Net: NetName=+BalanceCommand_15 Pin=C25_16-1
Added Pin To Net: NetName=+BalanceCommand_16 Pin=C25_16-2
Added Pin To Net: NetName=NetD6_1_1 Pin=D6_1-1
Added Pin To Net: NetName=12V Pin=D6_1-2
Added Pin To Net: NetName=NetD6_2_1 Pin=D6_2-1
Added Pin To Net: NetName=12V Pin=D6_2-2
Added Pin To Net: NetName=12V Pin=FN1_1-1
Added Pin To Net: NetName=NetD6_1_1 Pin=FN1_1-2
Added Pin To Net: NetName=12V Pin=FN1_2-1
Added Pin To Net: NetName=NetD6_2_1 Pin=FN1_2-2
Added Pin To Net: NetName=NetQ2_1_1 Pin=Q2_1-1
Added Pin To Net: NetName=-Cell_1 Pin=Q2_1-2
Added Pin To Net: NetName=NetQ2_1_3 Pin=Q2_1-3
Added Pin To Net: NetName=NetQ2_2_1 Pin=Q2_2-1
Added Pin To Net: NetName=+Cell_1 Pin=Q2_2-2
Added Pin To Net: NetName=NetQ2_2_3 Pin=Q2_2-3
Added Pin To Net: NetName=NetQ2_3_1 Pin=Q2_3-1
Added Pin To Net: NetName=+Cell_2 Pin=Q2_3-2
Added Pin To Net: NetName=NetQ2_3_3 Pin=Q2_3-3
Added Pin To Net: NetName=NetQ2_4_1 Pin=Q2_4-1
Added Pin To Net: NetName=+Cell_3 Pin=Q2_4-2
Added Pin To Net: NetName=NetQ2_4_3 Pin=Q2_4-3
Added Pin To Net: NetName=NetQ2_5_1 Pin=Q2_5-1
Added Pin To Net: NetName=+Cell_4 Pin=Q2_5-2
Added Pin To Net: NetName=NetQ2_5_3 Pin=Q2_5-3
Added Pin To Net: NetName=NetQ2_6_1 Pin=Q2_6-1
Added Pin To Net: NetName=+Cell_5 Pin=Q2_6-2
Added Pin To Net: NetName=NetQ2_6_3 Pin=Q2_6-3
Added Pin To Net: NetName=NetQ2_7_1 Pin=Q2_7-1
Added Pin To Net: NetName=+Cell_6 Pin=Q2_7-2
Added Pin To Net: NetName=NetQ2_7_3 Pin=Q2_7-3
Added Pin To Net: NetName=NetQ2_8_1 Pin=Q2_8-1
Added Pin To Net: NetName=+Cell_7 Pin=Q2_8-2
Added Pin To Net: NetName=NetQ2_8_3 Pin=Q2_8-3
Added Pin To Net: NetName=NetQ2_9_1 Pin=Q2_9-1
Added Pin To Net: NetName=+Cell_8 Pin=Q2_9-2
Added Pin To Net: NetName=NetQ2_9_3 Pin=Q2_9-3
Added Pin To Net: NetName=NetQ2_10_1 Pin=Q2_10-1
Added Pin To Net: NetName=+Cell_9 Pin=Q2_10-2
Added Pin To Net: NetName=NetQ2_10_3 Pin=Q2_10-3
Added Pin To Net: NetName=NetQ2_11_1 Pin=Q2_11-1
Added Pin To Net: NetName=+Cell_10 Pin=Q2_11-2
Added Pin To Net: NetName=NetQ2_11_3 Pin=Q2_11-3
Added Pin To Net: NetName=NetQ2_12_1 Pin=Q2_12-1
Added Pin To Net: NetName=+Cell_11 Pin=Q2_12-2
Added Pin To Net: NetName=NetQ2_12_3 Pin=Q2_12-3
Added Pin To Net: NetName=NetQ2_13_1 Pin=Q2_13-1
Added Pin To Net: NetName=+Cell_12 Pin=Q2_13-2
Added Pin To Net: NetName=NetQ2_13_3 Pin=Q2_13-3
Added Pin To Net: NetName=NetQ2_14_1 Pin=Q2_14-1
Added Pin To Net: NetName=+Cell_13 Pin=Q2_14-2
Added Pin To Net: NetName=NetQ2_14_3 Pin=Q2_14-3
Added Pin To Net: NetName=NetQ2_15_1 Pin=Q2_15-1
Added Pin To Net: NetName=+Cell_14 Pin=Q2_15-2
Added Pin To Net: NetName=NetQ2_15_3 Pin=Q2_15-3
Added Pin To Net: NetName=NetQ2_16_1 Pin=Q2_16-1
Added Pin To Net: NetName=+Cell_15 Pin=Q2_16-2
Added Pin To Net: NetName=NetQ2_16_3 Pin=Q2_16-3
Added Pin To Net: NetName=NetQ3_1 Pin=Q3-1
Added Pin To Net: NetName=NetCNT_2 Pin=Q3-2
Added Pin To Net: NetName=GND-ISO Pin=Q3-3
Added Pin To Net: NetName=NetQ5_1_1 Pin=Q5_1-1
Added Pin To Net: NetName=GND Pin=Q5_1-2
Added Pin To Net: NetName=NetQ5_1_3 Pin=Q5_1-3
Added Pin To Net: NetName=NetQ5_2_1 Pin=Q5_2-1
Added Pin To Net: NetName=GND Pin=Q5_2-2
Added Pin To Net: NetName=NetQ5_2_3 Pin=Q5_2-3
Added Pin To Net: NetName=NetQ6_1_1 Pin=Q6_1-1
Added Pin To Net: NetName=NetD6_1_1 Pin=Q6_1-2
Added Pin To Net: NetName=GND-ISO Pin=Q6_1-3
Added Pin To Net: NetName=NetQ6_2_1 Pin=Q6_2-1
Added Pin To Net: NetName=NetD6_2_1 Pin=Q6_2-2
Added Pin To Net: NetName=GND-ISO Pin=Q6_2-3
Added Pin To Net: NetName=+Cell_1 Pin=R40_1-1
Added Pin To Net: NetName=+BalanceCommand_1 Pin=R40_1-2
Added Pin To Net: NetName=+Cell_2 Pin=R40_2-1
Added Pin To Net: NetName=+BalanceCommand_2 Pin=R40_2-2
Added Pin To Net: NetName=+Cell_3 Pin=R40_3-1
Added Pin To Net: NetName=+BalanceCommand_3 Pin=R40_3-2
Added Pin To Net: NetName=+Cell_4 Pin=R40_4-1
Added Pin To Net: NetName=+BalanceCommand_4 Pin=R40_4-2
Added Pin To Net: NetName=+Cell_5 Pin=R40_5-1
Added Pin To Net: NetName=+BalanceCommand_5 Pin=R40_5-2
Added Pin To Net: NetName=+Cell_6 Pin=R40_6-1
Added Pin To Net: NetName=+BalanceCommand_6 Pin=R40_6-2
Added Pin To Net: NetName=+Cell_7 Pin=R40_7-1
Added Pin To Net: NetName=+BalanceCommand_7 Pin=R40_7-2
Added Pin To Net: NetName=+Cell_8 Pin=R40_8-1
Added Pin To Net: NetName=+BalanceCommand_8 Pin=R40_8-2
Added Pin To Net: NetName=+Cell_9 Pin=R40_9-1
Added Pin To Net: NetName=+BalanceCommand_9 Pin=R40_9-2
Added Pin To Net: NetName=+Cell_10 Pin=R40_10-1
Added Pin To Net: NetName=+BalanceCommand_10 Pin=R40_10-2
Added Pin To Net: NetName=+Cell_11 Pin=R40_11-1
Added Pin To Net: NetName=+BalanceCommand_11 Pin=R40_11-2
Added Pin To Net: NetName=+Cell_12 Pin=R40_12-1
Added Pin To Net: NetName=+BalanceCommand_12 Pin=R40_12-2
Added Pin To Net: NetName=+Cell_13 Pin=R40_13-1
Added Pin To Net: NetName=+BalanceCommand_13 Pin=R40_13-2
Added Pin To Net: NetName=+Cell_14 Pin=R40_14-1
Added Pin To Net: NetName=+BalanceCommand_14 Pin=R40_14-2
Added Pin To Net: NetName=+Cell_15 Pin=R40_15-1
Added Pin To Net: NetName=+BalanceCommand_15 Pin=R40_15-2
Added Pin To Net: NetName=+Cell_16 Pin=R40_16-1
Added Pin To Net: NetName=+BalanceCommand_16 Pin=R40_16-2
Added Pin To Net: NetName=NetR41_1_1 Pin=R41_1-1
Added Pin To Net: NetName=NetQ2_1_3 Pin=R41_1-2
Added Pin To Net: NetName=NetR41_2_1 Pin=R41_2-1
Added Pin To Net: NetName=NetQ2_2_3 Pin=R41_2-2
Added Pin To Net: NetName=NetR41_3_1 Pin=R41_3-1
Added Pin To Net: NetName=NetQ2_3_3 Pin=R41_3-2
Added Pin To Net: NetName=NetR41_4_1 Pin=R41_4-1
Added Pin To Net: NetName=NetQ2_4_3 Pin=R41_4-2
Added Pin To Net: NetName=NetR41_5_1 Pin=R41_5-1
Added Pin To Net: NetName=NetQ2_5_3 Pin=R41_5-2
Added Pin To Net: NetName=NetR41_6_1 Pin=R41_6-1
Added Pin To Net: NetName=NetQ2_6_3 Pin=R41_6-2
Added Pin To Net: NetName=NetR41_7_1 Pin=R41_7-1
Added Pin To Net: NetName=NetQ2_7_3 Pin=R41_7-2
Added Pin To Net: NetName=NetR41_8_1 Pin=R41_8-1
Added Pin To Net: NetName=NetQ2_8_3 Pin=R41_8-2
Added Pin To Net: NetName=NetR41_9_1 Pin=R41_9-1
Added Pin To Net: NetName=NetQ2_9_3 Pin=R41_9-2
Added Pin To Net: NetName=NetR41_10_1 Pin=R41_10-1
Added Pin To Net: NetName=NetQ2_10_3 Pin=R41_10-2
Added Pin To Net: NetName=NetR41_11_1 Pin=R41_11-1
Added Pin To Net: NetName=NetQ2_11_3 Pin=R41_11-2
Added Pin To Net: NetName=NetR41_12_1 Pin=R41_12-1
Added Pin To Net: NetName=NetQ2_12_3 Pin=R41_12-2
Added Pin To Net: NetName=NetR41_13_1 Pin=R41_13-1
Added Pin To Net: NetName=NetQ2_13_3 Pin=R41_13-2
Added Pin To Net: NetName=NetR41_14_1 Pin=R41_14-1
Added Pin To Net: NetName=NetQ2_14_3 Pin=R41_14-2
Added Pin To Net: NetName=NetR41_15_1 Pin=R41_15-1
Added Pin To Net: NetName=NetQ2_15_3 Pin=R41_15-2
Added Pin To Net: NetName=NetR41_16_1 Pin=R41_16-1
Added Pin To Net: NetName=NetQ2_16_3 Pin=R41_16-2
Added Pin To Net: NetName=NetR42_1_1 Pin=R42_1-1
Added Pin To Net: NetName=NetQ2_1_3 Pin=R42_1-2
Added Pin To Net: NetName=NetR42_2_1 Pin=R42_2-1
Added Pin To Net: NetName=NetQ2_2_3 Pin=R42_2-2
Added Pin To Net: NetName=NetR42_3_1 Pin=R42_3-1
Added Pin To Net: NetName=NetQ2_3_3 Pin=R42_3-2
Added Pin To Net: NetName=NetR42_4_1 Pin=R42_4-1
Added Pin To Net: NetName=NetQ2_4_3 Pin=R42_4-2
Added Pin To Net: NetName=NetR42_5_1 Pin=R42_5-1
Added Pin To Net: NetName=NetQ2_5_3 Pin=R42_5-2
Added Pin To Net: NetName=NetR42_6_1 Pin=R42_6-1
Added Pin To Net: NetName=NetQ2_6_3 Pin=R42_6-2
Added Pin To Net: NetName=NetR42_7_1 Pin=R42_7-1
Added Pin To Net: NetName=NetQ2_7_3 Pin=R42_7-2
Added Pin To Net: NetName=NetR42_8_1 Pin=R42_8-1
Added Pin To Net: NetName=NetQ2_8_3 Pin=R42_8-2
Added Pin To Net: NetName=NetR42_9_1 Pin=R42_9-1
Added Pin To Net: NetName=NetQ2_9_3 Pin=R42_9-2
Added Pin To Net: NetName=NetR42_10_1 Pin=R42_10-1
Added Pin To Net: NetName=NetQ2_10_3 Pin=R42_10-2
Added Pin To Net: NetName=NetR42_11_1 Pin=R42_11-1
Added Pin To Net: NetName=NetQ2_11_3 Pin=R42_11-2
Added Pin To Net: NetName=NetR42_12_1 Pin=R42_12-1
Added Pin To Net: NetName=NetQ2_12_3 Pin=R42_12-2
Added Pin To Net: NetName=NetR42_13_1 Pin=R42_13-1
Added Pin To Net: NetName=NetQ2_13_3 Pin=R42_13-2
Added Pin To Net: NetName=NetR42_14_1 Pin=R42_14-1
Added Pin To Net: NetName=NetQ2_14_3 Pin=R42_14-2
Added Pin To Net: NetName=NetR42_15_1 Pin=R42_15-1
Added Pin To Net: NetName=NetQ2_15_3 Pin=R42_15-2
Added Pin To Net: NetName=NetR42_16_1 Pin=R42_16-1
Added Pin To Net: NetName=NetQ2_16_3 Pin=R42_16-2
Added Pin To Net: NetName=+Cell_1 Pin=R43_1-1
Added Pin To Net: NetName=NetR41_1_1 Pin=R43_1-2
Added Pin To Net: NetName=+Cell_2 Pin=R43_2-1
Added Pin To Net: NetName=NetR41_2_1 Pin=R43_2-2
Added Pin To Net: NetName=+Cell_3 Pin=R43_3-1
Added Pin To Net: NetName=NetR41_3_1 Pin=R43_3-2
Added Pin To Net: NetName=+Cell_4 Pin=R43_4-1
Added Pin To Net: NetName=NetR41_4_1 Pin=R43_4-2
Added Pin To Net: NetName=+Cell_5 Pin=R43_5-1
Added Pin To Net: NetName=NetR41_5_1 Pin=R43_5-2
Added Pin To Net: NetName=+Cell_6 Pin=R43_6-1
Added Pin To Net: NetName=NetR41_6_1 Pin=R43_6-2
Added Pin To Net: NetName=+Cell_7 Pin=R43_7-1
Added Pin To Net: NetName=NetR41_7_1 Pin=R43_7-2
Added Pin To Net: NetName=+Cell_8 Pin=R43_8-1
Added Pin To Net: NetName=NetR41_8_1 Pin=R43_8-2
Added Pin To Net: NetName=+Cell_9 Pin=R43_9-1
Added Pin To Net: NetName=NetR41_9_1 Pin=R43_9-2
Added Pin To Net: NetName=+Cell_10 Pin=R43_10-1
Added Pin To Net: NetName=NetR41_10_1 Pin=R43_10-2
Added Pin To Net: NetName=+Cell_11 Pin=R43_11-1
Added Pin To Net: NetName=NetR41_11_1 Pin=R43_11-2
Added Pin To Net: NetName=+Cell_12 Pin=R43_12-1
Added Pin To Net: NetName=NetR41_12_1 Pin=R43_12-2
Added Pin To Net: NetName=+Cell_13 Pin=R43_13-1
Added Pin To Net: NetName=NetR41_13_1 Pin=R43_13-2
Added Pin To Net: NetName=+Cell_14 Pin=R43_14-1
Added Pin To Net: NetName=NetR41_14_1 Pin=R43_14-2
Added Pin To Net: NetName=+Cell_15 Pin=R43_15-1
Added Pin To Net: NetName=NetR41_15_1 Pin=R43_15-2
Added Pin To Net: NetName=+Cell_16 Pin=R43_16-1
Added Pin To Net: NetName=NetR41_16_1 Pin=R43_16-2
Added Pin To Net: NetName=+Cell_1 Pin=R44_1-1
Added Pin To Net: NetName=NetR42_1_1 Pin=R44_1-2
Added Pin To Net: NetName=+Cell_2 Pin=R44_2-1
Added Pin To Net: NetName=NetR42_2_1 Pin=R44_2-2
Added Pin To Net: NetName=+Cell_3 Pin=R44_3-1
Added Pin To Net: NetName=NetR42_3_1 Pin=R44_3-2
Added Pin To Net: NetName=+Cell_4 Pin=R44_4-1
Added Pin To Net: NetName=NetR42_4_1 Pin=R44_4-2
Added Pin To Net: NetName=+Cell_5 Pin=R44_5-1
Added Pin To Net: NetName=NetR42_5_1 Pin=R44_5-2
Added Pin To Net: NetName=+Cell_6 Pin=R44_6-1
Added Pin To Net: NetName=NetR42_6_1 Pin=R44_6-2
Added Pin To Net: NetName=+Cell_7 Pin=R44_7-1
Added Pin To Net: NetName=NetR42_7_1 Pin=R44_7-2
Added Pin To Net: NetName=+Cell_8 Pin=R44_8-1
Added Pin To Net: NetName=NetR42_8_1 Pin=R44_8-2
Added Pin To Net: NetName=+Cell_9 Pin=R44_9-1
Added Pin To Net: NetName=NetR42_9_1 Pin=R44_9-2
Added Pin To Net: NetName=+Cell_10 Pin=R44_10-1
Added Pin To Net: NetName=NetR42_10_1 Pin=R44_10-2
Added Pin To Net: NetName=+Cell_11 Pin=R44_11-1
Added Pin To Net: NetName=NetR42_11_1 Pin=R44_11-2
Added Pin To Net: NetName=+Cell_12 Pin=R44_12-1
Added Pin To Net: NetName=NetR42_12_1 Pin=R44_12-2
Added Pin To Net: NetName=+Cell_13 Pin=R44_13-1
Added Pin To Net: NetName=NetR42_13_1 Pin=R44_13-2
Added Pin To Net: NetName=+Cell_14 Pin=R44_14-1
Added Pin To Net: NetName=NetR42_14_1 Pin=R44_14-2
Added Pin To Net: NetName=+Cell_15 Pin=R44_15-1
Added Pin To Net: NetName=NetR42_15_1 Pin=R44_15-2
Added Pin To Net: NetName=+Cell_16 Pin=R44_16-1
Added Pin To Net: NetName=NetR42_16_1 Pin=R44_16-2
Added Pin To Net: NetName=NetQ2_1_1 Pin=R45_1-1
Added Pin To Net: NetName=-BalanceCommand_1 Pin=R45_1-2
Added Pin To Net: NetName=NetQ2_2_1 Pin=R45_2-1
Added Pin To Net: NetName=+BalanceCommand_1 Pin=R45_2-2
Added Pin To Net: NetName=NetQ2_3_1 Pin=R45_3-1
Added Pin To Net: NetName=+BalanceCommand_2 Pin=R45_3-2
Added Pin To Net: NetName=NetQ2_4_1 Pin=R45_4-1
Added Pin To Net: NetName=+BalanceCommand_3 Pin=R45_4-2
Added Pin To Net: NetName=NetQ2_5_1 Pin=R45_5-1
Added Pin To Net: NetName=+BalanceCommand_4 Pin=R45_5-2
Added Pin To Net: NetName=NetQ2_6_1 Pin=R45_6-1
Added Pin To Net: NetName=+BalanceCommand_5 Pin=R45_6-2
Added Pin To Net: NetName=NetQ2_7_1 Pin=R45_7-1
Added Pin To Net: NetName=+BalanceCommand_6 Pin=R45_7-2
Added Pin To Net: NetName=NetQ2_8_1 Pin=R45_8-1
Added Pin To Net: NetName=+BalanceCommand_7 Pin=R45_8-2
Added Pin To Net: NetName=NetQ2_9_1 Pin=R45_9-1
Added Pin To Net: NetName=+BalanceCommand_8 Pin=R45_9-2
Added Pin To Net: NetName=NetQ2_10_1 Pin=R45_10-1
Added Pin To Net: NetName=+BalanceCommand_9 Pin=R45_10-2
Added Pin To Net: NetName=NetQ2_11_1 Pin=R45_11-1
Added Pin To Net: NetName=+BalanceCommand_10 Pin=R45_11-2
Added Pin To Net: NetName=NetQ2_12_1 Pin=R45_12-1
Added Pin To Net: NetName=+BalanceCommand_11 Pin=R45_12-2
Added Pin To Net: NetName=NetQ2_13_1 Pin=R45_13-1
Added Pin To Net: NetName=+BalanceCommand_12 Pin=R45_13-2
Added Pin To Net: NetName=NetQ2_14_1 Pin=R45_14-1
Added Pin To Net: NetName=+BalanceCommand_13 Pin=R45_14-2
Added Pin To Net: NetName=NetQ2_15_1 Pin=R45_15-1
Added Pin To Net: NetName=+BalanceCommand_14 Pin=R45_15-2
Added Pin To Net: NetName=NetQ2_16_1 Pin=R45_16-1
Added Pin To Net: NetName=+BalanceCommand_15 Pin=R45_16-2
Added Pin To Net: NetName=-Cell_1 Pin=R46_1-1
Added Pin To Net: NetName=NetQ2_1_1 Pin=R46_1-2
Added Pin To Net: NetName=+Cell_1 Pin=R46_2-1
Added Pin To Net: NetName=NetQ2_2_1 Pin=R46_2-2
Added Pin To Net: NetName=+Cell_2 Pin=R46_3-1
Added Pin To Net: NetName=NetQ2_3_1 Pin=R46_3-2
Added Pin To Net: NetName=+Cell_3 Pin=R46_4-1
Added Pin To Net: NetName=NetQ2_4_1 Pin=R46_4-2
Added Pin To Net: NetName=+Cell_4 Pin=R46_5-1
Added Pin To Net: NetName=NetQ2_5_1 Pin=R46_5-2
Added Pin To Net: NetName=+Cell_5 Pin=R46_6-1
Added Pin To Net: NetName=NetQ2_6_1 Pin=R46_6-2
Added Pin To Net: NetName=+Cell_6 Pin=R46_7-1
Added Pin To Net: NetName=NetQ2_7_1 Pin=R46_7-2
Added Pin To Net: NetName=+Cell_7 Pin=R46_8-1
Added Pin To Net: NetName=NetQ2_8_1 Pin=R46_8-2
Added Pin To Net: NetName=+Cell_8 Pin=R46_9-1
Added Pin To Net: NetName=NetQ2_9_1 Pin=R46_9-2
Added Pin To Net: NetName=+Cell_9 Pin=R46_10-1
Added Pin To Net: NetName=NetQ2_10_1 Pin=R46_10-2
Added Pin To Net: NetName=+Cell_10 Pin=R46_11-1
Added Pin To Net: NetName=NetQ2_11_1 Pin=R46_11-2
Added Pin To Net: NetName=+Cell_11 Pin=R46_12-1
Added Pin To Net: NetName=NetQ2_12_1 Pin=R46_12-2
Added Pin To Net: NetName=+Cell_12 Pin=R46_13-1
Added Pin To Net: NetName=NetQ2_13_1 Pin=R46_13-2
Added Pin To Net: NetName=+Cell_13 Pin=R46_14-1
Added Pin To Net: NetName=NetQ2_14_1 Pin=R46_14-2
Added Pin To Net: NetName=+Cell_14 Pin=R46_15-1
Added Pin To Net: NetName=NetQ2_15_1 Pin=R46_15-2
Added Pin To Net: NetName=+Cell_15 Pin=R46_16-1
Added Pin To Net: NetName=NetQ2_16_1 Pin=R46_16-2
Added Pin To Net: NetName=-Cell_1 Pin=R47_1-1
Added Pin To Net: NetName=-BalanceCommand_1 Pin=R47_1-2
Added Pin To Net: NetName=+Cell_1 Pin=R47_2-1
Added Pin To Net: NetName=+BalanceCommand_1 Pin=R47_2-2
Added Pin To Net: NetName=+Cell_2 Pin=R47_3-1
Added Pin To Net: NetName=+BalanceCommand_2 Pin=R47_3-2
Added Pin To Net: NetName=+Cell_3 Pin=R47_4-1
Added Pin To Net: NetName=+BalanceCommand_3 Pin=R47_4-2
Added Pin To Net: NetName=+Cell_4 Pin=R47_5-1
Added Pin To Net: NetName=+BalanceCommand_4 Pin=R47_5-2
Added Pin To Net: NetName=+Cell_5 Pin=R47_6-1
Added Pin To Net: NetName=+BalanceCommand_5 Pin=R47_6-2
Added Pin To Net: NetName=+Cell_6 Pin=R47_7-1
Added Pin To Net: NetName=+BalanceCommand_6 Pin=R47_7-2
Added Pin To Net: NetName=+Cell_7 Pin=R47_8-1
Added Pin To Net: NetName=+BalanceCommand_7 Pin=R47_8-2
Added Pin To Net: NetName=+Cell_8 Pin=R47_9-1
Added Pin To Net: NetName=+BalanceCommand_8 Pin=R47_9-2
Added Pin To Net: NetName=+Cell_9 Pin=R47_10-1
Added Pin To Net: NetName=+BalanceCommand_9 Pin=R47_10-2
Added Pin To Net: NetName=+Cell_10 Pin=R47_11-1
Added Pin To Net: NetName=+BalanceCommand_10 Pin=R47_11-2
Added Pin To Net: NetName=+Cell_11 Pin=R47_12-1
Added Pin To Net: NetName=+BalanceCommand_11 Pin=R47_12-2
Added Pin To Net: NetName=+Cell_12 Pin=R47_13-1
Added Pin To Net: NetName=+BalanceCommand_12 Pin=R47_13-2
Added Pin To Net: NetName=+Cell_13 Pin=R47_14-1
Added Pin To Net: NetName=+BalanceCommand_13 Pin=R47_14-2
Added Pin To Net: NetName=+Cell_14 Pin=R47_15-1
Added Pin To Net: NetName=+BalanceCommand_14 Pin=R47_15-2
Added Pin To Net: NetName=+Cell_15 Pin=R47_16-1
Added Pin To Net: NetName=+BalanceCommand_15 Pin=R47_16-2
Added Pin To Net: NetName=12V Pin=R57_1-1
Added Pin To Net: NetName=NetQ6_1_1 Pin=R57_1-2
Added Pin To Net: NetName=12V Pin=R57_2-1
Added Pin To Net: NetName=NetQ6_2_1 Pin=R57_2-2
Added Pin To Net: NetName=NetR58_1_1 Pin=R58_1-1
Added Pin To Net: NetName=3.3V Pin=R58_1-2
Added Pin To Net: NetName=NetR58_2_1 Pin=R58_2-1
Added Pin To Net: NetName=3.3V Pin=R58_2-2
Added Pin To Net: NetName=NetR59_1_1 Pin=R59_1-1
Added Pin To Net: NetName=NetQ6_1_1 Pin=R59_1-2
Added Pin To Net: NetName=NetR59_2_1 Pin=R59_2-1
Added Pin To Net: NetName=NetQ6_2_1 Pin=R59_2-2
Added Pin To Net: NetName=NetQ5_1_1 Pin=R61_1-1
Added Pin To Net: NetName=FAN_PWM_1 Pin=R61_1-2
Added Pin To Net: NetName=NetQ5_2_1 Pin=R61_2-1
Added Pin To Net: NetName=FAN_PWM_2 Pin=R61_2-2
Added Pin To Net: NetName=NetR58_1_1 Pin=U8_1-1
Added Pin To Net: NetName=NetQ5_1_3 Pin=U8_1-2
Added Pin To Net: NetName=GND-ISO Pin=U8_1-3
Added Pin To Net: NetName=NetR59_1_1 Pin=U8_1-4
Added Pin To Net: NetName=NetR58_2_1 Pin=U8_2-1
Added Pin To Net: NetName=NetQ5_2_3 Pin=U8_2-2
Added Pin To Net: NetName=GND-ISO Pin=U8_2-3
Added Pin To Net: NetName=NetR59_2_1 Pin=U8_2-4
Added Member To Class: ClassName=balancer1 Member=Component C25_1 (C25) 0.22µF
Added Member To Class: ClassName=balancer2 Member=Component C25_2 (C25) 0.22µF
Added Member To Class: ClassName=balancer3 Member=Component C25_3 (C25) 0.22µF
Added Member To Class: ClassName=balancer4 Member=Component C25_4 (C25) 0.22µF
Added Member To Class: ClassName=balancer5 Member=Component C25_5 (C25) 0.22µF
Added Member To Class: ClassName=balancer6 Member=Component C25_6 (C25) 0.22µF
Added Member To Class: ClassName=balancer7 Member=Component C25_7 (C25) 0.22µF
Added Member To Class: ClassName=balancer8 Member=Component C25_8 (C25) 0.22µF
Added Member To Class: ClassName=balancer9 Member=Component C25_9 (C25) 0.22µF
Added Member To Class: ClassName=balancer10 Member=Component C25_10 (C25) 0.22µF
Added Member To Class: ClassName=balancer11 Member=Component C25_11 (C25) 0.22µF
Added Member To Class: ClassName=balancer12 Member=Component C25_12 (C25) 0.22µF
Added Member To Class: ClassName=balancer13 Member=Component C25_13 (C25) 0.22µF
Added Member To Class: ClassName=balancer14 Member=Component C25_14 (C25) 0.22µF
Added Member To Class: ClassName=balancer15 Member=Component C25_15 (C25) 0.22µF
Added Member To Class: ClassName=balancer16 Member=Component C25_16 (C25) 0.22µF
Added Member To Class: ClassName=Fan1 Member=Component D6_1 (D6) SS36
Added Member To Class: ClassName=Fan2 Member=Component D6_2 (D6) SS36
Added Member To Class: ClassName=Fan1 Member=Component FN1_1 (FN1) fan
Added Member To Class: ClassName=Fan2 Member=Component FN1_2 (FN1) fan
Added Member To Class: ClassName=balancer1 Member=Component Q2_1 (Q2) 2SD882
Added Member To Class: ClassName=balancer2 Member=Component Q2_2 (Q2) 2SD882
Added Member To Class: ClassName=balancer3 Member=Component Q2_3 (Q2) 2SD882
Added Member To Class: ClassName=balancer4 Member=Component Q2_4 (Q2) 2SD882
Added Member To Class: ClassName=balancer5 Member=Component Q2_5 (Q2) 2SD882
Added Member To Class: ClassName=balancer6 Member=Component Q2_6 (Q2) 2SD882
Added Member To Class: ClassName=balancer7 Member=Component Q2_7 (Q2) 2SD882
Added Member To Class: ClassName=balancer8 Member=Component Q2_8 (Q2) 2SD882
Added Member To Class: ClassName=balancer9 Member=Component Q2_9 (Q2) 2SD882
Added Member To Class: ClassName=balancer10 Member=Component Q2_10 (Q2) 2SD882
Added Member To Class: ClassName=balancer11 Member=Component Q2_11 (Q2) 2SD882
Added Member To Class: ClassName=balancer12 Member=Component Q2_12 (Q2) 2SD882
Added Member To Class: ClassName=balancer13 Member=Component Q2_13 (Q2) 2SD882
Added Member To Class: ClassName=balancer14 Member=Component Q2_14 (Q2) 2SD882
Added Member To Class: ClassName=balancer15 Member=Component Q2_15 (Q2) 2SD882
Added Member To Class: ClassName=balancer16 Member=Component Q2_16 (Q2) 2SD882
Added Member To Class: ClassName=U_relay and contactor Member=Component Q3 NMOS-2
Added Member To Class: ClassName=Fan1 Member=Component Q5_1 (Q5) NPN transistor
Added Member To Class: ClassName=Fan2 Member=Component Q5_2 (Q5) NPN transistor
Added Member To Class: ClassName=Fan1 Member=Component Q6_1 (Q6) NMOS-2
Added Member To Class: ClassName=Fan2 Member=Component Q6_2 (Q6) NMOS-2
Added Member To Class: ClassName=U_BMS Member=Component R27 200
Added Member To Class: ClassName=balancer1 Member=Component R40_1 (R40) 100
Added Member To Class: ClassName=balancer2 Member=Component R40_2 (R40) 100
Added Member To Class: ClassName=balancer3 Member=Component R40_3 (R40) 100
Added Member To Class: ClassName=balancer4 Member=Component R40_4 (R40) 100
Added Member To Class: ClassName=balancer5 Member=Component R40_5 (R40) 100
Added Member To Class: ClassName=balancer6 Member=Component R40_6 (R40) 100
Added Member To Class: ClassName=balancer7 Member=Component R40_7 (R40) 100
Added Member To Class: ClassName=balancer8 Member=Component R40_8 (R40) 100
Added Member To Class: ClassName=balancer9 Member=Component R40_9 (R40) 100
Added Member To Class: ClassName=balancer10 Member=Component R40_10 (R40) 100
Added Member To Class: ClassName=balancer11 Member=Component R40_11 (R40) 100
Added Member To Class: ClassName=balancer12 Member=Component R40_12 (R40) 100
Added Member To Class: ClassName=balancer13 Member=Component R40_13 (R40) 100
Added Member To Class: ClassName=balancer14 Member=Component R40_14 (R40) 100
Added Member To Class: ClassName=balancer15 Member=Component R40_15 (R40) 100
Added Member To Class: ClassName=balancer16 Member=Component R40_16 (R40) 100
Added Member To Class: ClassName=balancer1 Member=Component R41_1 (R41) 3.3
Added Member To Class: ClassName=balancer2 Member=Component R41_2 (R41) 3.3
Added Member To Class: ClassName=balancer3 Member=Component R41_3 (R41) 3.3
Added Member To Class: ClassName=balancer4 Member=Component R41_4 (R41) 3.3
Added Member To Class: ClassName=balancer5 Member=Component R41_5 (R41) 3.3
Added Member To Class: ClassName=balancer6 Member=Component R41_6 (R41) 3.3
Added Member To Class: ClassName=balancer7 Member=Component R41_7 (R41) 3.3
Added Member To Class: ClassName=balancer8 Member=Component R41_8 (R41) 3.3
Added Member To Class: ClassName=balancer9 Member=Component R41_9 (R41) 3.3
Added Member To Class: ClassName=balancer10 Member=Component R41_10 (R41) 3.3
Added Member To Class: ClassName=balancer11 Member=Component R41_11 (R41) 3.3
Added Member To Class: ClassName=balancer12 Member=Component R41_12 (R41) 3.3
Added Member To Class: ClassName=balancer13 Member=Component R41_13 (R41) 3.3
Added Member To Class: ClassName=balancer14 Member=Component R41_14 (R41) 3.3
Added Member To Class: ClassName=balancer15 Member=Component R41_15 (R41) 3.3
Added Member To Class: ClassName=balancer16 Member=Component R41_16 (R41) 3.3
Added Member To Class: ClassName=balancer1 Member=Component R42_1 (R42) 3.3
Added Member To Class: ClassName=balancer2 Member=Component R42_2 (R42) 3.3
Added Member To Class: ClassName=balancer3 Member=Component R42_3 (R42) 3.3
Added Member To Class: ClassName=balancer4 Member=Component R42_4 (R42) 3.3
Added Member To Class: ClassName=balancer5 Member=Component R42_5 (R42) 3.3
Added Member To Class: ClassName=balancer6 Member=Component R42_6 (R42) 3.3
Added Member To Class: ClassName=balancer7 Member=Component R42_7 (R42) 3.3
Added Member To Class: ClassName=balancer8 Member=Component R42_8 (R42) 3.3
Added Member To Class: ClassName=balancer9 Member=Component R42_9 (R42) 3.3
Added Member To Class: ClassName=balancer10 Member=Component R42_10 (R42) 3.3
Added Member To Class: ClassName=balancer11 Member=Component R42_11 (R42) 3.3
Added Member To Class: ClassName=balancer12 Member=Component R42_12 (R42) 3.3
Added Member To Class: ClassName=balancer13 Member=Component R42_13 (R42) 3.3
Added Member To Class: ClassName=balancer14 Member=Component R42_14 (R42) 3.3
Added Member To Class: ClassName=balancer15 Member=Component R42_15 (R42) 3.3
Added Member To Class: ClassName=balancer16 Member=Component R42_16 (R42) 3.3
Added Member To Class: ClassName=balancer1 Member=Component R43_1 (R43) 3.3
Added Member To Class: ClassName=balancer2 Member=Component R43_2 (R43) 3.3
Added Member To Class: ClassName=balancer3 Member=Component R43_3 (R43) 3.3
Added Member To Class: ClassName=balancer4 Member=Component R43_4 (R43) 3.3
Added Member To Class: ClassName=balancer5 Member=Component R43_5 (R43) 3.3
Added Member To Class: ClassName=balancer6 Member=Component R43_6 (R43) 3.3
Added Member To Class: ClassName=balancer7 Member=Component R43_7 (R43) 3.3
Added Member To Class: ClassName=balancer8 Member=Component R43_8 (R43) 3.3
Added Member To Class: ClassName=balancer9 Member=Component R43_9 (R43) 3.3
Added Member To Class: ClassName=balancer10 Member=Component R43_10 (R43) 3.3
Added Member To Class: ClassName=balancer11 Member=Component R43_11 (R43) 3.3
Added Member To Class: ClassName=balancer12 Member=Component R43_12 (R43) 3.3
Added Member To Class: ClassName=balancer13 Member=Component R43_13 (R43) 3.3
Added Member To Class: ClassName=balancer14 Member=Component R43_14 (R43) 3.3
Added Member To Class: ClassName=balancer15 Member=Component R43_15 (R43) 3.3
Added Member To Class: ClassName=balancer16 Member=Component R43_16 (R43) 3.3
Added Member To Class: ClassName=balancer1 Member=Component R44_1 (R44) 3.3
Added Member To Class: ClassName=balancer2 Member=Component R44_2 (R44) 3.3
Added Member To Class: ClassName=balancer3 Member=Component R44_3 (R44) 3.3
Added Member To Class: ClassName=balancer4 Member=Component R44_4 (R44) 3.3
Added Member To Class: ClassName=balancer5 Member=Component R44_5 (R44) 3.3
Added Member To Class: ClassName=balancer6 Member=Component R44_6 (R44) 3.3
Added Member To Class: ClassName=balancer7 Member=Component R44_7 (R44) 3.3
Added Member To Class: ClassName=balancer8 Member=Component R44_8 (R44) 3.3
Added Member To Class: ClassName=balancer9 Member=Component R44_9 (R44) 3.3
Added Member To Class: ClassName=balancer10 Member=Component R44_10 (R44) 3.3
Added Member To Class: ClassName=balancer11 Member=Component R44_11 (R44) 3.3
Added Member To Class: ClassName=balancer12 Member=Component R44_12 (R44) 3.3
Added Member To Class: ClassName=balancer13 Member=Component R44_13 (R44) 3.3
Added Member To Class: ClassName=balancer14 Member=Component R44_14 (R44) 3.3
Added Member To Class: ClassName=balancer15 Member=Component R44_15 (R44) 3.3
Added Member To Class: ClassName=balancer16 Member=Component R44_16 (R44) 3.3
Added Member To Class: ClassName=balancer1 Member=Component R45_1 (R45) 300
Added Member To Class: ClassName=balancer2 Member=Component R45_2 (R45) 300
Added Member To Class: ClassName=balancer3 Member=Component R45_3 (R45) 300
Added Member To Class: ClassName=balancer4 Member=Component R45_4 (R45) 300
Added Member To Class: ClassName=balancer5 Member=Component R45_5 (R45) 300
Added Member To Class: ClassName=balancer6 Member=Component R45_6 (R45) 300
Added Member To Class: ClassName=balancer7 Member=Component R45_7 (R45) 300
Added Member To Class: ClassName=balancer8 Member=Component R45_8 (R45) 300
Added Member To Class: ClassName=balancer9 Member=Component R45_9 (R45) 300
Added Member To Class: ClassName=balancer10 Member=Component R45_10 (R45) 300
Added Member To Class: ClassName=balancer11 Member=Component R45_11 (R45) 300
Added Member To Class: ClassName=balancer12 Member=Component R45_12 (R45) 300
Added Member To Class: ClassName=balancer13 Member=Component R45_13 (R45) 300
Added Member To Class: ClassName=balancer14 Member=Component R45_14 (R45) 300
Added Member To Class: ClassName=balancer15 Member=Component R45_15 (R45) 300
Added Member To Class: ClassName=balancer16 Member=Component R45_16 (R45) 300
Added Member To Class: ClassName=balancer1 Member=Component R46_1 (R46) 200
Added Member To Class: ClassName=balancer2 Member=Component R46_2 (R46) 200
Added Member To Class: ClassName=balancer3 Member=Component R46_3 (R46) 200
Added Member To Class: ClassName=balancer4 Member=Component R46_4 (R46) 200
Added Member To Class: ClassName=balancer5 Member=Component R46_5 (R46) 200
Added Member To Class: ClassName=balancer6 Member=Component R46_6 (R46) 200
Added Member To Class: ClassName=balancer7 Member=Component R46_7 (R46) 200
Added Member To Class: ClassName=balancer8 Member=Component R46_8 (R46) 200
Added Member To Class: ClassName=balancer9 Member=Component R46_9 (R46) 200
Added Member To Class: ClassName=balancer10 Member=Component R46_10 (R46) 200
Added Member To Class: ClassName=balancer11 Member=Component R46_11 (R46) 200
Added Member To Class: ClassName=balancer12 Member=Component R46_12 (R46) 200
Added Member To Class: ClassName=balancer13 Member=Component R46_13 (R46) 200
Added Member To Class: ClassName=balancer14 Member=Component R46_14 (R46) 200
Added Member To Class: ClassName=balancer15 Member=Component R46_15 (R46) 200
Added Member To Class: ClassName=balancer16 Member=Component R46_16 (R46) 200
Added Member To Class: ClassName=balancer1 Member=Component R47_1 (R47) 100
Added Member To Class: ClassName=balancer2 Member=Component R47_2 (R47) 100
Added Member To Class: ClassName=balancer3 Member=Component R47_3 (R47) 100
Added Member To Class: ClassName=balancer4 Member=Component R47_4 (R47) 100
Added Member To Class: ClassName=balancer5 Member=Component R47_5 (R47) 100
Added Member To Class: ClassName=balancer6 Member=Component R47_6 (R47) 100
Added Member To Class: ClassName=balancer7 Member=Component R47_7 (R47) 100
Added Member To Class: ClassName=balancer8 Member=Component R47_8 (R47) 100
Added Member To Class: ClassName=balancer9 Member=Component R47_9 (R47) 100
Added Member To Class: ClassName=balancer10 Member=Component R47_10 (R47) 100
Added Member To Class: ClassName=balancer11 Member=Component R47_11 (R47) 100
Added Member To Class: ClassName=balancer12 Member=Component R47_12 (R47) 100
Added Member To Class: ClassName=balancer13 Member=Component R47_13 (R47) 100
Added Member To Class: ClassName=balancer14 Member=Component R47_14 (R47) 100
Added Member To Class: ClassName=balancer15 Member=Component R47_15 (R47) 100
Added Member To Class: ClassName=balancer16 Member=Component R47_16 (R47) 100
Added Member To Class: ClassName=U_Communication Member=Component R50 60
Added Member To Class: ClassName=Fan1 Member=Component R57_1 (R57) 10K
Added Member To Class: ClassName=Fan2 Member=Component R57_2 (R57) 10K
Added Member To Class: ClassName=Fan1 Member=Component R58_1 (R58) 220
Added Member To Class: ClassName=Fan2 Member=Component R58_2 (R58) 220
Added Member To Class: ClassName=Fan1 Member=Component R59_1 (R59) 10
Added Member To Class: ClassName=Fan2 Member=Component R59_2 (R59) 10
Added Member To Class: ClassName=Fan1 Member=Component R61_1 (R61) 10K
Added Member To Class: ClassName=Fan2 Member=Component R61_2 (R61) 10K
Added Member To Class: ClassName=Fan1 Member=Component U8_1 (U8) PC817
Added Member To Class: ClassName=Fan2 Member=Component U8_2 (U8) PC817
Added Room: Name=balancer1
Added Room: Name=balancer2
Added Room: Name=balancer3
Added Room: Name=balancer4
Added Room: Name=balancer5
Added Room: Name=balancer6
Added Room: Name=balancer7
Added Room: Name=balancer8
Added Room: Name=balancer9
Added Room: Name=balancer10
Added Room: Name=balancer11
Added Room: Name=balancer12
Added Room: Name=balancer13
Added Room: Name=balancer14
Added Room: Name=balancer15
Added Room: Name=balancer16
